surface	norm	freq	text_count	pct_texts	texts	category
ჩემდა	ჩემდა	49	15	27.8	cyril-epiphany-homily|inventio-stephani-lucian|mrav-aghdgoma-kyrile|mrav-antipater-bostrensis-1|mrav-enkenia-2|mrav-john-baptist-decollatio-2|mrav-kharbeba-1|mrav-kharbeba-2|mrav-kharbeba-3|mrav-lazare|mrav-natlisgeba-1|mrav-shoba-athanasi|mrav-sinai-fathers-amonios|mrav-toma-chrysostom|proclus-hom-theotokos	REVIEW
ჯუარი	ჯუარი	44	14	25.9	mart-stepane|mrav-aghdgoma-kyrile|mrav-basili-1|mrav-basili-2|mrav-bzoba-severian|mrav-cross-vision|mrav-enkenia-1|mrav-epiphane-mary|mrav-exaltation-cross|mrav-lazare|mrav-martyrs-chrysostom-2|mrav-nails-inventio|mrav-shoba-athanasi|mrav-sulthmofenoba-1	REVIEW
წმიდათა	წმიდათა	40	13	24.1	ephr-markhva|mrav-aghdgoma-kyrile|mrav-aghdgoma-meletios|mrav-bzoba-iohannes|mrav-bzoba-severian|mrav-colophon-makari|mrav-cross-vision|mrav-departed-ephrem|mrav-forty-martyrs|mrav-natlisgeba-1|mrav-sinai-fathers-amonios|mrav-toma-chrysostom|proclus-hom-theotokos	REVIEW
კურთხეულ	კურთხეულ	40	12	22.2	inventio-stephani-lucian|mrav-antipater-bostrensis-1|mrav-bzoba-iohannes|mrav-bzoba-severian|mrav-dormition-1|mrav-dormition-2|mrav-kharbeba-2|mrav-kharbeba-3|mrav-lazare|mrav-sinai-fathers-amonios|mrav-timote-1|proclus-hom-theotokos	REVIEW
იშვა	იშვა	39	11	20.4	chrys-epiphany-homily|mart-stepane|mrav-aghdgoma-kyrile|mrav-antipater-bostrensis-1|mrav-dormition-1|mrav-epiphane-mary|mrav-kharbeba-2|mrav-kharbeba-3|mrav-shoba-athanasi|mrav-timote-1|proclus-hom-theotokos	REVIEW
ეკლესიაჲ	ეკლესიაი	35	12	22.2	chrys-epiphany-homily|mrav-aghdgoma-kyrile|mrav-basili-1|mrav-cross-vision|mrav-enkenia-1|mrav-enkenia-2|mrav-epiphane-mary|mrav-feristsvaleba|mrav-lazare|mrav-martyrs-chrysostom-3|mrav-sinai-fathers-amonios|mrav-timote-1	REVIEW
მათთა	მათთა	35	14	25.9	cyril-epiphany-homily|mrav-antipater-bostrensis-1|mrav-bzoba-iohannes|mrav-bzoba-meletios|mrav-bzoba-severian|mrav-enkenia-1|mrav-forty-martyrs|mrav-john-baptist-decollatio-2|mrav-kharbeba-2|mrav-martyrs-chrysostom|mrav-martyrs-chrysostom-2|mrav-natlisgeba-1|mrav-sinai-fathers-amonios|mrav-sulthmofenoba-2	REVIEW
მასვე	მასვე	34	12	22.2	inventio-stephani-lucian|mart-stepane|mrav-aghdgoma-kyrile|mrav-aghdgoma-meletios|mrav-antipater-bostrensis-1|mrav-bzoba-severian|mrav-chrysostom-jonah|mrav-feristsvaleba|mrav-kharbeba-2|mrav-kharbeba-3|mrav-lazare|mrav-sinai-fathers-amonios	REVIEW
გნებავს	გნებავს	33	13	24.1	cyril-epiphany-homily|inventio-stephani-lucian|mart-stepane|mrav-aghdgoma-kyrile|mrav-chrysostom-jonah|mrav-cross-vision|mrav-enkenia-1|mrav-forty-martyrs|mrav-john-baptist-decollatio|mrav-lazare|mrav-paul-martyrdom|mrav-sinai-fathers-amonios|mrav-toma-chrysostom	REVIEW
ისმინე	ისმინე	28	15	27.8	mart-stepane|mrav-aghdgoma-kyrile|mrav-antipater-bostrensis-1|mrav-basili-2|mrav-bzoba-severian|mrav-chrysostom-jonah|mrav-cross-vision|mrav-departed-ephrem|mrav-enkenia-1|mrav-enkenia-2|mrav-kharbeba-1|mrav-lazare|mrav-natlisgeba-okropiri|mrav-sulthmofenoba-2|mrav-timote-1	REVIEW
რომლისაგან	რომლისაგან	27	13	24.1	mrav-aghdgoma-kyrile|mrav-dormition-1|mrav-dormition-2|mrav-enkenia-1|mrav-epiphane-mary|mrav-forty-martyrs|mrav-john-baptist-decollatio|mrav-john-baptist-decollatio-2|mrav-kharbeba-2|mrav-kharbeba-3|mrav-natlisgeba-1|mrav-shoba-athanasi|mrav-toma-chrysostom	REVIEW
ჰრწმენა	ჰრწმენა	26	15	27.8	inventio-stephani-lucian|mart-iaqob-up-dzma|mart-stepane|mrav-aghdgoma-kyrile|mrav-aghdgoma-meletios|mrav-antipater-bostrensis-1|mrav-basili-2|mrav-cross-vision|mrav-exaltation-cross|mrav-forty-martyrs|mrav-lazare|mrav-paul-martyrdom|mrav-shoba-athanasi|mrav-sinai-fathers-amonios|mrav-timote-1	REVIEW
ჩემ	ჩემ	26	12	22.2	inventio-stephani-lucian|mart-stepane|mrav-aghdgoma-kyrile|mrav-antipater-bostrensis-1|mrav-bzoba-iohannes|mrav-chrysostom-jonah|mrav-enkenia-1|mrav-john-baptist-decollatio-2|mrav-kharbeba-2|mrav-shoba-athanasi|mrav-sinai-fathers-amonios|mrav-timote-1	REVIEW
უბრძანა	უბრძანა	26	12	22.2	cyril-epiphany-homily|mart-stepane|mrav-amaghleba|mrav-basili-1|mrav-basili-2|mrav-chrysostom-jonah|mrav-cross-vision|mrav-john-baptist-decollatio|mrav-kharbeba-2|mrav-martyrs-chrysostom-3|mrav-paul-martyrdom|mrav-peter-martyrdom	REVIEW
ღეს	დღეს	26	7	13.0	chrys-epiphany-homily|mrav-bzoba-iohannes|mrav-dormition-2|mrav-feristsvaleba|mrav-kharbeba-1|mrav-shoba-athanasi|mrav-sulthmofenoba-1	REVIEW
დღისა	დღისა	25	11	20.4	mrav-aghdgoma-kyrile|mrav-basili-1|mrav-bzoba-iohannes|mrav-chrysostom-jonah|mrav-exaltation-cross|mrav-feristsvaleba|mrav-ioane-zosime|mrav-lazare|mrav-sinai-fathers-amonios|mrav-timote-1|mrav-toma-chrysostom	REVIEW
ძისა	ძისა	24	15	27.8	cyril-epiphany-homily|hesych-hypapante-01|mrav-aghdgoma-kyrile|mrav-bzoba-severian|mrav-cross-vision|mrav-dormition-1|mrav-feristsvaleba|mrav-john-baptist-decollatio|mrav-kharbeba-3|mrav-lazare|mrav-martyrs-chrysostom-2|mrav-nails-inventio|mrav-shoba-athanasi|mrav-sulthmofenoba-1|mrav-timote-1	REVIEW
ერსა	ერსა	24	13	24.1	ephr-markhva|mart-stepane|mrav-aghdgoma-meletios|mrav-bzoba-iohannes|mrav-bzoba-severian|mrav-cross-vision|mrav-feristsvaleba|mrav-forty-martyrs|mrav-martyrs-chrysostom|mrav-natlisgeba-okropiri|mrav-paul-martyrdom|mrav-peter-martyrdom|mrav-timote-1	REVIEW
უფლისაჲთა	უფლისაითა	24	7	13.0	mrav-bzoba-iohannes|mrav-bzoba-severian|mrav-dormition-2|mrav-enkenia-1|mrav-ioane-zosime|mrav-lazare|proclus-hom-theotokos	REVIEW
პოვა	პოვა	23	12	22.2	mrav-aghdgoma-kyrile|mrav-antipater-bostrensis-1|mrav-chrysostom-jonah|mrav-enkenia-1|mrav-enkenia-2|mrav-forty-martyrs|mrav-holymonday|mrav-kharbeba-2|mrav-lazare|mrav-paul-martyrdom|mrav-shoba-athanasi|mrav-sinai-fathers-amonios	REVIEW
თქუენდა	თქუენდა	23	10	18.5	mrav-aghdgoma-kyrile|mrav-aghdgoma-meletios|mrav-bzoba-iohannes|mrav-chrysostom-jonah|mrav-cross-vision|mrav-martyrs-chrysostom-3|mrav-paul-martyrdom|mrav-sinai-fathers-amonios|mrav-sulthmofenoba-2|mrav-toma-chrysostom	REVIEW
უფლისაჲ	უფლისაი	23	13	24.1	chrys-epiphany-homily|mart-iaqob-up-dzma|mart-stepane|mrav-aghdgoma-meletios|mrav-antipater-bostrensis-1|mrav-bzoba-iohannes|mrav-chrysostom-jonah|mrav-enkenia-1|mrav-exaltation-cross|mrav-lazare|mrav-natlisgeba-okropiri|mrav-new-sunday|mrav-timote-1	REVIEW
ძმანო	ძმანო	23	15	27.8	cyril-epiphany-homily|ephr-markhva|mrav-bzoba-iohannes|mrav-bzoba-severian|mrav-colophon-makari|mrav-departed-ephrem|mrav-dormition-1|mrav-dormition-2|mrav-exaltation-cross|mrav-martyrs-chrysostom|mrav-paul-martyrdom|mrav-sinai-fathers-amonios|mrav-sulthmofenoba-1|mrav-sulthmofenoba-2|proclus-hom-theotokos	REVIEW
მრქუა	მრქუა	23	7	13.0	cyril-epiphany-homily|inventio-stephani-lucian|mart-stepane|mrav-bzoba-severian|mrav-cross-vision|mrav-natlisgeba-1|proclus-hom-theotokos	REVIEW
ეტყჳს	ეტყვს	22	12	22.2	mrav-aghdgoma-kyrile|mrav-bzoba-severian|mrav-chrysostom-jonah|mrav-dormition-2|mrav-enkenia-2|mrav-feristsvaleba|mrav-john-baptist-decollatio|mrav-lazare|mrav-natlisgeba-1|mrav-sulthmofenoba-2|mrav-timote-1|mrav-toma-chrysostom	REVIEW
იტყჳან	იტყვან	22	10	18.5	mrav-aghdgoma-kyrile|mrav-bzoba-iohannes|mrav-bzoba-severian|mrav-cross-vision|mrav-departed-ephrem|mrav-dormition-2|mrav-epiphane-mary|mrav-feristsvaleba|mrav-shoba-athanasi|mrav-sinai-fathers-amonios	REVIEW
ჰრქუეს	ჰრქუეს	22	7	13.0	mrav-aghdgoma-kyrile|mrav-aghdgoma-meletios|mrav-basili-1|mrav-cross-vision|mrav-enkenia-2|mrav-paul-martyrdom|mrav-sinai-fathers-amonios	REVIEW
ნუცა	ნუცა	22	9	16.7	mrav-aghdgoma-kyrile|mrav-bzoba-severian|mrav-epiphane-mary|mrav-forty-martyrs|mrav-john-baptist-decollatio|mrav-kharbeba-2|mrav-natlisgeba-okropiri|mrav-sulthmofenoba-2|mrav-timote-1	REVIEW
უნდა	უნდა	22	13	24.1	inventio-stephani-lucian|mrav-aghdgoma-meletios|mrav-antipater-bostrensis-1|mrav-bzoba-severian|mrav-chrysostom-jonah|mrav-cross-vision|mrav-departed-ephrem|mrav-dormition-2|mrav-lazare|mrav-natlisgeba-1|mrav-shoba-athanasi|mrav-sinai-fathers-amonios|mrav-sulthmofenoba-1	REVIEW
სოფლისა	სოფლისა	22	12	22.2	cyril-epiphany-homily|mrav-antipater-bostrensis-1|mrav-bzoba-severian|mrav-departed-ephrem|mrav-dormition-2|mrav-enkenia-1|mrav-forty-martyrs|mrav-john-baptist-decollatio-2|mrav-kharbeba-2|mrav-natlisgeba-1|mrav-paul-martyrdom|mrav-sulthmofenoba-1	REVIEW
რომლითა	რომლითა	22	12	22.2	mart-iaqob-up-dzma|mrav-basili-1|mrav-chrysostom-jonah|mrav-dormition-1|mrav-epiphane-mary|mrav-forty-martyrs|mrav-kharbeba-2|mrav-lazare|mrav-nails-inventio|mrav-shoba-athanasi|mrav-toma-chrysostom|proclus-hom-theotokos	REVIEW
ერთსა	ერთსა	21	10	18.5	cyril-epiphany-homily|ephr-markhva|mrav-aghdgoma-kyrile|mrav-bzoba-iohannes|mrav-bzoba-severian|mrav-forty-martyrs|mrav-john-baptist-decollatio|mrav-nails-inventio|mrav-natlisgeba-1|mrav-sinai-fathers-amonios	REVIEW
იქმნების	იქმნების	21	12	22.2	chrys-epiphany-homily|mrav-chrysostom-jonah|mrav-dormition-1|mrav-dormition-2|mrav-exaltation-cross|mrav-feristsvaleba|mrav-john-baptist-decollatio|mrav-kharbeba-3|mrav-natlisgeba-1|mrav-paul-martyrdom|mrav-toma-chrysostom|proclus-hom-theotokos	REVIEW
მათითა	მათითა	20	10	18.5	mrav-aghdgoma-kyrile|mrav-amaghleba|mrav-bzoba-meletios|mrav-enkenia-1|mrav-epiphane-mary|mrav-martyrs-chrysostom|mrav-martyrs-chrysostom-2|mrav-shoba-athanasi|mrav-sinai-fathers-amonios|mrav-toma-chrysostom	REVIEW
ვიხილე	ვიხილე	20	10	18.5	inventio-stephani-lucian|mart-stepane|mrav-aghdgoma-kyrile|mrav-dormition-1|mrav-enkenia-2|mrav-feristsvaleba|mrav-lazare|mrav-sinai-fathers-amonios|mrav-timote-1|mrav-toma-chrysostom	REVIEW
ყვეს	ყვეს	20	13	24.1	inventio-stephani-lucian|mart-iaqob-up-dzma|mart-stepane|mrav-aghdgoma-meletios|mrav-basili-1|mrav-bzoba-meletios|mrav-colophon-makari|mrav-cross-vision|mrav-epiphane-mary|mrav-forty-martyrs|mrav-martyrs-chrysostom|mrav-natlisgeba-1|mrav-sinai-fathers-amonios	REVIEW
ქალწულისაგან	ქალწულისაგან	20	8	14.8	cyril-epiphany-homily|mrav-amaghleba|mrav-dormition-1|mrav-kharbeba-1|mrav-kharbeba-2|mrav-shoba-athanasi|mrav-timote-1|proclus-hom-theotokos	REVIEW
ჴმითა	ხმითა	20	13	24.1	cyril-epiphany-homily|mrav-basili-2|mrav-bzoba-iohannes|mrav-bzoba-meletios|mrav-cross-vision|mrav-departed-ephrem|mrav-enkenia-2|mrav-exaltation-cross|mrav-feristsvaleba|mrav-forty-martyrs|mrav-john-baptist-decollatio|mrav-paul-martyrdom|mrav-sinai-fathers-amonios	REVIEW
იდვა	იდვა	19	12	22.2	mrav-aghdgoma-kyrile|mrav-antipater-bostrensis-1|mrav-bzoba-iohannes|mrav-cross-vision|mrav-epiphane-mary|mrav-forty-martyrs|mrav-kharbeba-2|mrav-kharbeba-3|mrav-natlisgeba-1|mrav-shoba-athanasi|mrav-sinai-fathers-amonios|mrav-toma-chrysostom	REVIEW
ვიხილეთ	ვიხილეთ	19	12	22.2	hesych-hypapante-01|mrav-aghdgoma-kyrile|mrav-aghdgoma-meletios|mrav-dormition-1|mrav-dormition-2|mrav-enkenia-2|mrav-kharbeba-3|mrav-new-sunday|mrav-paul-martyrdom|mrav-shoba-athanasi|mrav-sinai-fathers-amonios|mrav-toma-chrysostom	REVIEW
თქუეს	თქუეს	19	9	16.7	mart-iaqob-up-dzma|mart-stepane|mrav-aghdgoma-kyrile|mrav-cross-vision|mrav-departed-ephrem|mrav-enkenia-1|mrav-epiphane-mary|mrav-sinai-fathers-amonios|mrav-sulthmofenoba-2	REVIEW
მათა	მათა	19	11	20.4	ephr-markhva|mrav-aghdgoma-kyrile|mrav-aghdgoma-meletios|mrav-enkenia-2|mrav-exaltation-cross|mrav-forty-martyrs|mrav-kharbeba-1|mrav-martyrs-chrysostom|mrav-sinai-fathers-amonios|mrav-sulthmofenoba-2|mrav-toma-chrysostom	REVIEW
რომელნიმე	რომელნიმე	19	10	18.5	ephr-markhva|mart-iaqob-up-dzma|mart-stepane|mrav-aghdgoma-kyrile|mrav-bzoba-meletios|mrav-bzoba-severian|mrav-exaltation-cross|mrav-forty-martyrs|mrav-kharbeba-1|mrav-sinai-fathers-amonios	REVIEW
ჯუარისა	ჯუარისა	19	4	7.4	inventio-stephani-lucian|mrav-cross-vision|mrav-exaltation-cross|mrav-nails-inventio	REVIEW
შვა	შვა	19	6	11.1	mrav-dormition-2|mrav-epiphane-mary|mrav-kharbeba-1|mrav-kharbeba-2|mrav-lazare|mrav-shoba-athanasi	REVIEW
სახლი	სახლი	19	11	20.4	cyril-epiphany-homily|hesych-hypapante-01|mrav-dormition-2|mrav-enkenia-2|mrav-feristsvaleba|mrav-john-baptist-decollatio|mrav-kharbeba-3|mrav-lazare|mrav-shoba-athanasi|mrav-sulthmofenoba-2|mrav-timote-1	REVIEW
წმიდითა	წმიდითა	18	11	20.4	cyril-epiphany-homily|mrav-aghdgoma-kyrile|mrav-basili-2|mrav-bzoba-meletios|mrav-dormition-1|mrav-exaltation-cross|mrav-kharbeba-2|mrav-kharbeba-3|mrav-martyrs-chrysostom-2|mrav-paul-martyrdom|mrav-sulthmofenoba-2	REVIEW
გონებითა	გონებითა	18	13	24.1	mrav-aghdgoma-kyrile|mrav-amaghleba|mrav-bzoba-iohannes|mrav-chrysostom-jonah|mrav-cross-vision|mrav-epiphane-mary|mrav-forty-martyrs|mrav-john-baptist-decollatio|mrav-kharbeba-1|mrav-kharbeba-2|mrav-martyrs-chrysostom-3|mrav-timote-1|mrav-toma-chrysostom	REVIEW
იცის	იცის	18	12	22.2	cyril-epiphany-homily|mrav-aghdgoma-kyrile|mrav-antipater-bostrensis-1|mrav-cross-vision|mrav-epiphane-mary|mrav-forty-martyrs|mrav-john-baptist-decollatio-2|mrav-kharbeba-2|mrav-sinai-fathers-amonios|mrav-sulthmofenoba-2|mrav-toma-chrysostom|proclus-hom-theotokos	REVIEW
სიტყუად	სიტყუად	18	13	24.1	cyril-epiphany-homily|mrav-aghdgoma-kyrile|mrav-antipater-bostrensis-1|mrav-bzoba-severian|mrav-chrysostom-jonah|mrav-enkenia-1|mrav-feristsvaleba|mrav-forty-martyrs|mrav-sinai-fathers-amonios|mrav-sulthmofenoba-1|mrav-sulthmofenoba-2|mrav-toma-chrysostom|proclus-hom-theotokos	REVIEW
სახლსა	სახლსა	18	11	20.4	inventio-stephani-lucian|mrav-aghdgoma-kyrile|mrav-antipater-bostrensis-1|mrav-basili-1|mrav-chrysostom-jonah|mrav-feristsvaleba|mrav-john-baptist-decollatio|mrav-kharbeba-2|mrav-lazare|mrav-sulthmofenoba-1|mrav-timote-1	REVIEW
იგივე	იგივე	18	10	18.5	cyril-epiphany-homily|hesych-hypapante-01|inventio-stephani-lucian|mrav-aghdgoma-kyrile|mrav-feristsvaleba|mrav-john-baptist-decollatio|mrav-lazare|mrav-natlisgeba-1|mrav-paul-martyrdom|proclus-hom-theotokos	REVIEW
თქუენნი	თქუენნი	18	11	20.4	ephr-markhva|mrav-aghdgoma-kyrile|mrav-bzoba-iohannes|mrav-bzoba-meletios|mrav-cross-vision|mrav-exaltation-cross|mrav-lazare|mrav-sulthmofenoba-1|mrav-sulthmofenoba-2|mrav-timote-1|mrav-toma-chrysostom	REVIEW
ერისა	ერისა	18	13	24.1	cyril-epiphany-homily|hesych-hypapante-01|inventio-stephani-lucian|mart-iaqob-up-dzma|mart-stepane|mrav-antipater-bostrensis-1|mrav-bzoba-iohannes|mrav-dormition-1|mrav-forty-martyrs|mrav-kharbeba-2|mrav-lazare|mrav-paul-martyrdom|mrav-sinai-fathers-amonios	REVIEW
ღმრთისაჲთა	ღმრთისაითა	18	10	18.5	mrav-basili-2|mrav-bzoba-severian|mrav-departed-ephrem|mrav-enkenia-2|mrav-epiphane-mary|mrav-lazare|mrav-nails-inventio|mrav-paul-martyrdom|mrav-peter-martyrdom|mrav-shoba-athanasi	REVIEW
ორნი	ორნი	18	8	14.8	hesych-hypapante-01|inventio-stephani-lucian|mrav-bzoba-severian|mrav-cross-vision|mrav-ioane-zosime|mrav-paul-martyrdom|mrav-sinai-fathers-amonios|mrav-toma-chrysostom	REVIEW
წმიდაო	წმიდაო	18	2	3.7	mrav-dormition-1|mrav-dormition-2	REVIEW
იღო	იღო	18	12	22.2	chrys-epiphany-homily|cyril-epiphany-homily|inventio-stephani-lucian|mrav-dormition-2|mrav-epiphane-mary|mrav-forty-martyrs|mrav-kharbeba-1|mrav-kharbeba-3|mrav-lazare|mrav-natlisgeba-1|mrav-new-sunday|mrav-shoba-athanasi	REVIEW
მათისა	მათისა	17	10	18.5	mrav-aghdgoma-kyrile|mrav-enkenia-1|mrav-epiphane-mary|mrav-forty-martyrs|mrav-martyrs-chrysostom-2|mrav-martyrs-chrysostom-3|mrav-natlisgeba-okropiri|mrav-shoba-athanasi|mrav-sinai-fathers-amonios|proclus-hom-theotokos	REVIEW
იცოდა	იცოდა	17	12	22.2	chrys-epiphany-homily|cyril-epiphany-homily|inventio-stephani-lucian|mrav-aghdgoma-kyrile|mrav-antipater-bostrensis-1|mrav-chrysostom-jonah|mrav-cross-vision|mrav-dormition-2|mrav-exaltation-cross|mrav-feristsvaleba|mrav-lazare|mrav-shoba-athanasi	REVIEW
მაცხოვრისა	მაცხოვრისა	17	6	11.1	inventio-stephani-lucian|mrav-aghdgoma-kyrile|mrav-antipater-bostrensis-1|mrav-bzoba-iohannes|mrav-kharbeba-2|mrav-toma-chrysostom	REVIEW
იყავნ	იყავნ	17	14	25.9	cyril-epiphany-homily|inventio-stephani-lucian|mart-stepane|mrav-aghdgoma-kyrile|mrav-basili-1|mrav-epiphane-mary|mrav-exaltation-cross|mrav-feristsvaleba|mrav-forty-martyrs|mrav-john-baptist-decollatio-2|mrav-kharbeba-2|mrav-natlisgeba-okropiri|mrav-new-sunday|mrav-sulthmofenoba-2	REVIEW
ბჭენი	ბჭენი	17	8	14.8	mrav-aghdgoma-kyrile|mrav-amaghleba|mrav-basili-1|mrav-enkenia-1|mrav-epiphane-mary|mrav-feristsvaleba|mrav-forty-martyrs|mrav-lazare	REVIEW
დგა	დგა	17	14	25.9	inventio-stephani-lucian|mart-stepane|mrav-aghdgoma-meletios|mrav-antipater-bostrensis-1|mrav-basili-2|mrav-chrysostom-jonah|mrav-enkenia-2|mrav-epiphane-mary|mrav-forty-martyrs|mrav-martyrs-chrysostom|mrav-natlisgeba-1|mrav-new-sunday|mrav-paul-martyrdom|mrav-sinai-fathers-amonios	REVIEW
ისმინეთ	ისმინეთ	17	10	18.5	mrav-bzoba-iohannes|mrav-cross-vision|mrav-dormition-1|mrav-enkenia-1|mrav-feristsvaleba|mrav-john-baptist-decollatio|mrav-lazare|mrav-natlisgeba-1|mrav-sinai-fathers-amonios|mrav-timote-1	REVIEW
ჯუარსა	ჯუარსა	17	9	16.7	hesych-hypapante-01|mrav-bzoba-iohannes|mrav-cross-vision|mrav-enkenia-1|mrav-epiphane-mary|mrav-exaltation-cross|mrav-martyrs-chrysostom-2|mrav-nails-inventio|mrav-toma-chrysostom	REVIEW
სჳმეონ	სვმეონ	17	3	5.6	hesych-hypapante-01|mrav-dormition-1|mrav-timote-1	REVIEW
ლოცვითა	ლოცვითა	17	12	22.2	hesych-hypapante-01|inventio-stephani-lucian|mart-iaqob-up-dzma|mrav-chrysostom-jonah|mrav-feristsvaleba|mrav-john-baptist-decollatio-2|mrav-lazare|mrav-martyrs-chrysostom-2|mrav-martyrs-chrysostom-3|mrav-nails-inventio|mrav-sinai-fathers-amonios|mrav-toma-chrysostom	REVIEW
სმენად	სმენად	16	13	24.1	cyril-epiphany-homily|inventio-stephani-lucian|mrav-aghdgoma-kyrile|mrav-antipater-bostrensis-1|mrav-chrysostom-jonah|mrav-departed-ephrem|mrav-epiphane-mary|mrav-john-baptist-decollatio|mrav-kharbeba-1|mrav-kharbeba-2|mrav-kharbeba-3|mrav-martyrs-chrysostom-2|mrav-sinai-fathers-amonios	REVIEW
კლდესა	კლდესა	16	5	9.3	cyril-epiphany-homily|mrav-aghdgoma-kyrile|mrav-enkenia-1|mrav-epiphane-mary|mrav-feristsvaleba	REVIEW
რომლისათჳს	რომლისათვს	16	11	20.4	mrav-aghdgoma-kyrile|mrav-bzoba-severian|mrav-dormition-1|mrav-dormition-2|mrav-epiphane-mary|mrav-feristsvaleba|mrav-kharbeba-1|mrav-martyrs-chrysostom-2|mrav-natlisgeba-1|mrav-sinai-fathers-amonios|mrav-toma-chrysostom	REVIEW
იხილეთ	იხილეთ	16	9	16.7	mrav-aghdgoma-kyrile|mrav-aghdgoma-meletios|mrav-bzoba-iohannes|mrav-enkenia-1|mrav-enkenia-2|mrav-martyrs-chrysostom|mrav-shoba-athanasi|mrav-toma-chrysostom|proclus-hom-theotokos	REVIEW
სარწმუნოებით	სარწმუნოებით	16	12	22.2	cyril-epiphany-homily|ephr-markhva|hesych-hypapante-01|mrav-aghdgoma-kyrile|mrav-bzoba-iohannes|mrav-bzoba-meletios|mrav-departed-ephrem|mrav-enkenia-1|mrav-epiphane-mary|mrav-john-baptist-decollatio|mrav-kharbeba-2|mrav-kharbeba-3	REVIEW
იგიცა	იგიცა	16	14	25.9	hesych-hypapante-01|inventio-stephani-lucian|mrav-aghdgoma-kyrile|mrav-bzoba-iohannes|mrav-chrysostom-jonah|mrav-cross-vision|mrav-dormition-2|mrav-enkenia-2|mrav-kharbeba-3|mrav-lazare|mrav-martyrs-chrysostom-2|mrav-natlisgeba-okropiri|mrav-shoba-athanasi|mrav-sinai-fathers-amonios	REVIEW
წმიდანი	წმიდანი	16	8	14.8	chrys-epiphany-homily|mrav-aghdgoma-kyrile|mrav-enkenia-1|mrav-enkenia-2|mrav-epiphane-mary|mrav-forty-martyrs|mrav-martyrs-chrysostom-2|mrav-sinai-fathers-amonios	REVIEW
ყოველნივე	ყოველნივე	16	14	25.9	inventio-stephani-lucian|mrav-aghdgoma-kyrile|mrav-bound-ioane-zosime|mrav-bzoba-severian|mrav-enkenia-1|mrav-enkenia-2|mrav-exaltation-cross|mrav-forty-martyrs|mrav-kharbeba-2|mrav-martyrs-chrysostom-3|mrav-natlisgeba-okropiri|mrav-new-sunday|mrav-paul-martyrdom|mrav-toma-chrysostom	REVIEW
იწყო	იწყო	16	10	18.5	cyril-epiphany-homily|mrav-aghdgoma-kyrile|mrav-aghdgoma-meletios|mrav-antipater-bostrensis-1|mrav-cross-vision|mrav-feristsvaleba|mrav-lazare|mrav-peter-martyrdom|mrav-sinai-fathers-amonios|mrav-sulthmofenoba-2	REVIEW
უფროჲსღა	უფროისღა	16	11	20.4	inventio-stephani-lucian|mart-stepane|mrav-aghdgoma-kyrile|mrav-bzoba-meletios|mrav-chrysostom-jonah|mrav-epiphane-mary|mrav-feristsvaleba|mrav-forty-martyrs|mrav-john-baptist-decollatio|mrav-sinai-fathers-amonios|proclus-hom-theotokos	REVIEW
ვთქუა	ვთქუა	16	8	14.8	mrav-antipater-bostrensis-1|mrav-bzoba-iohannes|mrav-bzoba-severian|mrav-enkenia-1|mrav-enkenia-2|mrav-feristsvaleba|mrav-kharbeba-2|mrav-shoba-athanasi	REVIEW
ისრაელისაჲ	ისრაელისაი	16	9	16.7	cyril-epiphany-homily|mart-iaqob-up-dzma|mrav-antipater-bostrensis-1|mrav-bzoba-iohannes|mrav-bzoba-severian|mrav-feristsvaleba|mrav-lazare|mrav-shoba-athanasi|mrav-timote-1	REVIEW
კაცთაჲ	კაცთაი	16	10	18.5	cyril-epiphany-homily|mrav-bzoba-severian|mrav-cross-vision|mrav-departed-ephrem|mrav-dormition-1|mrav-dormition-2|mrav-enkenia-2|mrav-exaltation-cross|mrav-forty-martyrs|mrav-toma-chrysostom	REVIEW
მესამესა	მესამესა	15	9	16.7	hesych-hypapante-01|inventio-stephani-lucian|mrav-aghdgoma-kyrile|mrav-bzoba-iohannes|mrav-chrysostom-jonah|mrav-cross-vision|mrav-sinai-fathers-amonios|mrav-timote-1|mrav-toma-chrysostom	REVIEW
სახელ	სახელ	15	9	16.7	cyril-epiphany-homily|mart-stepane|mrav-aghdgoma-kyrile|mrav-bzoba-meletios|mrav-bzoba-severian|mrav-epiphane-mary|mrav-exaltation-cross|mrav-forty-martyrs|mrav-shoba-athanasi	REVIEW
ჰურიანი	ჰურიანი	15	12	22.2	hesych-hypapante-01|mart-iaqob-up-dzma|mrav-aghdgoma-kyrile|mrav-aghdgoma-meletios|mrav-bzoba-iohannes|mrav-bzoba-meletios|mrav-bzoba-severian|mrav-cross-vision|mrav-exaltation-cross|mrav-lazare|mrav-nails-inventio|mrav-shoba-athanasi	REVIEW
სხუად	სხუად	15	7	13.0	mrav-antipater-bostrensis-1|mrav-bzoba-severian|mrav-epiphane-mary|mrav-exaltation-cross|mrav-forty-martyrs|mrav-lazare|mrav-shoba-athanasi	REVIEW
იპოვა	იპოვა	15	10	18.5	chrys-epiphany-homily|mart-stepane|mrav-antipater-bostrensis-1|mrav-cross-vision|mrav-enkenia-2|mrav-feristsvaleba|mrav-kharbeba-1|mrav-kharbeba-3|mrav-nails-inventio|mrav-timote-1	REVIEW
მათისაჲ	მათისაი	15	10	18.5	ephr-markhva|mrav-chrysostom-jonah|mrav-departed-ephrem|mrav-enkenia-1|mrav-enkenia-2|mrav-forty-martyrs|mrav-john-baptist-decollatio|mrav-martyrs-chrysostom|mrav-martyrs-chrysostom-2|mrav-sinai-fathers-amonios	REVIEW
ნუმცა	ნუმცა	15	9	16.7	mrav-chrysostom-jonah|mrav-departed-ephrem|mrav-enkenia-2|mrav-epiphane-mary|mrav-exaltation-cross|mrav-forty-martyrs|mrav-natlisgeba-okropiri|mrav-paul-martyrdom|mrav-sulthmofenoba-1	REVIEW
ეკლესიასა	ეკლესიასა	15	10	18.5	chrys-epiphany-homily|mrav-enkenia-1|mrav-enkenia-2|mrav-epiphane-mary|mrav-exaltation-cross|mrav-feristsvaleba|mrav-lazare|mrav-new-sunday|mrav-shoba-athanasi|mrav-sinai-fathers-amonios	REVIEW
ვიცი	ვიცი	14	10	18.5	mrav-aghdgoma-kyrile|mrav-antipater-bostrensis-1|mrav-cross-vision|mrav-epiphane-mary|mrav-feristsvaleba|mrav-kharbeba-1|mrav-natlisgeba-1|mrav-shoba-athanasi|mrav-sinai-fathers-amonios|mrav-toma-chrysostom	REVIEW
სიტყჳსა	სიტყვსა	14	12	22.2	cyril-epiphany-homily|ephr-markhva|hesych-hypapante-01|mrav-aghdgoma-kyrile|mrav-chrysostom-jonah|mrav-cross-vision|mrav-departed-ephrem|mrav-enkenia-1|mrav-forty-martyrs|mrav-kharbeba-1|mrav-timote-1|mrav-toma-chrysostom	REVIEW
ღაღატ	ღაღატ	14	12	22.2	mrav-aghdgoma-kyrile|mrav-amaghleba|mrav-antipater-bostrensis-1|mrav-basili-1|mrav-basili-2|mrav-cross-vision|mrav-enkenia-1|mrav-enkenia-2|mrav-kharbeba-1|mrav-kharbeba-2|mrav-lazare|proclus-hom-theotokos	REVIEW
თქუენთა	თქუენთა	14	12	22.2	cyril-epiphany-homily|ephr-markhva|mrav-aghdgoma-kyrile|mrav-aghdgoma-meletios|mrav-bzoba-iohannes|mrav-colophon-makari|mrav-departed-ephrem|mrav-enkenia-2|mrav-feristsvaleba|mrav-kharbeba-2|mrav-martyrs-chrysostom-2|mrav-toma-chrysostom	REVIEW
იესუს	იესუს	14	10	18.5	inventio-stephani-lucian|mrav-aghdgoma-kyrile|mrav-bzoba-iohannes|mrav-bzoba-severian|mrav-feristsvaleba|mrav-john-baptist-decollatio|mrav-lazare|mrav-natlisgeba-1|mrav-timote-1|proclus-hom-theotokos	REVIEW
მაგას	მაგას	14	11	20.4	mart-stepane|mrav-aghdgoma-kyrile|mrav-bzoba-severian|mrav-chrysostom-jonah|mrav-enkenia-1|mrav-forty-martyrs|mrav-kharbeba-1|mrav-lazare|mrav-martyrs-chrysostom-2|mrav-timote-1|mrav-toma-chrysostom	REVIEW
ღმრთისასა	ღმრთისასა	14	12	22.2	cyril-epiphany-homily|mrav-aghdgoma-kyrile|mrav-antipater-bostrensis-1|mrav-bzoba-iohannes|mrav-bzoba-severian|mrav-cross-vision|mrav-exaltation-cross|mrav-john-baptist-decollatio-2|mrav-kharbeba-1|mrav-kharbeba-2|mrav-natlisgeba-1|mrav-paul-martyrdom	REVIEW
დიდებითა	დიდებითა	14	10	18.5	ephr-markhva|mrav-amaghleba|mrav-bzoba-iohannes|mrav-bzoba-severian|mrav-cross-vision|mrav-feristsvaleba|mrav-kharbeba-2|mrav-martyrs-chrysostom|mrav-paul-martyrdom|mrav-sulthmofenoba-1	REVIEW
მნებავს	მნებავს	14	8	14.8	mrav-antipater-bostrensis-1|mrav-cross-vision|mrav-feristsvaleba|mrav-holymonday|mrav-kharbeba-3|mrav-natlisgeba-1|mrav-shoba-athanasi|mrav-toma-chrysostom	REVIEW
ვთქუ	ვთქუ	14	10	18.5	inventio-stephani-lucian|mrav-antipater-bostrensis-1|mrav-bzoba-iohannes|mrav-bzoba-severian|mrav-cross-vision|mrav-dormition-1|mrav-enkenia-2|mrav-exaltation-cross|mrav-feristsvaleba|mrav-sinai-fathers-amonios	REVIEW
ყავთ	ყავთ	14	12	22.2	cyril-epiphany-homily|mart-stepane|mrav-bound-ioane-zosime|mrav-bzoba-severian|mrav-chrysostom-jonah|mrav-cross-vision|mrav-enkenia-1|mrav-feristsvaleba|mrav-ioane-zosime|mrav-john-baptist-decollatio-2|mrav-martyrs-chrysostom-2|mrav-peter-martyrdom	REVIEW
წინავე	წინავე	14	7	13.0	cyril-epiphany-homily|mrav-bzoba-iohannes|mrav-kharbeba-1|mrav-kharbeba-2|mrav-kharbeba-3|mrav-lazare|mrav-timote-1	REVIEW
სოფლად	სოფლად	14	8	14.8	mrav-bzoba-iohannes|mrav-departed-ephrem|mrav-enkenia-1|mrav-feristsvaleba|mrav-forty-martyrs|mrav-kharbeba-2|mrav-kharbeba-3|mrav-shoba-athanasi	REVIEW
ღმრთეებისა	ღმრთეებისა	14	8	14.8	mrav-bzoba-severian|mrav-dormition-2|mrav-kharbeba-3|mrav-lazare|mrav-martyrs-chrysostom|mrav-natlisgeba-1|mrav-timote-1|mrav-toma-chrysostom	REVIEW
მათგანი	მათგანი	13	5	9.3	mart-iaqob-up-dzma|mrav-aghdgoma-kyrile|mrav-chrysostom-jonah|mrav-forty-martyrs|mrav-sinai-fathers-amonios	REVIEW
გესმა	გესმა	13	9	16.7	mrav-aghdgoma-kyrile|mrav-aghdgoma-meletios|mrav-antipater-bostrensis-1|mrav-bzoba-iohannes|mrav-cross-vision|mrav-kharbeba-1|mrav-kharbeba-3|mrav-lazare|mrav-timote-1	REVIEW
ყოველთავე	ყოველთავე	13	9	16.7	mrav-aghdgoma-kyrile|mrav-aghdgoma-meletios|mrav-bzoba-severian|mrav-cross-vision|mrav-enkenia-1|mrav-forty-martyrs|mrav-kharbeba-2|mrav-kharbeba-3|mrav-sulthmofenoba-2	REVIEW
წმიდისაჲთა	წმიდისაითა	13	11	20.4	cyril-epiphany-homily|mrav-aghdgoma-kyrile|mrav-colophon-makari|mrav-enkenia-1|mrav-feristsvaleba|mrav-kharbeba-3|mrav-natlisgeba-1|mrav-peter-martyrdom|mrav-shoba-athanasi|mrav-sulthmofenoba-1|mrav-timote-1	REVIEW
საუკუნეთა	საუკუნეთა	13	6	11.1	mrav-aghdgoma-kyrile|mrav-bzoba-severian|mrav-departed-ephrem|mrav-kharbeba-2|mrav-kharbeba-3|mrav-shoba-athanasi	REVIEW
ყვნა	ყვნა	13	7	13.0	mrav-aghdgoma-meletios|mrav-antipater-bostrensis-1|mrav-martyrs-chrysostom|mrav-nails-inventio|mrav-shoba-athanasi|mrav-sinai-fathers-amonios|mrav-sulthmofenoba-1	REVIEW
მამისაჲ	მამისაი	13	8	14.8	cyril-epiphany-homily|ephr-markhva|hesych-hypapante-01|mrav-amaghleba|mrav-bzoba-iohannes|mrav-bzoba-severian|mrav-feristsvaleba|proclus-hom-theotokos	REVIEW
წმიდისაჲ	წმიდისაი	13	10	18.5	hesych-hypapante-01|mrav-amaghleba|mrav-bzoba-iohannes|mrav-bzoba-severian|mrav-enkenia-1|mrav-exaltation-cross|mrav-kharbeba-3|mrav-sulthmofenoba-2|mrav-timote-1|proclus-hom-theotokos	REVIEW
ერქუა	ერქუა	13	9	16.7	inventio-stephani-lucian|mart-iaqob-up-dzma|mart-stepane|mrav-antipater-bostrensis-1|mrav-enkenia-2|mrav-paul-martyrdom|mrav-sinai-fathers-amonios|mrav-toma-chrysostom|proclus-hom-theotokos	REVIEW
იხარებს	იხარებს	13	7	13.0	chrys-epiphany-homily|mrav-bzoba-iohannes|mrav-dormition-1|mrav-feristsvaleba|mrav-kharbeba-1|mrav-kharbeba-2|mrav-kharbeba-3	REVIEW
ვადიდებდეთ	ვადიდებდეთ	13	13	24.1	mrav-bzoba-iohannes|mrav-bzoba-meletios|mrav-bzoba-severian|mrav-epiphane-mary|mrav-kharbeba-1|mrav-kharbeba-2|mrav-kharbeba-3|mrav-lazare|mrav-natlisgeba-1|mrav-new-sunday|mrav-sinai-fathers-amonios|mrav-sulthmofenoba-2|mrav-toma-chrysostom	REVIEW
სარწმუნოებითა	სარწმუნოებითა	13	10	18.5	cyril-epiphany-homily|mrav-bzoba-iohannes|mrav-enkenia-1|mrav-epiphane-mary|mrav-exaltation-cross|mrav-feristsvaleba|mrav-forty-martyrs|mrav-nails-inventio|mrav-timote-1|mrav-toma-chrysostom	REVIEW
ღმრთისაგან	ღმრთისაგან	13	10	18.5	mrav-bzoba-iohannes|mrav-enkenia-2|mrav-feristsvaleba|mrav-forty-martyrs|mrav-john-baptist-decollatio-2|mrav-kharbeba-1|mrav-kharbeba-3|mrav-lazare|mrav-sinai-fathers-amonios|mrav-sulthmofenoba-1	REVIEW
სოფლისაჲ	სოფლისაი	13	11	20.4	cyril-epiphany-homily|mrav-bzoba-severian|mrav-chrysostom-jonah|mrav-cross-vision|mrav-dormition-2|mrav-enkenia-1|mrav-exaltation-cross|mrav-feristsvaleba|mrav-new-sunday|mrav-paul-martyrdom|mrav-sinai-fathers-amonios	REVIEW
ჯუარისაგან	ჯუარისაგან	13	1	1.9	mrav-exaltation-cross	REVIEW
პოვეს	პოვეს	12	6	11.1	mart-stepane|mrav-aghdgoma-kyrile|mrav-cross-vision|mrav-paul-martyrdom|mrav-sinai-fathers-amonios|mrav-timote-1	REVIEW
ჰრქჳან	ჰრქვან	12	8	14.8	inventio-stephani-lucian|mart-stepane|mrav-aghdgoma-kyrile|mrav-cross-vision|mrav-dormition-1|mrav-ioane-zosime|mrav-kharbeba-1|mrav-sinai-fathers-amonios	REVIEW
ეკლესიათა	ეკლესიათა	12	8	14.8	mrav-aghdgoma-kyrile|mrav-antipater-bostrensis-1|mrav-chrysostom-jonah|mrav-enkenia-1|mrav-enkenia-2|mrav-kharbeba-3|mrav-natlisgeba-1|mrav-sulthmofenoba-1	REVIEW
საქმესა	საქმესა	12	8	14.8	cyril-epiphany-homily|inventio-stephani-lucian|mrav-aghdgoma-kyrile|mrav-bzoba-severian|mrav-cross-vision|mrav-john-baptist-decollatio|mrav-paul-martyrdom|mrav-sinai-fathers-amonios	REVIEW
გეშინინ	გეშინინ	12	8	14.8	mart-stepane|mrav-aghdgoma-kyrile|mrav-antipater-bostrensis-1|mrav-kharbeba-1|mrav-kharbeba-2|mrav-kharbeba-3|mrav-shoba-athanasi|mrav-sulthmofenoba-2	REVIEW
საქმეთა	საქმეთა	12	9	16.7	cyril-epiphany-homily|mart-iaqob-up-dzma|mrav-aghdgoma-kyrile|mrav-basili-2|mrav-bzoba-meletios|mrav-john-baptist-decollatio-2|mrav-kharbeba-2|mrav-lazare|mrav-sinai-fathers-amonios	REVIEW
კაცისაჲ	კაცისაი	12	8	14.8	mrav-aghdgoma-kyrile|mrav-bzoba-severian|mrav-chrysostom-jonah|mrav-feristsvaleba|mrav-kharbeba-2|mrav-lazare|mrav-timote-1|proclus-hom-theotokos	REVIEW
ქრისტჱსსა	ქრისტესსა	12	10	18.5	ephr-markhva|mart-stepane|mrav-aghdgoma-kyrile|mrav-aghdgoma-meletios|mrav-cross-vision|mrav-enkenia-2|mrav-kharbeba-2|mrav-lazare|mrav-paul-martyrdom|mrav-sinai-fathers-amonios	REVIEW
ძესა	ძესა	12	10	18.5	ephr-markhva|hesych-hypapante-01|mrav-aghdgoma-kyrile|mrav-bzoba-iohannes|mrav-bzoba-severian|mrav-epiphane-mary|mrav-martyrs-chrysostom-2|mrav-natlisgeba-1|mrav-sinai-fathers-amonios|mrav-sulthmofenoba-2	REVIEW
მაგათ	მაგათ	12	7	13.0	mrav-aghdgoma-meletios|mrav-bzoba-iohannes|mrav-bzoba-meletios|mrav-cross-vision|mrav-departed-ephrem|mrav-lazare|mrav-martyrs-chrysostom-2	REVIEW
ყოს	ყოს	12	8	14.8	cyril-epiphany-homily|mrav-aghdgoma-meletios|mrav-basili-1|mrav-chrysostom-jonah|mrav-epiphane-mary|mrav-feristsvaleba|mrav-kharbeba-3|mrav-toma-chrysostom	REVIEW
ჩემთჳს	ჩემთვს	12	8	14.8	inventio-stephani-lucian|mart-stepane|mrav-aghdgoma-meletios|mrav-cross-vision|mrav-feristsvaleba|mrav-sulthmofenoba-2|mrav-timote-1|mrav-toma-chrysostom	REVIEW
დედისა	დედისა	12	6	11.1	mart-iaqob-up-dzma|mrav-antipater-bostrensis-1|mrav-dormition-1|mrav-dormition-2|mrav-forty-martyrs|mrav-john-baptist-decollatio	REVIEW
დედაკაცისაგან	დედაკაცისაგან	12	8	14.8	mart-stepane|mrav-antipater-bostrensis-1|mrav-epiphane-mary|mrav-john-baptist-decollatio-2|mrav-kharbeba-2|mrav-kharbeba-3|mrav-shoba-athanasi|proclus-hom-theotokos	REVIEW
ცხორებისა	ცხორებისა	12	7	13.0	mrav-antipater-bostrensis-1|mrav-dormition-1|mrav-dormition-2|mrav-feristsvaleba|mrav-forty-martyrs|mrav-shoba-athanasi|mrav-toma-chrysostom	REVIEW
იქცეოდა	იქცეოდა	12	9	16.7	cyril-epiphany-homily|mrav-antipater-bostrensis-1|mrav-epiphane-mary|mrav-feristsvaleba|mrav-kharbeba-1|mrav-kharbeba-2|mrav-kharbeba-3|mrav-paul-martyrdom|mrav-timote-1	REVIEW
რომელმანცა	რომელმანცა	12	9	16.7	chrys-epiphany-homily|mrav-bzoba-iohannes|mrav-bzoba-severian|mrav-chrysostom-jonah|mrav-departed-ephrem|mrav-epiphane-mary|mrav-feristsvaleba|mrav-john-baptist-decollatio|proclus-hom-theotokos	REVIEW
მამათ	მამათ	12	9	16.7	chrys-epiphany-homily|mrav-bzoba-iohannes|mrav-bzoba-severian|mrav-feristsvaleba|mrav-forty-martyrs|mrav-kharbeba-1|mrav-kharbeba-2|mrav-kharbeba-3|mrav-sinai-fathers-amonios	REVIEW
იდიდების	იდიდების	12	7	13.0	chrys-epiphany-homily|inventio-stephani-lucian|mrav-bzoba-iohannes|mrav-bzoba-severian|mrav-feristsvaleba|mrav-kharbeba-2|mrav-kharbeba-3	REVIEW
ღმრთად	ღმრთად	12	7	13.0	hesych-hypapante-01|mrav-bzoba-iohannes|mrav-bzoba-meletios|mrav-exaltation-cross|mrav-shoba-athanasi|mrav-timote-1|mrav-toma-chrysostom	REVIEW
ქერობინთა	ქერობინთა	12	8	14.8	chrys-epiphany-homily|mrav-bzoba-iohannes|mrav-bzoba-severian|mrav-kharbeba-1|mrav-kharbeba-2|mrav-kharbeba-3|mrav-toma-chrysostom|proclus-hom-theotokos	REVIEW
ღა	ღა	12	10	18.5	cyril-epiphany-homily|mrav-bzoba-severian|mrav-cross-vision|mrav-enkenia-1|mrav-enkenia-2|mrav-exaltation-cross|mrav-feristsvaleba|mrav-kharbeba-1|mrav-lazare|mrav-timote-1	REVIEW
იყვენით	იყვენით	12	8	14.8	cyril-epiphany-homily|inventio-stephani-lucian|mrav-chrysostom-jonah|mrav-cross-vision|mrav-enkenia-1|mrav-epiphane-mary|mrav-forty-martyrs|proclus-hom-theotokos	REVIEW
მარტოჲ	მარტოი	12	8	14.8	mart-iaqob-up-dzma|mrav-cross-vision|mrav-feristsvaleba|mrav-kharbeba-1|mrav-kharbeba-3|mrav-sinai-fathers-amonios|mrav-timote-1|mrav-toma-chrysostom	REVIEW
ნერონ	ნერონ	12	3	5.6	mrav-enkenia-1|mrav-paul-martyrdom|mrav-peter-martyrdom	REVIEW
ცხოვრებისა	ცხოვრებისა	11	8	14.8	chrys-epiphany-homily|cyril-epiphany-homily|mrav-aghdgoma-kyrile|mrav-chrysostom-jonah|mrav-forty-martyrs|mrav-kharbeba-1|mrav-paul-martyrdom|mrav-sulthmofenoba-2	REVIEW
რომელსამე	რომელსამე	11	5	9.3	mrav-aghdgoma-kyrile|mrav-enkenia-2|mrav-forty-martyrs|mrav-john-baptist-decollatio|mrav-sinai-fathers-amonios	REVIEW
წოდებულ	წოდებულ	11	6	11.1	mart-iaqob-up-dzma|mrav-aghdgoma-kyrile|mrav-cross-vision|mrav-john-baptist-decollatio-2|mrav-nails-inventio|mrav-shoba-athanasi	REVIEW
ესეცა	ესეცა	11	7	13.0	mrav-aghdgoma-kyrile|mrav-bzoba-severian|mrav-exaltation-cross|mrav-kharbeba-1|mrav-kharbeba-2|mrav-kharbeba-3|mrav-sulthmofenoba-2	REVIEW
მაქუს	მაქუს	11	7	13.0	inventio-stephani-lucian|mrav-aghdgoma-kyrile|mrav-cross-vision|mrav-shoba-athanasi|mrav-sinai-fathers-amonios|mrav-sulthmofenoba-2|mrav-toma-chrysostom	REVIEW
ვის	ვის	11	8	14.8	cyril-epiphany-homily|mrav-aghdgoma-kyrile|mrav-bzoba-severian|mrav-enkenia-1|mrav-epiphane-mary|mrav-kharbeba-2|mrav-natlisgeba-1|mrav-sinai-fathers-amonios	REVIEW
ღმრთისათჳს	ღმრთისათვს	11	8	14.8	mrav-aghdgoma-kyrile|mrav-bound-ioane-zosime|mrav-bzoba-severian|mrav-colophon-makari|mrav-cross-vision|mrav-departed-ephrem|mrav-martyrs-chrysostom-2|mrav-sinai-fathers-amonios	REVIEW
სარწმუნოებისაჲ	სარწმუნოებისაი	11	10	18.5	chrys-epiphany-homily|hesych-hypapante-01|inventio-stephani-lucian|mrav-aghdgoma-kyrile|mrav-bzoba-severian|mrav-enkenia-1|mrav-exaltation-cross|mrav-kharbeba-3|mrav-timote-1|mrav-toma-chrysostom	REVIEW
ზის	ზის	11	6	11.1	mart-iaqob-up-dzma|mrav-aghdgoma-kyrile|mrav-bzoba-iohannes|mrav-bzoba-severian|mrav-enkenia-1|mrav-ioane-zosime	REVIEW
დგას	დგას	11	10	18.5	hesych-hypapante-01|inventio-stephani-lucian|mrav-aghdgoma-kyrile|mrav-antipater-bostrensis-1|mrav-dormition-2|mrav-enkenia-1|mrav-feristsvaleba|mrav-martyrs-chrysostom-2|mrav-paul-martyrdom|mrav-timote-1	REVIEW
საუკუნოჲ	საუკუნოი	11	9	16.7	mrav-aghdgoma-meletios|mrav-antipater-bostrensis-1|mrav-bzoba-severian|mrav-cross-vision|mrav-epiphane-mary|mrav-feristsvaleba|mrav-kharbeba-2|mrav-natlisgeba-1|mrav-paul-martyrdom	REVIEW
ცემად	ცემად	11	7	13.0	cyril-epiphany-homily|mrav-amaghleba|mrav-bzoba-severian|mrav-exaltation-cross|mrav-forty-martyrs|mrav-natlisgeba-1|mrav-sinai-fathers-amonios	REVIEW
თქუენსა	თქუენსა	11	9	16.7	chrys-epiphany-homily|mart-stepane|mrav-bound-ioane-zosime|mrav-bzoba-iohannes|mrav-chrysostom-jonah|mrav-forty-martyrs|mrav-lazare|mrav-martyrs-chrysostom-2|mrav-paul-martyrdom	REVIEW
უფლისასა	უფლისასა	11	8	14.8	mrav-bzoba-iohannes|mrav-departed-ephrem|mrav-ioane-zosime|mrav-john-baptist-decollatio|mrav-kharbeba-3|mrav-natlisgeba-1|mrav-sinai-fathers-amonios|mrav-toma-chrysostom	REVIEW
ჯუარითა	ჯუარითა	11	8	14.8	cyril-epiphany-homily|mrav-bzoba-iohannes|mrav-bzoba-severian|mrav-exaltation-cross|mrav-feristsvaleba|mrav-martyrs-chrysostom|mrav-martyrs-chrysostom-2|mrav-new-sunday	REVIEW
ესენი	ესენი	11	6	11.1	mrav-bzoba-severian|mrav-cross-vision|mrav-epiphane-mary|mrav-feristsvaleba|mrav-forty-martyrs|mrav-john-baptist-decollatio	REVIEW
მანვე	მანვე	11	5	9.3	mrav-bzoba-severian|mrav-departed-ephrem|mrav-kharbeba-3|mrav-sulthmofenoba-2|proclus-hom-theotokos	REVIEW
ვე	ვე	11	7	13.0	cyril-epiphany-homily|mrav-bzoba-severian|mrav-enkenia-1|mrav-enkenia-2|mrav-kharbeba-1|mrav-lazare|mrav-shoba-athanasi	REVIEW
ღამესა	ღამესა	11	7	13.0	inventio-stephani-lucian|mart-stepane|mrav-chrysostom-jonah|mrav-cross-vision|mrav-feristsvaleba|mrav-forty-martyrs|mrav-new-sunday	REVIEW
ეცუა	ეცუა	11	7	13.0	cyril-epiphany-homily|mart-stepane|mrav-cross-vision|mrav-enkenia-2|mrav-exaltation-cross|mrav-martyrs-chrysostom-2|mrav-sulthmofenoba-2	REVIEW
დიდებულ	დიდებულ	11	10	18.5	inventio-stephani-lucian|mrav-cross-vision|mrav-enkenia-2|mrav-feristsvaleba|mrav-kharbeba-2|mrav-lazare|mrav-martyrs-chrysostom|mrav-natlisgeba-1|mrav-shoba-athanasi|proclus-hom-theotokos	REVIEW
ცემულ	ცემულ	11	5	9.3	mrav-chrysostom-jonah|mrav-departed-ephrem|mrav-exaltation-cross|mrav-forty-martyrs|mrav-martyrs-chrysostom-2	REVIEW
წყალობითა	წყალობითა	11	7	13.0	ephr-markhva|mrav-departed-ephrem|mrav-martyrs-chrysostom|mrav-martyrs-chrysostom-2|mrav-martyrs-chrysostom-3|mrav-sinai-fathers-amonios|mrav-sulthmofenoba-1	REVIEW
ედვა	ედვა	11	5	9.3	mrav-enkenia-1|mrav-epiphane-mary|mrav-john-baptist-decollatio|mrav-shoba-athanasi|proclus-hom-theotokos	REVIEW
იქადაგების	იქადაგების	10	6	11.1	mrav-aghdgoma-kyrile|mrav-bzoba-severian|mrav-dormition-2|mrav-exaltation-cross|mrav-feristsvaleba|mrav-kharbeba-2	REVIEW
წყაროჲ	წყაროი	10	7	13.0	hesych-hypapante-01|mrav-aghdgoma-kyrile|mrav-enkenia-2|mrav-epiphane-mary|mrav-natlisgeba-1|mrav-new-sunday|mrav-sinai-fathers-amonios	REVIEW
წყლისა	წყლისა	10	8	14.8	chrys-epiphany-homily|cyril-epiphany-homily|ephr-markhva|inventio-stephani-lucian|mrav-aghdgoma-kyrile|mrav-dormition-1|mrav-kharbeba-1|mrav-sulthmofenoba-2	REVIEW
ქუეყანით	ქუეყანით	10	6	11.1	mrav-aghdgoma-kyrile|mrav-bzoba-iohannes|mrav-dormition-2|mrav-enkenia-1|mrav-lazare|proclus-hom-theotokos	REVIEW
სახესა	სახესა	10	7	13.0	ephr-markhva|mrav-aghdgoma-kyrile|mrav-chrysostom-jonah|mrav-john-baptist-decollatio|mrav-natlisgeba-okropiri|mrav-shoba-athanasi|mrav-toma-chrysostom	REVIEW
თომა	თომა	10	3	5.6	mrav-aghdgoma-kyrile|mrav-toma-chrysostom|proclus-hom-theotokos	REVIEW
გურწამს	გურწამს	10	6	11.1	mrav-aghdgoma-kyrile|mrav-bound-ioane-zosime|mrav-epiphane-mary|mrav-paul-martyrdom|mrav-toma-chrysostom|proclus-hom-theotokos	REVIEW
ჰხედვიდა	ჰხედვიდა	10	8	14.8	chrys-epiphany-homily|mrav-aghdgoma-kyrile|mrav-feristsvaleba|mrav-forty-martyrs|mrav-john-baptist-decollatio|mrav-john-baptist-decollatio-2|mrav-lazare|mrav-timote-1	REVIEW
ჰნებავს	ჰნებავს	10	7	13.0	mrav-aghdgoma-kyrile|mrav-chrysostom-jonah|mrav-enkenia-2|mrav-kharbeba-1|mrav-kharbeba-3|mrav-shoba-athanasi|mrav-toma-chrysostom	REVIEW
ეჩუენა	ეჩუენა	10	7	13.0	inventio-stephani-lucian|mrav-aghdgoma-kyrile|mrav-aghdgoma-meletios|mrav-amaghleba|mrav-antipater-bostrensis-1|mrav-enkenia-1|mrav-sinai-fathers-amonios	REVIEW
ბჭეთა	ბჭეთა	10	9	16.7	inventio-stephani-lucian|mrav-aghdgoma-kyrile|mrav-dormition-2|mrav-enkenia-1|mrav-epiphane-mary|mrav-lazare|mrav-martyrs-chrysostom|mrav-paul-martyrdom|mrav-toma-chrysostom	REVIEW
იჩინა	იჩინა	10	6	11.1	mrav-aghdgoma-kyrile|mrav-bzoba-iohannes|mrav-bzoba-severian|mrav-epiphane-mary|mrav-kharbeba-2|mrav-kharbeba-3	REVIEW
ვყოთ	ვყოთ	10	8	14.8	hesych-hypapante-01|mrav-aghdgoma-kyrile|mrav-bzoba-iohannes|mrav-cross-vision|mrav-exaltation-cross|mrav-lazare|mrav-natlisgeba-1|mrav-sinai-fathers-amonios	REVIEW
მარხვითა	მარხვითა	10	7	13.0	cyril-epiphany-homily|ephr-markhva|hesych-hypapante-01|mrav-amaghleba|mrav-chrysostom-jonah|mrav-forty-martyrs|mrav-sinai-fathers-amonios	REVIEW
გუაუწყა	გუაუწყა	10	7	13.0	chrys-epiphany-homily|ephr-markhva|mrav-antipater-bostrensis-1|mrav-holymonday|mrav-kharbeba-1|mrav-kharbeba-2|mrav-natlisgeba-1	REVIEW
ვიდა	ვიდა	10	8	14.8	mart-stepane|mrav-basili-1|mrav-epiphane-mary|mrav-kharbeba-2|mrav-kharbeba-3|mrav-shoba-athanasi|mrav-sulthmofenoba-2|mrav-toma-chrysostom	REVIEW
საიდუმლოჲ	საიდუმლოი	10	6	11.1	mrav-basili-1|mrav-bzoba-iohannes|mrav-exaltation-cross|mrav-feristsvaleba|mrav-ioane-zosime|mrav-toma-chrysostom	REVIEW
ილოცვიდა	ილოცვიდა	10	7	13.0	mart-stepane|mrav-basili-2|mrav-feristsvaleba|mrav-nails-inventio|mrav-paul-martyrdom|mrav-sinai-fathers-amonios|mrav-timote-1	REVIEW
ზიარ	ზიარ	10	8	14.8	cyril-epiphany-homily|mrav-bzoba-iohannes|mrav-feristsvaleba|mrav-kharbeba-3|mrav-nails-inventio|mrav-natlisgeba-okropiri|mrav-timote-1|mrav-toma-chrysostom	REVIEW
დიდებული	დიდებული	10	9	16.7	chrys-epiphany-homily|mrav-bzoba-iohannes|mrav-enkenia-1|mrav-feristsvaleba|mrav-kharbeba-2|mrav-new-sunday|mrav-paul-martyrdom|mrav-timote-1|mrav-toma-chrysostom	REVIEW
სცა	სცა	10	10	18.5	cyril-epiphany-homily|mrav-bzoba-iohannes|mrav-cross-vision|mrav-dormition-2|mrav-kharbeba-2|mrav-martyrs-chrysostom|mrav-nails-inventio|mrav-paul-martyrdom|mrav-sinai-fathers-amonios|mrav-toma-chrysostom	REVIEW
ცხოველისაჲ	ცხოველისაი	10	6	11.1	mart-iaqob-up-dzma|mrav-cross-vision|mrav-dormition-1|mrav-enkenia-1|mrav-feristsvaleba|mrav-paul-martyrdom	REVIEW
ზრახვაჲ	ზრახვაი	10	7	13.0	ephr-markhva|mrav-cross-vision|mrav-enkenia-2|mrav-epiphane-mary|mrav-john-baptist-decollatio|mrav-john-baptist-decollatio-2|mrav-sulthmofenoba-2	REVIEW
თჳსისაჲ	თვსისაი	10	8	14.8	inventio-stephani-lucian|mrav-chrysostom-jonah|mrav-cross-vision|mrav-epiphane-mary|mrav-john-baptist-decollatio-2|mrav-martyrs-chrysostom-2|mrav-shoba-athanasi|mrav-sulthmofenoba-1	REVIEW
სახარებისაჲ	სახარებისაი	10	9	16.7	chrys-epiphany-homily|cyril-epiphany-homily|inventio-stephani-lucian|mrav-cross-vision|mrav-epiphane-mary|mrav-feristsvaleba|mrav-john-baptist-decollatio-2|mrav-kharbeba-2|mrav-lazare	REVIEW
ღაღადებდა	ღაღადებდა	10	9	16.7	mart-iaqob-up-dzma|mrav-chrysostom-jonah|mrav-cross-vision|mrav-dormition-2|mrav-forty-martyrs|mrav-john-baptist-decollatio|mrav-martyrs-chrysostom-3|mrav-nails-inventio|mrav-sinai-fathers-amonios	REVIEW
სიმართლისაჲ	სიმართლისაი	10	8	14.8	inventio-stephani-lucian|mrav-dormition-1|mrav-dormition-2|mrav-enkenia-1|mrav-enkenia-2|mrav-exaltation-cross|mrav-shoba-athanasi|mrav-timote-1	REVIEW
კაცთაჲსა	კაცთაისა	10	9	16.7	mrav-chrysostom-jonah|mrav-dormition-1|mrav-dormition-2|mrav-epiphane-mary|mrav-kharbeba-2|mrav-natlisgeba-1|mrav-sulthmofenoba-1|mrav-toma-chrysostom|proclus-hom-theotokos	REVIEW
იტჳრთა	იტვრთა	10	7	13.0	mrav-dormition-2|mrav-epiphane-mary|mrav-kharbeba-1|mrav-kharbeba-2|mrav-kharbeba-3|mrav-timote-1|proclus-hom-theotokos	REVIEW
მსგავს	მსგავს	10	9	16.7	ephr-markhva|mart-stepane|mrav-chrysostom-jonah|mrav-enkenia-2|mrav-exaltation-cross|mrav-feristsvaleba|mrav-kharbeba-1|mrav-kharbeba-3|mrav-martyrs-chrysostom-3	REVIEW
წყლითა	წყლითა	10	5	9.3	cyril-epiphany-homily|mrav-enkenia-2|mrav-forty-martyrs|mrav-kharbeba-3|mrav-natlisgeba-1	REVIEW
თქჳს	თქვს	9	6	11.1	mrav-aghdgoma-kyrile|mrav-enkenia-2|mrav-feristsvaleba|mrav-kharbeba-3|mrav-new-sunday|mrav-sulthmofenoba-2	REVIEW
ცხოვრებისაჲ	ცხოვრებისაი	9	7	13.0	mrav-aghdgoma-kyrile|mrav-enkenia-2|mrav-epiphane-mary|mrav-exaltation-cross|mrav-new-sunday|mrav-shoba-athanasi|proclus-hom-theotokos	REVIEW
იქმენ	იქმენ	9	6	11.1	cyril-epiphany-homily|mrav-aghdgoma-kyrile|mrav-antipater-bostrensis-1|mrav-dormition-1|mrav-enkenia-1|mrav-toma-chrysostom	REVIEW
ჩემგან	ჩემგან	9	7	13.0	mart-stepane|mrav-aghdgoma-kyrile|mrav-bzoba-iohannes|mrav-bzoba-severian|mrav-feristsvaleba|mrav-sinai-fathers-amonios|mrav-toma-chrysostom	REVIEW
დედათაჲ	დედათაი	9	8	14.8	hesych-hypapante-01|mrav-aghdgoma-kyrile|mrav-antipater-bostrensis-1|mrav-dormition-2|mrav-john-baptist-decollatio|mrav-john-baptist-decollatio-2|mrav-kharbeba-2|proclus-hom-theotokos	REVIEW
კეთილ	კეთილ	9	6	11.1	cyril-epiphany-homily|mrav-aghdgoma-kyrile|mrav-bzoba-severian|mrav-feristsvaleba|mrav-forty-martyrs|mrav-kharbeba-2	REVIEW
თქუენცა	თქუენცა	9	9	16.7	ephr-markhva|mrav-aghdgoma-kyrile|mrav-bound-ioane-zosime|mrav-bzoba-iohannes|mrav-bzoba-meletios|mrav-colophon-makari|mrav-enkenia-2|mrav-lazare|mrav-toma-chrysostom	REVIEW
ენითა	ენითა	9	8	14.8	mrav-aghdgoma-kyrile|mrav-antipater-bostrensis-1|mrav-dormition-1|mrav-ioane-zosime|mrav-john-baptist-decollatio-2|mrav-kharbeba-2|mrav-sulthmofenoba-1|mrav-sulthmofenoba-2	REVIEW
მამისაგან	მამისაგან	9	7	13.0	mrav-aghdgoma-kyrile|mrav-bzoba-iohannes|mrav-bzoba-severian|mrav-kharbeba-2|mrav-natlisgeba-1|mrav-shoba-athanasi|mrav-sulthmofenoba-2	REVIEW
ივლტოდა	ივლტოდა	9	7	13.0	mrav-aghdgoma-kyrile|mrav-chrysostom-jonah|mrav-exaltation-cross|mrav-forty-martyrs|mrav-lazare|mrav-shoba-athanasi|mrav-sinai-fathers-amonios	REVIEW
ქუეყანად	ქუეყანად	9	5	9.3	mrav-aghdgoma-kyrile|mrav-enkenia-1|mrav-shoba-athanasi|mrav-sinai-fathers-amonios|mrav-toma-chrysostom	REVIEW
ერთისა	ერთისა	9	5	9.3	mrav-aghdgoma-kyrile|mrav-chrysostom-jonah|mrav-forty-martyrs|mrav-paul-martyrdom|mrav-sinai-fathers-amonios	REVIEW
რიცხჳ	რიცხვ	9	3	5.6	mrav-aghdgoma-kyrile|mrav-forty-martyrs|mrav-sinai-fathers-amonios	REVIEW
უყო	უყო	9	8	14.8	mart-stepane|mrav-aghdgoma-kyrile|mrav-aghdgoma-meletios|mrav-chrysostom-jonah|mrav-enkenia-2|mrav-john-baptist-decollatio-2|mrav-nails-inventio|mrav-natlisgeba-1	REVIEW
იხილოს	იხილოს	9	7	13.0	cyril-epiphany-homily|mrav-aghdgoma-kyrile|mrav-chrysostom-jonah|mrav-epiphane-mary|mrav-feristsvaleba|mrav-sinai-fathers-amonios|mrav-timote-1	REVIEW
სარგებელ	სარგებელ	9	7	13.0	ephr-markhva|mrav-aghdgoma-meletios|mrav-chrysostom-jonah|mrav-john-baptist-decollatio|mrav-martyrs-chrysostom-2|mrav-sinai-fathers-amonios|mrav-sulthmofenoba-2	REVIEW
ვიქმნეთ	ვიქმნეთ	9	7	13.0	mrav-aghdgoma-meletios|mrav-bzoba-severian|mrav-departed-ephrem|mrav-exaltation-cross|mrav-martyrs-chrysostom-3|mrav-peter-martyrdom|proclus-hom-theotokos	REVIEW
წიგნთაგან	წიგნთაგან	9	8	14.8	inventio-stephani-lucian|mrav-aghdgoma-meletios|mrav-bzoba-iohannes|mrav-cross-vision|mrav-departed-ephrem|mrav-dormition-1|mrav-enkenia-2|mrav-kharbeba-2	REVIEW
ყოვლითა	ყოვლითა	9	7	13.0	mrav-aghdgoma-meletios|mrav-bzoba-severian|mrav-exaltation-cross|mrav-kharbeba-2|mrav-peter-martyrdom|mrav-sinai-fathers-amonios|mrav-toma-chrysostom	REVIEW
გევედრები	გევედრები	9	7	13.0	mart-iaqob-up-dzma|mart-stepane|mrav-antipater-bostrensis-1|mrav-basili-2|mrav-cross-vision|mrav-lazare|mrav-sinai-fathers-amonios	REVIEW
ერისაჲ	ერისაი	9	9	16.7	mart-iaqob-up-dzma|mart-stepane|mrav-antipater-bostrensis-1|mrav-bzoba-meletios|mrav-bzoba-severian|mrav-chrysostom-jonah|mrav-cross-vision|mrav-natlisgeba-1|mrav-paul-martyrdom	REVIEW
ბრძანა	ბრძანა	9	6	11.1	mrav-antipater-bostrensis-1|mrav-bzoba-meletios|mrav-cross-vision|mrav-forty-martyrs|mrav-paul-martyrdom|mrav-peter-martyrdom	REVIEW
ვისმე	ვისმე	9	8	14.8	cyril-epiphany-homily|inventio-stephani-lucian|mrav-antipater-bostrensis-1|mrav-basili-2|mrav-bzoba-severian|mrav-chrysostom-jonah|mrav-john-baptist-decollatio|mrav-lazare	REVIEW
მუცლისა	მუცლისა	9	6	11.1	chrys-epiphany-homily|mrav-antipater-bostrensis-1|mrav-dormition-1|mrav-kharbeba-2|mrav-kharbeba-3|mrav-martyrs-chrysostom-3	REVIEW
ჩემისაჲ	ჩემისაი	9	7	13.0	inventio-stephani-lucian|mrav-antipater-bostrensis-1|mrav-enkenia-2|mrav-john-baptist-decollatio|mrav-john-baptist-decollatio-2|mrav-kharbeba-2|mrav-natlisgeba-1	REVIEW
ჯოჯოხეთისანი	ჯოჯოხეთისანი	9	5	9.3	mrav-basili-1|mrav-enkenia-1|mrav-epiphane-mary|mrav-feristsvaleba|mrav-lazare	REVIEW
მეცა	მეცა	9	8	14.8	mart-stepane|mrav-basili-2|mrav-cross-vision|mrav-enkenia-1|mrav-lazare|mrav-shoba-athanasi|mrav-sinai-fathers-amonios|mrav-toma-chrysostom	REVIEW
ჰურიაო	ჰურიაო	9	5	9.3	mrav-basili-2|mrav-enkenia-1|mrav-lazare|mrav-shoba-athanasi|proclus-hom-theotokos	REVIEW
ღმრთისანი	ღმრთისანი	9	7	13.0	mrav-bzoba-iohannes|mrav-bzoba-severian|mrav-departed-ephrem|mrav-dormition-1|mrav-enkenia-1|mrav-sinai-fathers-amonios|mrav-sulthmofenoba-1	REVIEW
ითქუმის	ითქუმის	9	6	11.1	inventio-stephani-lucian|mrav-bzoba-iohannes|mrav-feristsvaleba|mrav-lazare|mrav-martyrs-chrysostom-2|mrav-shoba-athanasi	REVIEW
იქმნებოდა	იქმნებოდა	9	6	11.1	mrav-bzoba-iohannes|mrav-chrysostom-jonah|mrav-john-baptist-decollatio|mrav-natlisgeba-1|mrav-natlisgeba-okropiri|proclus-hom-theotokos	REVIEW
ივნო	ივნო	9	4	7.4	mrav-bzoba-iohannes|mrav-epiphane-mary|mrav-kharbeba-3|proclus-hom-theotokos	REVIEW
თჳსისასა	თვსისასა	9	7	13.0	mrav-bzoba-meletios|mrav-dormition-2|mrav-feristsvaleba|mrav-john-baptist-decollatio|mrav-martyrs-chrysostom-2|mrav-sinai-fathers-amonios|mrav-timote-1	REVIEW
კაცთაგან	კაცთაგან	9	7	13.0	mrav-bzoba-severian|mrav-dormition-1|mrav-enkenia-1|mrav-exaltation-cross|mrav-forty-martyrs|mrav-kharbeba-2|mrav-paul-martyrdom	REVIEW
მხოლოჲ	მხოლოი	9	6	11.1	mrav-bzoba-severian|mrav-kharbeba-1|mrav-kharbeba-3|mrav-paul-martyrdom|mrav-toma-chrysostom|proclus-hom-theotokos	REVIEW
იცნა	იცნა	9	8	14.8	cyril-epiphany-homily|mrav-bzoba-severian|mrav-chrysostom-jonah|mrav-cross-vision|mrav-john-baptist-decollatio|mrav-natlisgeba-1|mrav-shoba-athanasi|mrav-timote-1	REVIEW
ყოველსავე	ყოველსავე	9	8	14.8	mrav-cross-vision|mrav-departed-ephrem|mrav-epiphane-mary|mrav-exaltation-cross|mrav-forty-martyrs|mrav-kharbeba-2|mrav-natlisgeba-1|proclus-hom-theotokos	REVIEW
კაც	კაც	9	5	9.3	mrav-cross-vision|mrav-enkenia-1|mrav-sinai-fathers-amonios|mrav-sulthmofenoba-1|mrav-toma-chrysostom	REVIEW
უწოდა	უწოდა	9	9	16.7	mrav-cross-vision|mrav-enkenia-1|mrav-feristsvaleba|mrav-john-baptist-decollatio|mrav-kharbeba-1|mrav-kharbeba-2|mrav-natlisgeba-okropiri|mrav-shoba-athanasi|mrav-sulthmofenoba-1	REVIEW
ცხორებისაჲ	ცხორებისაი	9	8	14.8	cyril-epiphany-homily|hesych-hypapante-01|mrav-dormition-1|mrav-dormition-2|mrav-kharbeba-3|mrav-shoba-athanasi|mrav-sinai-fathers-amonios|mrav-toma-chrysostom	REVIEW
იპოვების	იპოვების	9	7	13.0	mrav-chrysostom-jonah|mrav-enkenia-2|mrav-john-baptist-decollatio|mrav-lazare|mrav-timote-1|mrav-toma-chrysostom|proclus-hom-theotokos	REVIEW
ღებისა	ღებისა	9	5	9.3	cyril-epiphany-homily|inventio-stephani-lucian|mrav-enkenia-2|mrav-ioane-zosime|mrav-sinai-fathers-amonios	REVIEW
იქმოდა	იქმოდა	9	7	13.0	cyril-epiphany-homily|mrav-chrysostom-jonah|mrav-enkenia-2|mrav-epiphane-mary|mrav-kharbeba-2|mrav-peter-martyrdom|mrav-sinai-fathers-amonios	REVIEW
იქმნის	იქმნის	9	6	11.1	cyril-epiphany-homily|ephr-markhva|mrav-chrysostom-jonah|mrav-exaltation-cross|mrav-shoba-athanasi|mrav-sulthmofenoba-2	REVIEW
ვიყვენით	ვიყვენით	9	5	9.3	chrys-epiphany-homily|mrav-exaltation-cross|mrav-feristsvaleba|mrav-kharbeba-2|mrav-sinai-fathers-amonios	REVIEW
რომლისათჳსცა	რომლისათვსცა	9	6	11.1	mrav-chrysostom-jonah|mrav-feristsvaleba|mrav-forty-martyrs|mrav-kharbeba-2|mrav-kharbeba-3|mrav-toma-chrysostom	REVIEW
ქმნულ	ქმნულ	9	7	13.0	cyril-epiphany-homily|mrav-epiphane-mary|mrav-forty-martyrs|mrav-kharbeba-1|mrav-martyrs-chrysostom-2|mrav-shoba-athanasi|mrav-sinai-fathers-amonios	REVIEW
ხედვიდა	ხედვიდა	9	7	13.0	chrys-epiphany-homily|cyril-epiphany-homily|mrav-john-baptist-decollatio-2|mrav-kharbeba-2|mrav-kharbeba-3|mrav-natlisgeba-okropiri|mrav-sinai-fathers-amonios	REVIEW
ინება	ინება	9	7	13.0	inventio-stephani-lucian|mrav-kharbeba-1|mrav-kharbeba-2|mrav-kharbeba-3|mrav-shoba-athanasi|mrav-sinai-fathers-amonios|mrav-toma-chrysostom	REVIEW
მღჳმესა	მღვმესა	8	6	11.1	ephr-markhva|mrav-aghdgoma-kyrile|mrav-chrysostom-jonah|mrav-enkenia-1|mrav-john-baptist-decollatio-2|mrav-toma-chrysostom	REVIEW
დღედმდე	დღედმდე	8	3	5.6	mrav-aghdgoma-kyrile|mrav-epiphane-mary|mrav-ioane-zosime	REVIEW
ხედავა	რხედავა	8	5	9.3	mrav-aghdgoma-kyrile|mrav-exaltation-cross|mrav-john-baptist-decollatio|mrav-kharbeba-2|mrav-lazare	REVIEW
სხუაჲცა	სხუაიცა	8	5	9.3	inventio-stephani-lucian|mrav-aghdgoma-kyrile|mrav-basili-2|mrav-john-baptist-decollatio-2|mrav-sinai-fathers-amonios	REVIEW
სიძესა	სიძესა	8	6	11.1	cyril-epiphany-homily|mrav-aghdgoma-kyrile|mrav-enkenia-2|mrav-kharbeba-3|mrav-martyrs-chrysostom-3|mrav-natlisgeba-okropiri	REVIEW
თქუას	თქუას	8	7	13.0	mrav-aghdgoma-kyrile|mrav-antipater-bostrensis-1|mrav-bzoba-severian|mrav-chrysostom-jonah|mrav-dormition-1|mrav-enkenia-2|mrav-john-baptist-decollatio-2	REVIEW
იონა	იონა	8	3	5.6	mrav-aghdgoma-kyrile|mrav-john-baptist-decollatio-2|mrav-lazare	REVIEW
ჴელთაგან	ხელთაგან	8	5	9.3	mrav-aghdgoma-kyrile|mrav-bzoba-iohannes|mrav-chrysostom-jonah|mrav-kharbeba-3|mrav-sinai-fathers-amonios	REVIEW
მეუფესა	მეუფესა	8	5	9.3	cyril-epiphany-homily|mrav-aghdgoma-kyrile|mrav-bzoba-severian|mrav-enkenia-2|mrav-paul-martyrdom	REVIEW
დგეს	დგეს	8	8	14.8	mrav-aghdgoma-kyrile|mrav-chrysostom-jonah|mrav-enkenia-1|mrav-forty-martyrs|mrav-kharbeba-2|mrav-natlisgeba-1|mrav-paul-martyrdom|mrav-sulthmofenoba-2	REVIEW
სცეს	სცეს	8	6	11.1	mart-stepane|mrav-aghdgoma-kyrile|mrav-bzoba-iohannes|mrav-dormition-2|mrav-shoba-athanasi|mrav-sulthmofenoba-2	REVIEW
სძლო	სძლო	8	6	11.1	mrav-aghdgoma-kyrile|mrav-bzoba-iohannes|mrav-cross-vision|mrav-enkenia-1|mrav-martyrs-chrysostom-3|mrav-sinai-fathers-amonios	REVIEW
ცად	ცად	8	5	9.3	mrav-aghdgoma-kyrile|mrav-amaghleba|mrav-enkenia-1|mrav-enkenia-2|mrav-sulthmofenoba-1	REVIEW
მრავლისა	მრავლისა	8	6	11.1	inventio-stephani-lucian|mrav-aghdgoma-kyrile|mrav-aghdgoma-meletios|mrav-chrysostom-jonah|mrav-john-baptist-decollatio|mrav-sinai-fathers-amonios	REVIEW
ჩუენთათჳს	ჩუენთათვს	8	5	9.3	mrav-aghdgoma-kyrile|mrav-colophon-makari|mrav-epiphane-mary|mrav-exaltation-cross|mrav-sinai-fathers-amonios	REVIEW
ღმრთისათა	ღმრთისათა	8	5	9.3	mrav-aghdgoma-kyrile|mrav-departed-ephrem|mrav-enkenia-1|mrav-natlisgeba-1|mrav-sinai-fathers-amonios	REVIEW
ვთქუათ	ვთქუათ	8	7	13.0	chrys-epiphany-homily|mrav-aghdgoma-meletios|mrav-dormition-1|mrav-enkenia-1|mrav-epiphane-mary|mrav-natlisgeba-1|mrav-toma-chrysostom	REVIEW
პილატე	პილატე	8	2	3.7	mart-stepane|mrav-aghdgoma-meletios	REVIEW
იოვანჱსა	იოვანესა	8	4	7.4	cyril-epiphany-homily|mrav-antipater-bostrensis-1|mrav-enkenia-2|mrav-natlisgeba-1	REVIEW
გუექმნა	გუექმნა	8	7	13.0	hesych-hypapante-01|mrav-antipater-bostrensis-1|mrav-epiphane-mary|mrav-exaltation-cross|mrav-kharbeba-2|mrav-peter-martyrdom|proclus-hom-theotokos	REVIEW
სა	სა	8	3	5.6	mrav-antipater-bostrensis-1|mrav-bound-ioane-zosime|mrav-john-baptist-decollatio	REVIEW
ცნა	ცნა	8	6	11.1	mrav-antipater-bostrensis-1|mrav-departed-ephrem|mrav-dormition-1|mrav-john-baptist-decollatio|mrav-lazare|mrav-sulthmofenoba-2	REVIEW
ტაძრად	ტაძრად	8	3	5.6	mart-iaqob-up-dzma|mrav-antipater-bostrensis-1|mrav-timote-1	REVIEW
მანცა	მანცა	8	7	13.0	cyril-epiphany-homily|hesych-hypapante-01|inventio-stephani-lucian|mart-stepane|mrav-basili-1|mrav-cross-vision|mrav-john-baptist-decollatio-2	REVIEW
ჭეშმარიტებისა	ჭეშმარიტებისა	8	7	13.0	chrys-epiphany-homily|mrav-basili-1|mrav-cross-vision|mrav-dormition-1|mrav-kharbeba-2|mrav-kharbeba-3|mrav-toma-chrysostom	REVIEW
თქუმად	თქუმად	8	7	13.0	mrav-basili-1|mrav-bzoba-iohannes|mrav-bzoba-meletios|mrav-bzoba-severian|mrav-dormition-1|mrav-enkenia-1|mrav-feristsvaleba	REVIEW
იკადრა	იკადრა	8	5	9.3	mrav-basili-1|mrav-john-baptist-decollatio|mrav-kharbeba-2|mrav-lazare|mrav-shoba-athanasi	REVIEW
ქრისტჱსთჳს	ქრისტესთვს	8	7	13.0	mart-iaqob-up-dzma|mrav-basili-2|mrav-enkenia-2|mrav-epiphane-mary|mrav-forty-martyrs|mrav-john-baptist-decollatio|mrav-sinai-fathers-amonios	REVIEW
გიჩუენო	გიჩუენო	8	7	13.0	chrys-epiphany-homily|inventio-stephani-lucian|mrav-basili-2|mrav-bzoba-severian|mrav-cross-vision|mrav-martyrs-chrysostom-2|mrav-sinai-fathers-amonios	REVIEW
ჰგონებდა	ჰგონებდა	8	4	7.4	mrav-basili-2|mrav-lazare|mrav-sinai-fathers-amonios|mrav-timote-1	REVIEW
იქმნებიან	იქმნებიან	8	7	13.0	hesych-hypapante-01|inventio-stephani-lucian|mrav-bzoba-iohannes|mrav-epiphane-mary|mrav-john-baptist-decollatio-2|mrav-kharbeba-1|proclus-hom-theotokos	REVIEW
ძენი	ძენი	8	8	14.8	mrav-bzoba-iohannes|mrav-dormition-1|mrav-dormition-2|mrav-feristsvaleba|mrav-john-baptist-decollatio-2|mrav-lazare|mrav-sulthmofenoba-1|mrav-sulthmofenoba-2	REVIEW
ჰრწამს	ჰრწამს	8	6	11.1	mart-stepane|mrav-bzoba-iohannes|mrav-departed-ephrem|mrav-epiphane-mary|mrav-martyrs-chrysostom-2|proclus-hom-theotokos	REVIEW
უგალობდეთ	უგალობდეთ	8	5	9.3	mrav-bzoba-severian|mrav-enkenia-2|mrav-kharbeba-1|mrav-kharbeba-2|mrav-kharbeba-3	REVIEW
მხიარულ	მხიარულ	8	7	13.0	chrys-epiphany-homily|mart-stepane|mrav-bzoba-severian|mrav-epiphane-mary|mrav-exaltation-cross|mrav-martyrs-chrysostom-2|proclus-hom-theotokos	REVIEW
საუკუნესა	საუკუნესა	8	7	13.0	mart-stepane|mrav-bzoba-severian|mrav-epiphane-mary|mrav-john-baptist-decollatio-2|mrav-kharbeba-2|mrav-martyrs-chrysostom-2|mrav-natlisgeba-okropiri	REVIEW
რას	რას	8	5	9.3	mrav-bzoba-severian|mrav-cross-vision|mrav-enkenia-1|mrav-martyrs-chrysostom-3|mrav-sulthmofenoba-2	REVIEW
ელენე	ელენე	8	2	3.7	mrav-cross-vision|mrav-nails-inventio	REVIEW
იგინივე	იგინივე	8	3	5.6	mrav-chrysostom-jonah|mrav-departed-ephrem|mrav-epiphane-mary	REVIEW
იხარებენ	იხარებენ	8	5	9.3	chrys-epiphany-homily|mrav-dormition-1|mrav-dormition-2|mrav-epiphane-mary|mrav-kharbeba-1	REVIEW
ცეცხლისაჲ	ცეცხლისაი	8	6	11.1	mrav-enkenia-1|mrav-feristsvaleba|mrav-kharbeba-2|mrav-martyrs-chrysostom-3|mrav-natlisgeba-1|mrav-sulthmofenoba-2	REVIEW
ეკლესიათათჳს	ეკლესიათათვს	8	2	3.7	mrav-enkenia-1|mrav-enkenia-2	REVIEW
რომელთამე	რომელთამე	8	6	11.1	cyril-epiphany-homily|mart-iaqob-up-dzma|mart-stepane|mrav-enkenia-2|mrav-kharbeba-1|mrav-lazare	REVIEW
იესუჲს	იესუის	8	8	14.8	hesych-hypapante-01|mrav-exaltation-cross|mrav-forty-martyrs|mrav-kharbeba-2|mrav-kharbeba-3|mrav-nails-inventio|mrav-natlisgeba-okropiri|mrav-timote-1	REVIEW
ლუკა	ლუკა	8	5	9.3	mrav-feristsvaleba|mrav-kharbeba-1|mrav-paul-martyrdom|mrav-shoba-athanasi|mrav-timote-1	REVIEW
უპირადჱს	უპირადეს	8	3	5.6	mrav-kharbeba-1|mrav-kharbeba-2|mrav-kharbeba-3	REVIEW
წმიდისაგან	წმიდისაგან	8	2	3.7	mrav-kharbeba-2|mrav-kharbeba-3	REVIEW
პირისაგან	პირისაგან	7	4	7.4	mrav-aghdgoma-kyrile|mrav-chrysostom-jonah|mrav-feristsvaleba|mrav-kharbeba-2	REVIEW
იხილო	იხილო	7	5	9.3	cyril-epiphany-homily|hesych-hypapante-01|mrav-aghdgoma-kyrile|mrav-exaltation-cross|mrav-john-baptist-decollatio-2	REVIEW
ქებათასა	ქებათასა	7	3	5.6	cyril-epiphany-homily|mrav-aghdgoma-kyrile|mrav-enkenia-2	REVIEW
ჰურიათაჲ	ჰურიათაი	7	6	11.1	hesych-hypapante-01|mrav-aghdgoma-kyrile|mrav-cross-vision|mrav-john-baptist-decollatio|mrav-lazare|mrav-timote-1	REVIEW
ცემითა	ცემითა	7	6	11.1	mrav-aghdgoma-kyrile|mrav-departed-ephrem|mrav-kharbeba-3|mrav-martyrs-chrysostom-3|mrav-natlisgeba-okropiri|mrav-sinai-fathers-amonios	REVIEW
ვნებისა	ვნებისა	7	5	9.3	cyril-epiphany-homily|mrav-aghdgoma-kyrile|mrav-basili-2|mrav-lazare|proclus-hom-theotokos	REVIEW
უთხრეს	უთხრეს	7	5	9.3	inventio-stephani-lucian|mrav-aghdgoma-kyrile|mrav-cross-vision|mrav-john-baptist-decollatio|mrav-paul-martyrdom	REVIEW
მეფეთა	მეფეთა	7	4	7.4	mrav-aghdgoma-kyrile|mrav-john-baptist-decollatio|mrav-lazare|mrav-paul-martyrdom	REVIEW
გრწამს	გრწამს	7	5	9.3	mrav-aghdgoma-kyrile|mrav-basili-2|mrav-departed-ephrem|mrav-paul-martyrdom|mrav-sulthmofenoba-2	REVIEW
თქუენისა	თქუენისა	7	7	13.0	mrav-aghdgoma-kyrile|mrav-aghdgoma-meletios|mrav-bzoba-iohannes|mrav-lazare|mrav-shoba-athanasi|mrav-sulthmofenoba-2|mrav-toma-chrysostom	REVIEW
მეწამების	მეწამების	7	3	5.6	mrav-aghdgoma-kyrile|mrav-bzoba-iohannes|mrav-timote-1	REVIEW
ვეშაპისასა	ვეშაპისასა	7	1	1.9	mrav-aghdgoma-kyrile	REVIEW
სიკუდილისათა	სიკუდილისათა	7	7	13.0	chrys-epiphany-homily|mrav-aghdgoma-kyrile|mrav-dormition-1|mrav-dormition-2|mrav-kharbeba-3|mrav-martyrs-chrysostom|proclus-hom-theotokos	REVIEW
მრწამს	მრწამს	7	4	7.4	mrav-aghdgoma-kyrile|mrav-antipater-bostrensis-1|mrav-shoba-athanasi|mrav-toma-chrysostom	REVIEW
წმიდათანი	წმიდათანი	7	4	7.4	mrav-aghdgoma-kyrile|mrav-bzoba-severian|mrav-enkenia-1|mrav-sinai-fathers-amonios	REVIEW
ეგულებოდა	ეგულებოდა	7	7	13.0	cyril-epiphany-homily|mrav-aghdgoma-kyrile|mrav-bzoba-severian|mrav-cross-vision|mrav-kharbeba-3|mrav-sinai-fathers-amonios|mrav-sulthmofenoba-1	REVIEW
გრწმენინ	გრწმენინ	7	4	7.4	mrav-aghdgoma-kyrile|mrav-paul-martyrdom|mrav-sinai-fathers-amonios|mrav-toma-chrysostom	REVIEW
მეფემან	მეფემან	7	4	7.4	mrav-aghdgoma-kyrile|mrav-basili-1|mrav-cross-vision|mrav-john-baptist-decollatio	REVIEW
ღრუბლითა	ღრუბლითა	7	5	9.3	mart-iaqob-up-dzma|mrav-aghdgoma-kyrile|mrav-amaghleba|mrav-bzoba-iohannes|mrav-feristsvaleba	REVIEW
გუაქუს	გუაქუს	7	7	13.0	chrys-epiphany-homily|mrav-aghdgoma-kyrile|mrav-cross-vision|mrav-kharbeba-1|mrav-martyrs-chrysostom-3|mrav-timote-1|proclus-hom-theotokos	REVIEW
წინაწარმეტყუელისაჲ	წინაწარმეტყუელისაი	7	6	11.1	mrav-aghdgoma-kyrile|mrav-bzoba-severian|mrav-chrysostom-jonah|mrav-john-baptist-decollatio|mrav-lazare|mrav-shoba-athanasi	REVIEW
წინაწარმეტყუელთაჲ	წინაწარმეტყუელთაი	7	5	9.3	chrys-epiphany-homily|cyril-epiphany-homily|mrav-aghdgoma-kyrile|mrav-cross-vision|mrav-john-baptist-decollatio	REVIEW
სარწმუნოებისა	სარწმუნოებისა	7	6	11.1	mrav-aghdgoma-kyrile|mrav-antipater-bostrensis-1|mrav-bzoba-severian|mrav-feristsvaleba|mrav-sulthmofenoba-2|mrav-toma-chrysostom	REVIEW
ჰხედავს	ჰხედავს	7	5	9.3	mrav-aghdgoma-kyrile|mrav-bzoba-iohannes|mrav-bzoba-severian|mrav-feristsvaleba|mrav-sulthmofenoba-2	REVIEW
მ	მ	7	3	5.6	cyril-epiphany-homily|mrav-aghdgoma-meletios|mrav-antipater-bostrensis-1	REVIEW
სწავლად	სწავლად	7	6	11.1	mart-stepane|mrav-aghdgoma-meletios|mrav-cross-vision|mrav-natlisgeba-okropiri|mrav-sinai-fathers-amonios|mrav-toma-chrysostom	REVIEW
ღმრთეებითა	ღმრთეებითა	7	4	7.4	mrav-amaghleba|mrav-epiphane-mary|mrav-kharbeba-3|mrav-toma-chrysostom	REVIEW
მცა	მცა	7	6	11.1	mrav-amaghleba|mrav-dormition-1|mrav-exaltation-cross|mrav-lazare|mrav-martyrs-chrysostom|mrav-sinai-fathers-amonios	REVIEW
ყავნ	ყავნ	7	7	13.0	cyril-epiphany-homily|ephr-markhva|mrav-amaghleba|mrav-enkenia-2|mrav-martyrs-chrysostom|mrav-martyrs-chrysostom-3|mrav-new-sunday	REVIEW
ძისაჲ	ძისაი	7	5	9.3	ephr-markhva|mrav-amaghleba|mrav-bzoba-iohannes|mrav-bzoba-severian|proclus-hom-theotokos	REVIEW
საშოჲთ	საშოით	7	3	5.6	mrav-antipater-bostrensis-1|mrav-lazare|mrav-shoba-athanasi	REVIEW
ექმნა	ექმნა	7	6	11.1	mrav-antipater-bostrensis-1|mrav-enkenia-1|mrav-john-baptist-decollatio|mrav-martyrs-chrysostom-2|mrav-natlisgeba-1|mrav-sinai-fathers-amonios	REVIEW
ნატლის	ნატლის	7	3	5.6	cyril-epiphany-homily|mrav-antipater-bostrensis-1|mrav-natlisgeba-1	REVIEW
ჰეროდე	ჰეროდე	7	4	7.4	mrav-antipater-bostrensis-1|mrav-john-baptist-decollatio|mrav-john-baptist-decollatio-2|mrav-shoba-athanasi	REVIEW
ესეო	ესეო	7	2	3.7	mrav-antipater-bostrensis-1|mrav-bzoba-iohannes	REVIEW
იტყჳ	იტყვ	7	6	11.1	mart-stepane|mrav-antipater-bostrensis-1|mrav-chrysostom-jonah|mrav-cross-vision|mrav-kharbeba-3|mrav-lazare	REVIEW
ისწავე	ისწავე	7	6	11.1	mrav-antipater-bostrensis-1|mrav-bzoba-iohannes|mrav-chrysostom-jonah|mrav-kharbeba-1|mrav-kharbeba-3|mrav-toma-chrysostom	REVIEW
სიმრავლესა	სიმრავლესა	7	7	13.0	mart-iaqob-up-dzma|mrav-antipater-bostrensis-1|mrav-basili-2|mrav-forty-martyrs|mrav-natlisgeba-1|mrav-paul-martyrdom|mrav-timote-1	REVIEW
ეწოდოს	ეწოდოს	7	3	5.6	mrav-antipater-bostrensis-1|mrav-kharbeba-1|mrav-shoba-athanasi	REVIEW
მაღლისაჲ	მაღლისაი	7	4	7.4	mrav-antipater-bostrensis-1|mrav-kharbeba-1|mrav-kharbeba-3|mrav-shoba-athanasi	REVIEW
ბრძანებითა	ბრძანებითა	7	6	11.1	mrav-basili-1|mrav-bound-ioane-zosime|mrav-cross-vision|mrav-departed-ephrem|mrav-lazare|mrav-martyrs-chrysostom	REVIEW
ეკლესიად	ეკლესიად	7	3	5.6	mart-iaqob-up-dzma|mrav-basili-1|mrav-sinai-fathers-amonios	REVIEW
ერეოდიან	ერეოდიან	7	3	5.6	mrav-basili-1|mrav-enkenia-1|mrav-feristsvaleba	REVIEW
ჰურიაჲ	ჰურიაი	7	5	9.3	mrav-basili-2|mrav-enkenia-1|mrav-lazare|mrav-shoba-athanasi|mrav-timote-1	REVIEW
იხილონ	იხილონ	7	5	9.3	mrav-basili-2|mrav-epiphane-mary|mrav-lazare|mrav-sulthmofenoba-2|mrav-toma-chrysostom	REVIEW
ცოდვილი	ცოდვილი	7	4	7.4	mrav-bound-ioane-zosime|mrav-colophon-makari|mrav-john-baptist-decollatio|mrav-natlisgeba-1	REVIEW
ვიხარებდეთ	ვიხარებდეთ	7	5	9.3	chrys-epiphany-homily|mrav-bzoba-iohannes|mrav-dormition-1|mrav-kharbeba-3|mrav-new-sunday	REVIEW
მეფენი	მეფენი	7	5	9.3	mrav-bzoba-iohannes|mrav-enkenia-1|mrav-martyrs-chrysostom|mrav-martyrs-chrysostom-3|mrav-shoba-athanasi	REVIEW
მწოვართაჲთა	მწოვართაითა	7	3	5.6	mrav-bzoba-iohannes|mrav-bzoba-meletios|mrav-bzoba-severian	REVIEW
ცათასა	ცათასა	7	7	13.0	chrys-epiphany-homily|cyril-epiphany-homily|mrav-bzoba-iohannes|mrav-chrysostom-jonah|mrav-forty-martyrs|mrav-peter-martyrdom|proclus-hom-theotokos	REVIEW
ღმრთეებისასა	ღმრთეებისასა	7	6	11.1	chrys-epiphany-homily|cyril-epiphany-homily|mrav-bzoba-iohannes|mrav-feristsvaleba|mrav-kharbeba-3|mrav-shoba-athanasi	REVIEW
რქუა	ჰრქუა	7	6	11.1	mrav-bzoba-iohannes|mrav-bzoba-meletios|mrav-cross-vision|mrav-holymonday|mrav-kharbeba-1|mrav-toma-chrysostom	REVIEW
ჰგონებთ	ჰგონებთ	7	6	11.1	mart-stepane|mrav-bzoba-iohannes|mrav-enkenia-2|mrav-john-baptist-decollatio-2|mrav-paul-martyrdom|mrav-sulthmofenoba-2	REVIEW
ყოვლისაგან	ყოვლისაგან	7	6	11.1	ephr-markhva|mrav-bzoba-iohannes|mrav-bzoba-severian|mrav-exaltation-cross|mrav-kharbeba-2|mrav-toma-chrysostom	REVIEW
კაცთასა	კაცთასა	7	6	11.1	mrav-bzoba-severian|mrav-cross-vision|mrav-forty-martyrs|mrav-kharbeba-3|mrav-natlisgeba-1|proclus-hom-theotokos	REVIEW
ცოდვითა	ცოდვითა	7	6	11.1	cyril-epiphany-homily|mrav-bzoba-severian|mrav-chrysostom-jonah|mrav-enkenia-2|mrav-natlisgeba-okropiri|mrav-sulthmofenoba-2	REVIEW
ჴელმწიფებით	ხელმწიფებით	7	3	5.6	chrys-epiphany-homily|mrav-bzoba-severian|mrav-lazare	REVIEW
ცაჲ	ცაი	7	7	13.0	chrys-epiphany-homily|mrav-bzoba-severian|mrav-cross-vision|mrav-enkenia-1|mrav-kharbeba-1|mrav-timote-1|proclus-hom-theotokos	REVIEW
უფლისანი	უფლისანი	7	6	11.1	cyril-epiphany-homily|mrav-bzoba-severian|mrav-enkenia-2|mrav-epiphane-mary|mrav-feristsvaleba|mrav-forty-martyrs	REVIEW
ჯუარისაჲ	ჯუარისაი	7	5	9.3	mrav-cross-vision|mrav-dormition-2|mrav-enkenia-2|mrav-exaltation-cross|mrav-nails-inventio	REVIEW
უჩუენა	უჩუენა	7	6	11.1	inventio-stephani-lucian|mrav-cross-vision|mrav-exaltation-cross|mrav-feristsvaleba|mrav-lazare|mrav-sulthmofenoba-1	REVIEW
ჰკითხვიდა	ჰკითხვიდა	7	5	9.3	mart-stepane|mrav-cross-vision|mrav-enkenia-2|mrav-peter-martyrdom|mrav-timote-1	REVIEW
ჰყო	ჰყო	7	4	7.4	mrav-cross-vision|mrav-enkenia-1|mrav-john-baptist-decollatio|mrav-lazare	REVIEW
ჩემნო	ჩემნო	7	4	7.4	mrav-dormition-1|mrav-dormition-2|mrav-john-baptist-decollatio|mrav-sinai-fathers-amonios	REVIEW
წმიდათაჲ	წმიდათაი	7	5	9.3	hesych-hypapante-01|mrav-dormition-1|mrav-forty-martyrs|mrav-kharbeba-3|mrav-sinai-fathers-amonios	REVIEW
კიდეთა	კიდეთა	7	5	9.3	mrav-dormition-2|mrav-feristsvaleba|mrav-forty-martyrs|mrav-martyrs-chrysostom|mrav-sulthmofenoba-1	REVIEW
ჴორცთაჲ	ხორცთაი	7	6	11.1	hesych-hypapante-01|mrav-chrysostom-jonah|mrav-enkenia-1|mrav-forty-martyrs|mrav-john-baptist-decollatio|mrav-natlisgeba-okropiri	REVIEW
სოფლისანი	სოფლისანი	7	4	7.4	cyril-epiphany-homily|mrav-enkenia-1|mrav-enkenia-2|mrav-shoba-athanasi	REVIEW
ერთითა	ერთითა	7	6	11.1	ephr-markhva|mrav-enkenia-1|mrav-enkenia-2|mrav-forty-martyrs|mrav-john-baptist-decollatio-2|mrav-timote-1	REVIEW
ქრისტჱსთა	ქრისტესთა	7	6	11.1	mrav-enkenia-1|mrav-epiphane-mary|mrav-martyrs-chrysostom|mrav-martyrs-chrysostom-2|mrav-nails-inventio|mrav-sinai-fathers-amonios	REVIEW
ყოფითა	ყოფითა	7	7	13.0	mrav-enkenia-1|mrav-enkenia-2|mrav-epiphane-mary|mrav-forty-martyrs|mrav-kharbeba-2|mrav-new-sunday|proclus-hom-theotokos	REVIEW
ეკლესიამან	ეკლესიამან	7	5	9.3	mrav-enkenia-1|mrav-enkenia-2|mrav-epiphane-mary|mrav-shoba-athanasi|proclus-hom-theotokos	REVIEW
ქმრისა	ქმრისა	7	6	11.1	mrav-enkenia-2|mrav-forty-martyrs|mrav-john-baptist-decollatio-2|mrav-kharbeba-2|mrav-kharbeba-3|mrav-lazare	REVIEW
ბნელისაგან	ბნელისაგან	7	2	3.7	mrav-exaltation-cross|mrav-new-sunday	REVIEW
დიდებულსა	დიდებულსა	7	6	11.1	chrys-epiphany-homily|mrav-feristsvaleba|mrav-kharbeba-2|mrav-kharbeba-3|mrav-natlisgeba-okropiri|mrav-shoba-athanasi	REVIEW
საპყრობილესა	საპყრობილესა	7	6	11.1	mart-stepane|mrav-chrysostom-jonah|mrav-john-baptist-decollatio|mrav-john-baptist-decollatio-2|mrav-martyrs-chrysostom-2|mrav-paul-martyrdom	REVIEW
სახედცა	სახედცა	7	2	3.7	mrav-chrysostom-jonah|mrav-john-baptist-decollatio	REVIEW
მშჳდობისა	მშვდობისა	7	6	11.1	chrys-epiphany-homily|mrav-chrysostom-jonah|mrav-epiphane-mary|mrav-kharbeba-1|mrav-kharbeba-3|mrav-toma-chrysostom	REVIEW
ძლიერებით	ძლიერებით	7	3	5.6	mrav-epiphane-mary|mrav-lazare|mrav-natlisgeba-okropiri	REVIEW
მარხვისაჲ	მარხვისაი	7	3	5.6	ephr-markhva|mrav-chrysostom-jonah|mrav-lazare	REVIEW
იწყეს	იწყეს	7	3	5.6	mrav-sinai-fathers-amonios|mrav-sulthmofenoba-1|mrav-sulthmofenoba-2	REVIEW
ითარგმანების	ითარგმანების	6	6	11.1	mart-stepane|mrav-aghdgoma-kyrile|mrav-enkenia-2|mrav-feristsvaleba|mrav-kharbeba-2|proclus-hom-theotokos	REVIEW
ნი	ნი	6	5	9.3	inventio-stephani-lucian|mrav-aghdgoma-kyrile|mrav-amaghleba|mrav-bzoba-severian|mrav-kharbeba-1	REVIEW
იტყჳთ	იტყვთ	6	4	7.4	mart-stepane|mrav-aghdgoma-kyrile|mrav-aghdgoma-meletios|mrav-bzoba-iohannes	REVIEW
ორ	ორ	6	4	7.4	inventio-stephani-lucian|mrav-aghdgoma-kyrile|mrav-cross-vision|mrav-sinai-fathers-amonios	REVIEW
ეგო	ეგო	6	4	7.4	mrav-aghdgoma-kyrile|mrav-dormition-2|mrav-shoba-athanasi|proclus-hom-theotokos	REVIEW
ქადაგებად	ქადაგებად	6	5	9.3	cyril-epiphany-homily|mrav-aghdgoma-kyrile|mrav-amaghleba|mrav-feristsvaleba|mrav-toma-chrysostom	REVIEW
ბუნებისა	ბუნებისა	6	6	11.1	hesych-hypapante-01|mrav-aghdgoma-kyrile|mrav-chrysostom-jonah|mrav-lazare|mrav-natlisgeba-okropiri|mrav-toma-chrysostom	REVIEW
საღმრთოთაგან	საღმრთოთაგან	6	4	7.4	cyril-epiphany-homily|mrav-aghdgoma-kyrile|mrav-feristsvaleba|mrav-kharbeba-3	REVIEW
ჯოჯოხეთა	ჯოჯოხეთა	6	4	7.4	mrav-aghdgoma-kyrile|mrav-aghdgoma-meletios|mrav-chrysostom-jonah|mrav-enkenia-1	REVIEW
ეწამების	ეწამების	6	6	11.1	chrys-epiphany-homily|mrav-aghdgoma-kyrile|mrav-feristsvaleba|mrav-john-baptist-decollatio-2|mrav-kharbeba-1|mrav-sulthmofenoba-1	REVIEW
ეკლესიისა	ეკლესიისა	6	4	7.4	mrav-aghdgoma-kyrile|mrav-basili-1|mrav-exaltation-cross|mrav-lazare	REVIEW
კოსტანტინე	კოსტანტინე	6	2	3.7	mrav-aghdgoma-kyrile|mrav-cross-vision	REVIEW
ღმრთისამან	ღმრთისამან	6	6	11.1	cyril-epiphany-homily|mrav-aghdgoma-kyrile|mrav-bzoba-iohannes|mrav-dormition-1|mrav-epiphane-mary|mrav-kharbeba-1	REVIEW
ქრისტჱსნი	ქრისტესნი	6	6	11.1	mrav-aghdgoma-kyrile|mrav-enkenia-2|mrav-forty-martyrs|mrav-kharbeba-2|mrav-martyrs-chrysostom-3|mrav-sinai-fathers-amonios	REVIEW
სიმდიდრესა	სიმდიდრესა	6	5	9.3	mrav-aghdgoma-kyrile|mrav-enkenia-1|mrav-feristsvaleba|mrav-kharbeba-2|mrav-martyrs-chrysostom	REVIEW
ცხოველთასა	ცხოველთასა	6	3	5.6	mrav-aghdgoma-kyrile|mrav-departed-ephrem|mrav-enkenia-1	REVIEW
იღე	იღე	6	3	5.6	chrys-epiphany-homily|mrav-aghdgoma-meletios|mrav-dormition-2	REVIEW
პილატეს	პილატეს	6	3	5.6	mart-stepane|mrav-aghdgoma-meletios|mrav-john-baptist-decollatio	REVIEW
იტყოდის	იტყოდის	6	5	9.3	mrav-aghdgoma-meletios|mrav-bzoba-severian|mrav-dormition-1|mrav-enkenia-1|mrav-sulthmofenoba-2	REVIEW
ზრახვანი	ზრახვანი	6	5	9.3	hesych-hypapante-01|mrav-aghdgoma-meletios|mrav-forty-martyrs|mrav-new-sunday|mrav-sulthmofenoba-1	REVIEW
ჩუენისაჲ	ჩუენისაი	6	6	11.1	mart-stepane|mrav-aghdgoma-meletios|mrav-forty-martyrs|mrav-martyrs-chrysostom|mrav-martyrs-chrysostom-3|mrav-new-sunday	REVIEW
ყოველთაგან	ყოველთაგან	6	6	11.1	mrav-aghdgoma-meletios|mrav-bzoba-severian|mrav-chrysostom-jonah|mrav-feristsvaleba|mrav-forty-martyrs|mrav-kharbeba-2	REVIEW
ქალწულისასა	ქალწულისასა	6	6	11.1	mrav-amaghleba|mrav-dormition-1|mrav-epiphane-mary|mrav-kharbeba-2|mrav-shoba-athanasi|proclus-hom-theotokos	REVIEW
დღენი	დღენი	6	5	9.3	mrav-amaghleba|mrav-enkenia-2|mrav-kharbeba-1|mrav-sinai-fathers-amonios|mrav-timote-1	REVIEW
უფლისაგან	უფლისაგან	6	6	11.1	mrav-antipater-bostrensis-1|mrav-bzoba-iohannes|mrav-lazare|mrav-martyrs-chrysostom-2|mrav-timote-1|mrav-toma-chrysostom	REVIEW
თჳსთაჲ	თვსთაი	6	5	9.3	inventio-stephani-lucian|mrav-antipater-bostrensis-1|mrav-departed-ephrem|mrav-enkenia-2|mrav-martyrs-chrysostom	REVIEW
სიმჴნესა	სიმხნესა	6	3	5.6	inventio-stephani-lucian|mrav-antipater-bostrensis-1|mrav-forty-martyrs	REVIEW
ორნივე	ორნივე	6	5	9.3	mart-stepane|mrav-antipater-bostrensis-1|mrav-dormition-1|mrav-enkenia-2|mrav-john-baptist-decollatio	REVIEW
ხილვითა	ხილვითა	6	3	5.6	mrav-antipater-bostrensis-1|mrav-departed-ephrem|mrav-toma-chrysostom	REVIEW
დღეთაჲ	დღეთაი	6	5	9.3	inventio-stephani-lucian|mrav-antipater-bostrensis-1|mrav-epiphane-mary|mrav-new-sunday|mrav-shoba-athanasi	REVIEW
უგულებელს	უგულებელს	6	5	9.3	mrav-antipater-bostrensis-1|mrav-cross-vision|mrav-forty-martyrs|mrav-sinai-fathers-amonios|proclus-hom-theotokos	REVIEW
შვეს	შვეს	6	5	9.3	mart-stepane|mrav-antipater-bostrensis-1|mrav-dormition-1|mrav-shoba-athanasi|mrav-timote-1	REVIEW
ერისასა	ერისასა	6	6	11.1	hesych-hypapante-01|mart-iaqob-up-dzma|mart-stepane|mrav-antipater-bostrensis-1|mrav-natlisgeba-1|mrav-timote-1	REVIEW
ჰპოვე	ჰპოვე	6	5	9.3	mrav-antipater-bostrensis-1|mrav-kharbeba-1|mrav-kharbeba-2|mrav-kharbeba-3|mrav-toma-chrysostom	REVIEW
უცხოსა	უცხოსა	6	4	7.4	mrav-antipater-bostrensis-1|mrav-martyrs-chrysostom|mrav-shoba-athanasi|mrav-toma-chrysostom	REVIEW
მეფესა	მეფესა	6	5	9.3	mrav-basili-1|mrav-cross-vision|mrav-enkenia-2|mrav-forty-martyrs|mrav-john-baptist-decollatio	REVIEW
სახარებისა	სახარებისა	6	6	11.1	cyril-epiphany-homily|inventio-stephani-lucian|mrav-basili-1|mrav-dormition-1|mrav-epiphane-mary|mrav-kharbeba-3	REVIEW
სთქუ	სთქუ	6	6	11.1	inventio-stephani-lucian|mrav-basili-2|mrav-bzoba-severian|mrav-feristsvaleba|mrav-sinai-fathers-amonios|mrav-toma-chrysostom	REVIEW
ყვის	ყვის	6	5	9.3	mrav-basili-2|mrav-enkenia-2|mrav-exaltation-cross|mrav-sinai-fathers-amonios|mrav-sulthmofenoba-1	REVIEW
რტოები	რტოები	6	4	7.4	mrav-bzoba-iohannes|mrav-bzoba-severian|mrav-lazare|mrav-sinai-fathers-amonios	REVIEW
ღმრთეებისაჲ	ღმრთეებისაი	6	4	7.4	mrav-bzoba-iohannes|mrav-enkenia-1|mrav-feristsvaleba|mrav-kharbeba-3	REVIEW
ტიროდა	ტიროდა	6	3	5.6	mrav-bzoba-meletios|mrav-chrysostom-jonah|mrav-sinai-fathers-amonios	REVIEW
ჴმისა	ხმისა	6	6	11.1	mrav-bzoba-meletios|mrav-chrysostom-jonah|mrav-enkenia-2|mrav-epiphane-mary|mrav-feristsvaleba|mrav-toma-chrysostom	REVIEW
ჩუენებაჲ	ჩუენებაი	6	3	5.6	inventio-stephani-lucian|mrav-bzoba-severian|mrav-epiphane-mary	REVIEW
სცნა	სცნა	6	6	11.1	mrav-bzoba-severian|mrav-chrysostom-jonah|mrav-cross-vision|mrav-exaltation-cross|mrav-lazare|mrav-paul-martyrdom	REVIEW
გჳჩუენა	გვჩუენა	6	4	7.4	chrys-epiphany-homily|mrav-bzoba-severian|mrav-chrysostom-jonah|mrav-departed-ephrem	REVIEW
ესმოდა	ესმოდა	6	5	9.3	mrav-bzoba-severian|mrav-feristsvaleba|mrav-martyrs-chrysostom-2|mrav-natlisgeba-1|mrav-sulthmofenoba-2	REVIEW
სთქუა	სთქუა	6	4	7.4	mrav-bzoba-severian|mrav-chrysostom-jonah|mrav-enkenia-2|mrav-natlisgeba-okropiri	REVIEW
იოვანჱსი	იოვანესი	6	5	9.3	mrav-bzoba-severian|mrav-enkenia-2|mrav-john-baptist-decollatio-2|mrav-natlisgeba-1|mrav-natlisgeba-okropiri	REVIEW
სიკუდილისაგან	სიკუდილისაგან	6	6	11.1	mrav-colophon-makari|mrav-dormition-1|mrav-kharbeba-2|mrav-kharbeba-3|mrav-sinai-fathers-amonios|mrav-sulthmofenoba-1	REVIEW
ქრისტიანენი	ქრისტიანენი	6	4	7.4	mrav-cross-vision|mrav-epiphane-mary|mrav-paul-martyrdom|mrav-sinai-fathers-amonios	REVIEW
იშვეს	იშვეს	6	4	7.4	cyril-epiphany-homily|mrav-cross-vision|mrav-dormition-1|mrav-kharbeba-2	REVIEW
იციან	იციან	6	5	9.3	mart-stepane|mrav-cross-vision|mrav-martyrs-chrysostom-2|mrav-shoba-athanasi|mrav-toma-chrysostom	REVIEW
ეკრძალე	ეკრძალე	6	4	7.4	mrav-cross-vision|mrav-enkenia-2|mrav-epiphane-mary|mrav-john-baptist-decollatio-2	REVIEW
ვარქუ	ვარქუ	6	2	3.7	inventio-stephani-lucian|mrav-cross-vision	REVIEW
ეწიფების	ეწიფების	6	5	9.3	cyril-epiphany-homily|mrav-cross-vision|mrav-forty-martyrs|mrav-sulthmofenoba-2|mrav-toma-chrysostom	REVIEW
ცეცხლისასა	ცეცხლისასა	6	5	9.3	ephr-markhva|mrav-chrysostom-jonah|mrav-cross-vision|mrav-forty-martyrs|mrav-sulthmofenoba-2	REVIEW
ეკლესიათაჲ	ეკლესიათაი	6	5	9.3	mrav-departed-ephrem|mrav-enkenia-2|mrav-john-baptist-decollatio|mrav-sulthmofenoba-2|mrav-timote-1	REVIEW
მეცნიერებით	მეცნიერებით	6	1	1.9	mrav-departed-ephrem	REVIEW
სიკუდილისაჲ	სიკუდილისაი	6	4	7.4	mrav-departed-ephrem|mrav-dormition-2|mrav-martyrs-chrysostom-3|proclus-hom-theotokos	REVIEW
ქალწულისაჲ	ქალწულისაი	6	5	9.3	mrav-dormition-1|mrav-kharbeba-2|mrav-kharbeba-3|mrav-shoba-athanasi|proclus-hom-theotokos	REVIEW
ვყავთ	ვყავთ	6	4	7.4	mart-iaqob-up-dzma|mrav-dormition-2|mrav-exaltation-cross|mrav-sinai-fathers-amonios	REVIEW
ჩუენისათჳს	ჩუენისათვს	6	6	11.1	inventio-stephani-lucian|mrav-enkenia-1|mrav-forty-martyrs|mrav-martyrs-chrysostom-3|mrav-sulthmofenoba-1|proclus-hom-theotokos	REVIEW
იქმნე	იქმნე	6	2	3.7	cyril-epiphany-homily|mrav-enkenia-1	REVIEW
რაჲღა	რაიღა	6	6	11.1	cyril-epiphany-homily|mrav-chrysostom-jonah|mrav-enkenia-1|mrav-enkenia-2|mrav-feristsvaleba|mrav-shoba-athanasi	REVIEW
გურიტისაჲ	გურიტისაი	6	1	1.9	mrav-enkenia-2	REVIEW
ცათაჲ	ცათაი	6	5	9.3	inventio-stephani-lucian|mrav-enkenia-2|mrav-epiphane-mary|mrav-feristsvaleba|mrav-sinai-fathers-amonios	REVIEW
ისრისა	ისრისა	6	2	3.7	mrav-enkenia-2|mrav-sulthmofenoba-2	REVIEW
ბუნებისაჲ	ბუნებისაი	6	5	9.3	mrav-epiphane-mary|mrav-feristsvaleba|mrav-forty-martyrs|mrav-kharbeba-2|mrav-shoba-athanasi	REVIEW
ელიაჲსა	ელიაისა	6	2	3.7	mrav-feristsvaleba|mrav-lazare	REVIEW
თხრობად	თხრობად	6	5	9.3	inventio-stephani-lucian|mrav-chrysostom-jonah|mrav-feristsvaleba|mrav-john-baptist-decollatio|mrav-sinai-fathers-amonios	REVIEW
უცხოთა	უცხოთა	6	5	9.3	mrav-forty-martyrs|mrav-kharbeba-3|mrav-lazare|mrav-sulthmofenoba-1|mrav-sulthmofenoba-2	REVIEW
სცთა	სცთა	6	4	7.4	mart-iaqob-up-dzma|mrav-kharbeba-2|mrav-lazare|mrav-shoba-athanasi	REVIEW
თქუ	თქუ	6	4	7.4	cyril-epiphany-homily|mart-stepane|mrav-john-baptist-decollatio-2|proclus-hom-theotokos	REVIEW
ზრახვასა	ზრახვასა	6	5	9.3	mrav-epiphane-mary|mrav-john-baptist-decollatio|mrav-kharbeba-2|mrav-natlisgeba-1|mrav-sinai-fathers-amonios	REVIEW
ევა	ევა	6	5	9.3	mrav-epiphane-mary|mrav-kharbeba-1|mrav-kharbeba-3|mrav-lazare|mrav-shoba-athanasi	REVIEW
სიწმიდისაჲ	სიწმიდისაი	6	6	11.1	cyril-epiphany-homily|mrav-epiphane-mary|mrav-kharbeba-2|mrav-kharbeba-3|mrav-natlisgeba-okropiri|proclus-hom-theotokos	REVIEW
ქადაგებდა	ქადაგებდა	6	5	9.3	hesych-hypapante-01|mrav-kharbeba-2|mrav-natlisgeba-1|mrav-natlisgeba-okropiri|mrav-peter-martyrdom	REVIEW
საუკუნეთაჲ	საუკუნეთაი	6	4	7.4	mrav-kharbeba-3|mrav-paul-martyrdom|mrav-timote-1|mrav-toma-chrysostom	REVIEW
ბეთანიად	ბეთანიად	6	1	1.9	mrav-lazare	REVIEW
სცემდა	სცემდა	6	3	5.6	cyril-epiphany-homily|mrav-chrysostom-jonah|mrav-natlisgeba-1	REVIEW
ყრმად	ყრმად	6	2	3.7	hesych-hypapante-01|mrav-timote-1	REVIEW
ვიხილო	ვიხილო	6	2	3.7	mrav-timote-1|mrav-toma-chrysostom	REVIEW
ნათლითა	ნათლითა	5	4	7.4	mrav-aghdgoma-kyrile|mrav-epiphane-mary|mrav-exaltation-cross|mrav-new-sunday	REVIEW
მცირედრე	მცირედრე	5	4	7.4	mrav-aghdgoma-kyrile|mrav-bzoba-iohannes|mrav-paul-martyrdom|mrav-shoba-athanasi	REVIEW
იყოა	იყოა	5	4	7.4	mrav-aghdgoma-kyrile|mrav-john-baptist-decollatio|mrav-john-baptist-decollatio-2|mrav-lazare	REVIEW
თუესა	თუესა	5	4	7.4	mrav-aghdgoma-kyrile|mrav-antipater-bostrensis-1|mrav-kharbeba-2|mrav-nails-inventio	REVIEW
რასმე	რასმე	5	5	9.3	mrav-aghdgoma-kyrile|mrav-enkenia-1|mrav-enkenia-2|mrav-epiphane-mary|mrav-john-baptist-decollatio-2	REVIEW
ხედვენ	ხედვენ	5	4	7.4	chrys-epiphany-homily|mrav-aghdgoma-kyrile|mrav-feristsvaleba|mrav-shoba-athanasi	REVIEW
გეტყჳ	გეტყვ	5	4	7.4	inventio-stephani-lucian|mrav-aghdgoma-kyrile|mrav-bzoba-severian|mrav-cross-vision	REVIEW
თქუენთჳს	თქუენთვს	5	4	7.4	mart-iaqob-up-dzma|mrav-aghdgoma-kyrile|mrav-feristsvaleba|mrav-toma-chrysostom	REVIEW
ეკლესიანი	ეკლესიანი	5	4	7.4	mrav-aghdgoma-kyrile|mrav-bzoba-iohannes|mrav-enkenia-1|mrav-sulthmofenoba-1	REVIEW
ორისა	ორისა	5	5	9.3	inventio-stephani-lucian|mrav-aghdgoma-kyrile|mrav-feristsvaleba|mrav-forty-martyrs|mrav-sinai-fathers-amonios	REVIEW
ჩუენისასა	ჩუენისასა	5	4	7.4	mrav-aghdgoma-kyrile|mrav-colophon-makari|mrav-kharbeba-3|mrav-toma-chrysostom	REVIEW
ვჰყოფთ	ვჰყოფთ	5	5	9.3	mrav-aghdgoma-kyrile|mrav-enkenia-2|mrav-exaltation-cross|mrav-natlisgeba-okropiri|mrav-toma-chrysostom	REVIEW
უწყოდა	უწყოდა	5	5	9.3	mrav-aghdgoma-kyrile|mrav-chrysostom-jonah|mrav-john-baptist-decollatio-2|mrav-sulthmofenoba-2|mrav-timote-1	REVIEW
სარწმუნოებისასა	სარწმუნოებისასა	5	4	7.4	mrav-aghdgoma-kyrile|mrav-bzoba-severian|mrav-natlisgeba-okropiri|mrav-peter-martyrdom	REVIEW
მეჩუენა	მეჩუენა	5	2	3.7	inventio-stephani-lucian|mrav-aghdgoma-kyrile	REVIEW
მთით	მთით	5	3	5.6	mrav-aghdgoma-kyrile|mrav-feristsvaleba|mrav-sinai-fathers-amonios	REVIEW
ღრუბელი	ღრუბელი	5	4	7.4	mrav-aghdgoma-kyrile|mrav-amaghleba|mrav-feristsvaleba|mrav-lazare	REVIEW
საუკუნენი	საუკუნენი	5	5	9.3	mrav-aghdgoma-kyrile|mrav-amaghleba|mrav-basili-1|mrav-forty-martyrs|mrav-new-sunday	REVIEW
სიმაღლესა	სიმაღლესა	5	4	7.4	hesych-hypapante-01|mrav-aghdgoma-kyrile|mrav-chrysostom-jonah|mrav-kharbeba-3	REVIEW
სირცხჳლ	სირცხვლ	5	4	7.4	mrav-aghdgoma-kyrile|mrav-shoba-athanasi|mrav-toma-chrysostom|proclus-hom-theotokos	REVIEW
კლიტენი	კლიტენი	5	4	7.4	mrav-aghdgoma-kyrile|mrav-basili-1|mrav-epiphane-mary|mrav-feristsvaleba	REVIEW
ძემან	ძემან	5	5	9.3	cyril-epiphany-homily|mrav-aghdgoma-kyrile|mrav-bzoba-iohannes|mrav-dormition-1|mrav-paul-martyrdom	REVIEW
ჩუენთაჲ	ჩუენთაი	5	4	7.4	mrav-aghdgoma-kyrile|mrav-epiphane-mary|mrav-kharbeba-3|mrav-sinai-fathers-amonios	REVIEW
დიდებით	დიდებით	5	4	7.4	mrav-aghdgoma-kyrile|mrav-bzoba-iohannes|mrav-enkenia-2|mrav-feristsvaleba	REVIEW
მაღლად	მაღლად	5	4	7.4	ephr-markhva|mrav-amaghleba|mrav-kharbeba-1|mrav-sulthmofenoba-1	REVIEW
ვიყვნეთ	ვიყვნეთ	5	5	9.3	inventio-stephani-lucian|mrav-amaghleba|mrav-bzoba-severian|mrav-enkenia-1|mrav-paul-martyrdom	REVIEW
ი	ი	5	3	5.6	mrav-antipater-bostrensis-1|mrav-forty-martyrs|mrav-kharbeba-1	REVIEW
შჯულისაჲ	შჯულისაი	5	5	9.3	chrys-epiphany-homily|mrav-antipater-bostrensis-1|mrav-bzoba-severian|mrav-epiphane-mary|mrav-timote-1	REVIEW
შვილ	შვილ	5	5	9.3	cyril-epiphany-homily|mrav-antipater-bostrensis-1|mrav-bzoba-severian|mrav-cross-vision|mrav-toma-chrysostom	REVIEW
დღისაჲ	დღისაი	5	5	9.3	mrav-antipater-bostrensis-1|mrav-feristsvaleba|mrav-lazare|mrav-new-sunday|mrav-sulthmofenoba-2	REVIEW
უთხრა	უთხრა	5	5	9.3	inventio-stephani-lucian|mrav-antipater-bostrensis-1|mrav-john-baptist-decollatio|mrav-lazare|mrav-sinai-fathers-amonios	REVIEW
საღმრთოჲ	საღმრთოი	5	5	9.3	mrav-basili-1|mrav-john-baptist-decollatio|mrav-kharbeba-2|mrav-kharbeba-3|mrav-sulthmofenoba-2	REVIEW
სარწმუნოებისაჲთა	სარწმუნოებისაითა	5	5	9.3	mrav-basili-2|mrav-kharbeba-3|mrav-natlisgeba-okropiri|mrav-paul-martyrdom|mrav-shoba-athanasi	REVIEW
ბორცჳ	ბორცვ	5	2	3.7	inventio-stephani-lucian|mrav-basili-2	REVIEW
ილოცა	ილოცა	5	5	9.3	mrav-basili-2|mrav-cross-vision|mrav-john-baptist-decollatio-2|mrav-lazare|mrav-peter-martyrdom	REVIEW
ყოველთასა	ყოველთასა	5	5	9.3	mrav-bound-ioane-zosime|mrav-bzoba-severian|mrav-dormition-1|mrav-lazare|mrav-sinai-fathers-amonios	REVIEW
ვდღესასწაულობდეთ	ვდღესასწაულობდეთ	5	3	5.6	mrav-bzoba-iohannes|mrav-dormition-1|mrav-kharbeba-2	REVIEW
სამოსლისა	სამოსლისა	5	5	9.3	mrav-bzoba-iohannes|mrav-bzoba-severian|mrav-enkenia-2|mrav-forty-martyrs|mrav-natlisgeba-1	REVIEW
უჩნდა	უჩნდა	5	4	7.4	mrav-bzoba-iohannes|mrav-john-baptist-decollatio|mrav-shoba-athanasi|proclus-hom-theotokos	REVIEW
ღმრთით	ღმრთით	5	4	7.4	mrav-bzoba-iohannes|mrav-epiphane-mary|mrav-kharbeba-3|mrav-shoba-athanasi	REVIEW
ჰყოფს	ჰყოფს	5	5	9.3	chrys-epiphany-homily|hesych-hypapante-01|mrav-bzoba-iohannes|mrav-enkenia-2|mrav-feristsvaleba	REVIEW
ძეო	ძეო	5	4	7.4	mrav-bzoba-iohannes|mrav-bzoba-severian|mrav-dormition-2|proclus-hom-theotokos	REVIEW
ბრძოლად	ბრძოლად	5	3	5.6	cyril-epiphany-homily|mrav-bzoba-iohannes|mrav-sinai-fathers-amonios	REVIEW
მამისაჲთა	მამისაითა	5	3	5.6	mrav-bzoba-iohannes|mrav-colophon-makari|mrav-feristsvaleba	REVIEW
ნათლად	ნათლად	5	4	7.4	mrav-bzoba-iohannes|mrav-exaltation-cross|mrav-kharbeba-2|mrav-new-sunday	REVIEW
იჴსნა	იხსნა	5	4	7.4	mrav-bzoba-iohannes|mrav-shoba-athanasi|mrav-sulthmofenoba-1|proclus-hom-theotokos	REVIEW
ერთიერთსა	ერთიერთსა	5	4	7.4	mrav-bzoba-iohannes|mrav-exaltation-cross|mrav-forty-martyrs|mrav-sinai-fathers-amonios	REVIEW
დიდებად	დიდებად	5	5	9.3	ephr-markhva|hesych-hypapante-01|inventio-stephani-lucian|mrav-bzoba-iohannes|mrav-dormition-1	REVIEW
წმიდითურთ	წმიდითურთ	5	5	9.3	mrav-bzoba-iohannes|mrav-bzoba-meletios|mrav-epiphane-mary|mrav-natlisgeba-1|mrav-toma-chrysostom	REVIEW
რომელთაჲ	რომელთაი	5	4	7.4	ephr-markhva|mrav-bzoba-meletios|mrav-bzoba-severian|mrav-john-baptist-decollatio-2	REVIEW
სოფლისასა	სოფლისასა	5	4	7.4	mrav-bzoba-meletios|mrav-new-sunday|mrav-paul-martyrdom|mrav-sinai-fathers-amonios	REVIEW
ერმან	ერმან	5	4	7.4	mrav-bzoba-meletios|mrav-cross-vision|mrav-lazare|mrav-paul-martyrdom	REVIEW
ღაღადებენ	ღაღადებენ	5	4	7.4	mrav-bzoba-severian|mrav-john-baptist-decollatio|mrav-shoba-athanasi|mrav-sulthmofenoba-1	REVIEW
ცოდვილთა	ცოდვილთა	5	5	9.3	inventio-stephani-lucian|mrav-bzoba-severian|mrav-colophon-makari|mrav-epiphane-mary|mrav-sinai-fathers-amonios	REVIEW
სამეუფოჲ	სამეუფოი	5	4	7.4	mrav-bzoba-severian|mrav-feristsvaleba|mrav-john-baptist-decollatio|mrav-kharbeba-1	REVIEW
ქადაგებენ	ქადაგებენ	5	5	9.3	mrav-bzoba-severian|mrav-epiphane-mary|mrav-new-sunday|mrav-shoba-athanasi|mrav-sulthmofenoba-1	REVIEW
ცისათა	ცისათა	5	4	7.4	mart-stepane|mrav-bzoba-severian|mrav-enkenia-2|mrav-kharbeba-2	REVIEW
ითქუა	ითქუა	5	5	9.3	cyril-epiphany-homily|mrav-bzoba-severian|mrav-kharbeba-2|mrav-lazare|mrav-sulthmofenoba-1	REVIEW
ითხოვდა	ითხოვდა	5	4	7.4	mrav-bzoba-severian|mrav-john-baptist-decollatio-2|mrav-kharbeba-2|mrav-sinai-fathers-amonios	REVIEW
ჯუარისაჲთა	ჯუარისაითა	5	4	7.4	mrav-colophon-makari|mrav-cross-vision|mrav-exaltation-cross|mrav-feristsvaleba	REVIEW
თთუესა	თთუესა	5	4	7.4	inventio-stephani-lucian|mart-stepane|mrav-cross-vision|mrav-nails-inventio	REVIEW
მდინარესა	მდინარესა	5	4	7.4	cyril-epiphany-homily|mrav-cross-vision|mrav-forty-martyrs|mrav-new-sunday	REVIEW
ბრძოლისა	ბრძოლისა	5	4	7.4	mrav-cross-vision|mrav-forty-martyrs|mrav-nails-inventio|mrav-sinai-fathers-amonios	REVIEW
კითხვად	კითხვად	5	5	9.3	cyril-epiphany-homily|mrav-chrysostom-jonah|mrav-cross-vision|mrav-nails-inventio|mrav-sinai-fathers-amonios	REVIEW
ქვითა	ქვითა	5	5	9.3	ephr-markhva|inventio-stephani-lucian|mrav-cross-vision|mrav-sinai-fathers-amonios|mrav-timote-1	REVIEW
ხისა	ხისა	5	4	7.4	mrav-chrysostom-jonah|mrav-cross-vision|mrav-dormition-1|mrav-dormition-2	REVIEW
სიღრმესა	სიღრმესა	5	4	7.4	mrav-cross-vision|mrav-enkenia-1|mrav-forty-martyrs|mrav-sulthmofenoba-1	REVIEW
ვეცხლისაჲ	ვეცხლისაი	5	2	3.7	inventio-stephani-lucian|mrav-cross-vision	REVIEW
სასოებითა	სასოებითა	5	2	3.7	mrav-departed-ephrem|mrav-epiphane-mary	REVIEW
მერმესა	მერმესა	5	4	7.4	inventio-stephani-lucian|mart-stepane|mrav-departed-ephrem|mrav-shoba-athanasi	REVIEW
ცხონდენ	ცხონდენ	5	2	3.7	mrav-departed-ephrem|mrav-dormition-2	REVIEW
მკუდართაჲ	მკუდართაი	5	4	7.4	mrav-departed-ephrem|mrav-epiphane-mary|mrav-lazare|mrav-toma-chrysostom	REVIEW
ვიქმნნეთ	ვიქმნნეთ	5	4	7.4	mrav-departed-ephrem|mrav-forty-martyrs|mrav-lazare|mrav-timote-1	REVIEW
ქალწულადვე	ქალწულადვე	5	5	9.3	mrav-dormition-1|mrav-dormition-2|mrav-kharbeba-2|mrav-timote-1|mrav-toma-chrysostom	REVIEW
ვიტყჳთ	ვიტყვთ	5	4	7.4	mrav-dormition-1|mrav-dormition-2|mrav-lazare|mrav-sulthmofenoba-2	REVIEW
ვთქუთ	ვთქუთ	5	5	9.3	mrav-chrysostom-jonah|mrav-dormition-1|mrav-epiphane-mary|mrav-nails-inventio|mrav-timote-1	REVIEW
კაცთანი	კაცთანი	5	5	9.3	mrav-dormition-1|mrav-dormition-2|mrav-enkenia-2|mrav-epiphane-mary|mrav-natlisgeba-1	REVIEW
ნათლისა	ნათლისა	5	5	9.3	mrav-enkenia-1|mrav-exaltation-cross|mrav-john-baptist-decollatio-2|mrav-new-sunday|mrav-sulthmofenoba-1	REVIEW
ცეცხლისაგან	ცეცხლისაგან	5	5	9.3	mrav-enkenia-1|mrav-forty-martyrs|mrav-natlisgeba-okropiri|mrav-paul-martyrdom|mrav-sulthmofenoba-1	REVIEW
ჰყოფდა	ჰყოფდა	5	5	9.3	cyril-epiphany-homily|mrav-enkenia-1|mrav-feristsvaleba|mrav-lazare|mrav-peter-martyrdom	REVIEW
შობისა	შობისა	5	4	7.4	chrys-epiphany-homily|mrav-enkenia-1|mrav-john-baptist-decollatio|mrav-kharbeba-1	REVIEW
მართუენი	მართუენი	5	3	5.6	hesych-hypapante-01|mrav-enkenia-2|mrav-shoba-athanasi	REVIEW
სიწმიდესა	სიწმიდესა	5	4	7.4	mrav-enkenia-2|mrav-feristsvaleba|mrav-natlisgeba-okropiri|mrav-toma-chrysostom	REVIEW
ვარი	ვარი	5	1	1.9	mrav-enkenia-2	REVIEW
ცრემლი	ცრემლი	5	4	7.4	mrav-enkenia-2|mrav-john-baptist-decollatio|mrav-natlisgeba-1|mrav-sinai-fathers-amonios	REVIEW
ისრითა	ისრითა	5	2	3.7	mrav-enkenia-2|mrav-sinai-fathers-amonios	REVIEW
თჳსისაჲთა	თვსისაითა	5	5	9.3	mrav-enkenia-2|mrav-epiphane-mary|mrav-martyrs-chrysostom|mrav-sinai-fathers-amonios|mrav-sulthmofenoba-1	REVIEW
იოვანჱსგან	იოვანესგან	5	4	7.4	chrys-epiphany-homily|mrav-enkenia-2|mrav-epiphane-mary|mrav-natlisgeba-1	REVIEW
ქადაგებითა	ქადაგებითა	5	2	3.7	mrav-exaltation-cross|mrav-natlisgeba-1	REVIEW
ეშმაკისაჲ	ეშმაკისაი	5	5	9.3	chrys-epiphany-homily|mrav-exaltation-cross|mrav-john-baptist-decollatio|mrav-john-baptist-decollatio-2|mrav-new-sunday	REVIEW
ჭეშმარიტებისაჲ	ჭეშმარიტებისაი	5	3	5.6	mrav-feristsvaleba|mrav-shoba-athanasi|mrav-sulthmofenoba-2	REVIEW
ლოცვად	ლოცვად	5	2	3.7	mrav-feristsvaleba|mrav-sinai-fathers-amonios	REVIEW
ვედრებითა	ვედრებითა	5	4	7.4	mrav-feristsvaleba|mrav-lazare|mrav-sinai-fathers-amonios|mrav-toma-chrysostom	REVIEW
წმიდისასა	წმიდისასა	5	5	9.3	chrys-epiphany-homily|cyril-epiphany-homily|mrav-epiphane-mary|mrav-feristsvaleba|mrav-sulthmofenoba-2	REVIEW
ზაკუვით	ზაკუვით	5	3	5.6	hesych-hypapante-01|mrav-forty-martyrs|mrav-john-baptist-decollatio-2	REVIEW
ცხორების	ცხორების	5	4	7.4	mrav-chrysostom-jonah|mrav-forty-martyrs|mrav-kharbeba-3|mrav-sinai-fathers-amonios	REVIEW
ღჳნოჲ	ღვნოი	5	4	7.4	mart-iaqob-up-dzma|mrav-martyrs-chrysostom-2|mrav-martyrs-chrysostom-3|mrav-sulthmofenoba-2	REVIEW
კლვად	კლვად	5	3	5.6	mrav-chrysostom-jonah|mrav-john-baptist-decollatio-2|mrav-paul-martyrdom	REVIEW
ეროდე	ეროდე	5	2	3.7	mrav-john-baptist-decollatio|mrav-shoba-athanasi	REVIEW
სოფლისათა	სოფლისათა	5	4	7.4	mrav-chrysostom-jonah|mrav-john-baptist-decollatio|mrav-martyrs-chrysostom|mrav-sinai-fathers-amonios	REVIEW
მეინაჴეთა	მეინახეთა	5	2	3.7	mrav-john-baptist-decollatio|mrav-lazare	REVIEW
ევედრებოდა	ევედრებოდა	5	4	7.4	mrav-kharbeba-1|mrav-lazare|mrav-natlisgeba-1|mrav-peter-martyrdom	REVIEW
პირმშოჲ	პირმშოი	5	3	5.6	mrav-kharbeba-1|mrav-new-sunday|mrav-shoba-athanasi	REVIEW
ცოდვათაჲ	ცოდვათაი	5	5	9.3	cyril-epiphany-homily|ephr-markhva|mrav-kharbeba-2|mrav-natlisgeba-1|proclus-hom-theotokos	REVIEW
ეშინის	ეშინის	5	3	5.6	mrav-chrysostom-jonah|mrav-kharbeba-3|mrav-martyrs-chrysostom	REVIEW
შროშნითა	შროშნითა	5	2	3.7	inventio-stephani-lucian|mrav-kharbeba-3	REVIEW
მთრვალობითა	მთრვალობითა	5	3	5.6	mrav-chrysostom-jonah|mrav-lazare|mrav-sulthmofenoba-2	REVIEW
ბრძანებისა	ბრძანებისა	5	4	7.4	inventio-stephani-lucian|mrav-chrysostom-jonah|mrav-lazare|mrav-paul-martyrdom	REVIEW
მრავლითა	მრავლითა	5	4	7.4	mart-stepane|mrav-lazare|mrav-paul-martyrdom|mrav-sinai-fathers-amonios	REVIEW
უწყინ	უწყინ	5	4	7.4	mrav-chrysostom-jonah|mrav-new-sunday|mrav-sinai-fathers-amonios|mrav-sulthmofenoba-2	REVIEW
ზღჳსასა	ზღვსასა	5	2	3.7	mrav-chrysostom-jonah|mrav-sinai-fathers-amonios	REVIEW
ზღჳსა	ზღვსა	5	2	3.7	mrav-chrysostom-jonah|mrav-sinai-fathers-amonios	REVIEW
ნათლისასა	ნათლისასა	5	3	5.6	mrav-martyrs-chrysostom|mrav-natlisgeba-okropiri|mrav-new-sunday	REVIEW
წლის	წლის	5	1	1.9	mrav-timote-1	REVIEW
ვიცოდე	ვიცოდე	5	5	9.3	cyril-epiphany-homily|mrav-epiphane-mary|mrav-natlisgeba-1|mrav-shoba-athanasi|mrav-toma-chrysostom	REVIEW
იყოფოდა	იყოფოდა	5	3	5.6	mrav-natlisgeba-1|mrav-paul-martyrdom|mrav-sinai-fathers-amonios	REVIEW
კეისრისა	კეისრისა	5	1	1.9	mrav-paul-martyrdom	REVIEW
კესტოს	კესტოს	5	1	1.9	mrav-paul-martyrdom	REVIEW
ლუკიანე	ლუკიანე	5	1	1.9	inventio-stephani-lucian	REVIEW
სავლე	სავლე	5	1	1.9	mart-stepane	REVIEW
საფლავისაჲ	საფლავისაი	4	1	1.9	mrav-aghdgoma-kyrile	REVIEW
ეკლისაჲ	ეკლისაი	4	4	7.4	hesych-hypapante-01|mrav-aghdgoma-kyrile|mrav-natlisgeba-1|mrav-new-sunday	REVIEW
ცასა	ცასა	4	4	7.4	mart-stepane|mrav-aghdgoma-kyrile|mrav-bzoba-iohannes|mrav-paul-martyrdom	REVIEW
ცოდვილნი	ცოდვილნი	4	4	7.4	mart-stepane|mrav-aghdgoma-kyrile|mrav-shoba-athanasi|mrav-sulthmofenoba-2	REVIEW
ვხედავთ	ვხედავთ	4	3	5.6	mrav-aghdgoma-kyrile|mrav-exaltation-cross|mrav-kharbeba-2	REVIEW
სცე	სცე	4	2	3.7	mrav-aghdgoma-kyrile|mrav-enkenia-2	REVIEW
ტყჳს	ეტყვს	4	3	5.6	mrav-aghdgoma-kyrile|mrav-bzoba-severian|mrav-toma-chrysostom	REVIEW
ვიქმენ	ვიქმენ	4	4	7.4	mrav-aghdgoma-kyrile|mrav-enkenia-1|mrav-sinai-fathers-amonios|proclus-hom-theotokos	REVIEW
ვითარიგი	ვითარიგი	4	4	7.4	mrav-aghdgoma-kyrile|mrav-forty-martyrs|mrav-lazare|mrav-shoba-athanasi	REVIEW
ზღუდესა	ზღუდესა	4	2	3.7	mrav-aghdgoma-kyrile|mrav-enkenia-2	REVIEW
ეძიებდა	ეძიებდა	4	4	7.4	mrav-aghdgoma-kyrile|mrav-cross-vision|mrav-kharbeba-3|mrav-shoba-athanasi	REVIEW
ძიებად	ძიებად	4	4	7.4	inventio-stephani-lucian|mrav-aghdgoma-kyrile|mrav-sinai-fathers-amonios|mrav-timote-1	REVIEW
ვეძიებდ	ვეძიებდ	4	2	3.7	mrav-aghdgoma-kyrile|mrav-sinai-fathers-amonios	REVIEW
საფლავისაგან	საფლავისაგან	4	4	7.4	hesych-hypapante-01|mrav-aghdgoma-kyrile|mrav-natlisgeba-1|mrav-toma-chrysostom	REVIEW
ორთა	ორთა	4	4	7.4	mart-stepane|mrav-aghdgoma-kyrile|mrav-epiphane-mary|proclus-hom-theotokos	REVIEW
ხილვისა	ხილვისა	4	4	7.4	mrav-aghdgoma-kyrile|mrav-feristsvaleba|mrav-sinai-fathers-amonios|mrav-toma-chrysostom	REVIEW
ისწაონ	ისწაონ	4	4	7.4	mrav-aghdgoma-kyrile|mrav-bzoba-iohannes|mrav-epiphane-mary|mrav-sulthmofenoba-1	REVIEW
ვიხილოთ	ვიხილოთ	4	3	5.6	mrav-aghdgoma-kyrile|mrav-enkenia-1|mrav-exaltation-cross	REVIEW
ძწოლით	ძწოლით	4	4	7.4	mrav-aghdgoma-kyrile|mrav-antipater-bostrensis-1|mrav-bzoba-severian|mrav-natlisgeba-1	REVIEW
უფლისათჳს	უფლისათვს	4	4	7.4	mrav-aghdgoma-kyrile|mrav-exaltation-cross|mrav-forty-martyrs|mrav-timote-1	REVIEW
მსახურებითა	მსახურებითა	4	3	5.6	mrav-aghdgoma-kyrile|mrav-enkenia-1|mrav-shoba-athanasi	REVIEW
ჭურჭლითა	ჭურჭლითა	4	3	5.6	mrav-aghdgoma-kyrile|mrav-aghdgoma-meletios|mrav-john-baptist-decollatio	REVIEW
მაცხოვრისასა	მაცხოვრისასა	4	3	5.6	mart-iaqob-up-dzma|mrav-aghdgoma-kyrile|mrav-kharbeba-3	REVIEW
მათე	მათე	4	3	5.6	mrav-aghdgoma-kyrile|mrav-feristsvaleba|mrav-holymonday	REVIEW
იგინიცა	იგინიცა	4	4	7.4	mrav-aghdgoma-kyrile|mrav-natlisgeba-1|mrav-sinai-fathers-amonios|mrav-sulthmofenoba-1	REVIEW
ცხოვრებად	ცხოვრებად	4	3	5.6	mrav-aghdgoma-kyrile|mrav-epiphane-mary|mrav-exaltation-cross	REVIEW
ცხონდა	ცხონდა	4	4	7.4	mrav-aghdgoma-kyrile|mrav-dormition-1|mrav-dormition-2|mrav-john-baptist-decollatio	REVIEW
შთავიდა	შთავიდა	4	4	7.4	mrav-aghdgoma-kyrile|mrav-chrysostom-jonah|mrav-epiphane-mary|mrav-sulthmofenoba-1	REVIEW
უცხოჲ	უცხოი	4	3	5.6	mrav-aghdgoma-kyrile|mrav-forty-martyrs|mrav-shoba-athanasi	REVIEW
ჰურიათასა	ჰურიათასა	4	4	7.4	mart-iaqob-up-dzma|mrav-aghdgoma-kyrile|mrav-natlisgeba-okropiri|mrav-timote-1	REVIEW
შობილისაჲ	შობილისაი	4	4	7.4	mrav-aghdgoma-kyrile|mrav-feristsvaleba|mrav-martyrs-chrysostom-3|mrav-shoba-athanasi	REVIEW
ქრისტჱცა	ქრისტეცა	4	3	5.6	mrav-aghdgoma-kyrile|mrav-departed-ephrem|mrav-natlisgeba-okropiri	REVIEW
ერნი	ერნი	4	4	7.4	mrav-aghdgoma-kyrile|mrav-bzoba-severian|mrav-kharbeba-2|mrav-martyrs-chrysostom-2	REVIEW
დღეთასა	დღეთასა	4	3	5.6	cyril-epiphany-homily|mrav-aghdgoma-kyrile|mrav-departed-ephrem	REVIEW
ჯდომისათჳს	ჯდომისათვს	4	2	3.7	mrav-aghdgoma-kyrile|mrav-bzoba-meletios	REVIEW
ძლიერებისა	ძლიერებისა	4	4	7.4	mrav-aghdgoma-kyrile|mrav-epiphane-mary|mrav-kharbeba-3|mrav-toma-chrysostom	REVIEW
ვითარღა	ვითარღა	4	4	7.4	mrav-aghdgoma-meletios|mrav-bzoba-iohannes|mrav-john-baptist-decollatio|mrav-lazare	REVIEW
თქუენითა	თქუენითა	4	3	5.6	mrav-aghdgoma-meletios|mrav-basili-1|mrav-martyrs-chrysostom-3	REVIEW
მათცა	მათცა	4	4	7.4	mrav-aghdgoma-meletios|mrav-bzoba-iohannes|mrav-feristsvaleba|mrav-martyrs-chrysostom-3	REVIEW
რასაცა	რასაცა	4	4	7.4	mrav-aghdgoma-meletios|mrav-epiphane-mary|mrav-shoba-athanasi|mrav-sinai-fathers-amonios	REVIEW
სამშჭუალთაჲ	სამშჭუალთაი	4	2	3.7	mrav-aghdgoma-meletios|mrav-toma-chrysostom	REVIEW
ძლიერებითა	ძლიერებითა	4	3	5.6	mrav-aghdgoma-meletios|mrav-cross-vision|mrav-epiphane-mary	REVIEW
სასწაულებითა	სასწაულებითა	4	3	5.6	mrav-aghdgoma-meletios|mrav-peter-martyrdom|mrav-sulthmofenoba-1	REVIEW
ძლევითა	ძლევითა	4	4	7.4	mrav-amaghleba|mrav-cross-vision|mrav-kharbeba-3|mrav-martyrs-chrysostom-2	REVIEW
მუცლით	მუცლით	4	3	5.6	mrav-antipater-bostrensis-1|mrav-chrysostom-jonah|mrav-enkenia-1	REVIEW
მეგობრისა	მეგობრისა	4	3	5.6	mrav-antipater-bostrensis-1|mrav-departed-ephrem|mrav-martyrs-chrysostom-2	REVIEW
ვისგან	ვისგან	4	2	3.7	mrav-antipater-bostrensis-1|mrav-departed-ephrem	REVIEW
მართალ	მართალ	4	3	5.6	mart-iaqob-up-dzma|mrav-antipater-bostrensis-1|mrav-timote-1	REVIEW
ეტჳრთა	ეტვრთა	4	3	5.6	mrav-antipater-bostrensis-1|mrav-john-baptist-decollatio-2|mrav-lazare	REVIEW
ესუა	ესუა	4	4	7.4	mart-iaqob-up-dzma|mrav-antipater-bostrensis-1|mrav-john-baptist-decollatio|mrav-sinai-fathers-amonios	REVIEW
ყრმისა	ყრმისა	4	2	3.7	mrav-antipater-bostrensis-1|mrav-shoba-athanasi	REVIEW
ხოლ	ხოლ	4	4	7.4	inventio-stephani-lucian|mrav-antipater-bostrensis-1|mrav-enkenia-1|mrav-exaltation-cross	REVIEW
უპყრიეს	უპყრიეს	4	4	7.4	mrav-antipater-bostrensis-1|mrav-basili-1|mrav-kharbeba-2|mrav-lazare	REVIEW
ვცნა	ვცნა	4	1	1.9	mrav-antipater-bostrensis-1	REVIEW
ქადაგა	ქადაგა	4	4	7.4	mrav-antipater-bostrensis-1|mrav-bzoba-iohannes|mrav-epiphane-mary|mrav-john-baptist-decollatio	REVIEW
უკჳრდა	უკვრდა	4	4	7.4	mrav-antipater-bostrensis-1|mrav-paul-martyrdom|mrav-sinai-fathers-amonios|mrav-sulthmofenoba-2	REVIEW
მეექუსესა	მეექუსესა	4	4	7.4	inventio-stephani-lucian|mart-stepane|mrav-antipater-bostrensis-1|mrav-kharbeba-2	REVIEW
წყევისაგან	წყევისაგან	4	4	7.4	mrav-antipater-bostrensis-1|mrav-cross-vision|mrav-dormition-2|mrav-lazare	REVIEW
ყოვლისათჳს	ყოვლისათვს	4	4	7.4	ephr-markhva|hesych-hypapante-01|mrav-antipater-bostrensis-1|mrav-exaltation-cross	REVIEW
მარტომან	მარტომან	4	4	7.4	mrav-antipater-bostrensis-1|mrav-john-baptist-decollatio-2|mrav-kharbeba-1|mrav-kharbeba-3	REVIEW
ჰკრთებოდა	ჰკრთებოდა	4	4	7.4	mrav-antipater-bostrensis-1|mrav-bzoba-severian|mrav-dormition-2|mrav-kharbeba-2	REVIEW
ქრისტიანეთაჲ	ქრისტიანეთაი	4	3	5.6	mrav-antipater-bostrensis-1|mrav-basili-2|mrav-forty-martyrs	REVIEW
მათთაებრ	მათთაებრ	4	3	5.6	mart-iaqob-up-dzma|mrav-basili-1|mrav-sinai-fathers-amonios	REVIEW
უბრძანო	უბრძანო	4	2	3.7	mrav-basili-1|mrav-lazare	REVIEW
წინაწარმეტყუელთასა	წინაწარმეტყუელთასა	4	4	7.4	mrav-basili-2|mrav-bzoba-iohannes|mrav-feristsvaleba|mrav-john-baptist-decollatio	REVIEW
ცათაჲსა	ცათაისა	4	4	7.4	chrys-epiphany-homily|mrav-basili-2|mrav-dormition-2|mrav-feristsvaleba	REVIEW
იუგო	მიუგო	4	3	5.6	mrav-basili-2|mrav-enkenia-2|mrav-toma-chrysostom	REVIEW
ჰურიამან	ჰურიამან	4	2	3.7	mrav-basili-2|mrav-toma-chrysostom	REVIEW
უკუეტუ	უკუეტუ	4	2	3.7	cyril-epiphany-homily|mrav-basili-2	REVIEW
საღმრთოჲთა	საღმრთოითა	4	3	5.6	mrav-basili-2|mrav-kharbeba-3|mrav-sulthmofenoba-2	REVIEW
ლოცვისა	ლოცვისა	4	4	7.4	mrav-basili-2|mrav-forty-martyrs|mrav-kharbeba-3|mrav-paul-martyrdom	REVIEW
სენ	სენ	4	4	7.4	inventio-stephani-lucian|mrav-basili-2|mrav-enkenia-2|mrav-forty-martyrs	REVIEW
იცვალა	იცვალა	4	4	7.4	mrav-basili-2|mrav-enkenia-1|mrav-feristsvaleba|mrav-kharbeba-3	REVIEW
ქუეყანისაგან	ქუეყანისაგან	4	4	7.4	inventio-stephani-lucian|mrav-basili-2|mrav-dormition-1|mrav-dormition-2	REVIEW
ჰურიანო	ჰურიანო	4	4	7.4	chrys-epiphany-homily|mrav-basili-2|mrav-bzoba-severian|mrav-cross-vision	REVIEW
გევედრებით	გევედრებით	4	3	5.6	mart-iaqob-up-dzma|mrav-bound-ioane-zosime|mrav-cross-vision	REVIEW
ესწავა	ესწავა	4	3	5.6	mrav-bzoba-iohannes|mrav-sinai-fathers-amonios|mrav-toma-chrysostom	REVIEW
ყრმათაგან	ყრმათაგან	4	2	3.7	mrav-bzoba-iohannes|mrav-bzoba-severian	REVIEW
სმინე	ისმინე	4	3	5.6	mrav-bzoba-iohannes|mrav-bzoba-severian|mrav-chrysostom-jonah	REVIEW
ვიშუებდეთ	ვიშუებდეთ	4	4	7.4	chrys-epiphany-homily|mrav-bzoba-iohannes|mrav-dormition-1|mrav-kharbeba-3	REVIEW
საუკუნეთასა	საუკუნეთასა	4	3	5.6	mrav-bzoba-iohannes|mrav-departed-ephrem|mrav-epiphane-mary	REVIEW
ურთხეულ	მურთხეულ	4	2	3.7	mrav-bzoba-iohannes|mrav-kharbeba-2	REVIEW
იცემების	იცემების	4	4	7.4	mrav-bzoba-iohannes|mrav-bzoba-severian|mrav-epiphane-mary|mrav-kharbeba-2	REVIEW
მასცა	მასცა	4	4	7.4	mrav-bzoba-meletios|mrav-feristsvaleba|mrav-forty-martyrs|mrav-sinai-fathers-amonios	REVIEW
იესუსა	იესუსა	4	3	5.6	inventio-stephani-lucian|mrav-bzoba-meletios|mrav-lazare	REVIEW
ვნებითა	ვნებითა	4	3	5.6	mrav-bzoba-severian|mrav-cross-vision|mrav-epiphane-mary	REVIEW
ვიხილენ	ვიხილენ	4	3	5.6	mart-stepane|mrav-bzoba-severian|mrav-sinai-fathers-amonios	REVIEW
პოვნად	პოვნად	4	3	5.6	mrav-bzoba-severian|mrav-colophon-makari|mrav-departed-ephrem	REVIEW
თქუმულ	თქუმულ	4	3	5.6	mrav-bzoba-severian|mrav-exaltation-cross|mrav-john-baptist-decollatio	REVIEW
იეზაბელ	იეზაბელ	4	2	3.7	mrav-bzoba-severian|mrav-john-baptist-decollatio-2	REVIEW
უბიწოჲ	უბიწოი	4	4	7.4	inventio-stephani-lucian|mrav-bzoba-severian|mrav-dormition-1|mrav-shoba-athanasi	REVIEW
ღაცათუ	ღაცათუ	4	4	7.4	mrav-bzoba-severian|mrav-feristsvaleba|mrav-john-baptist-decollatio|mrav-timote-1	REVIEW
ღრუბელთა	ღრუბელთა	4	4	7.4	mrav-bzoba-severian|mrav-enkenia-1|mrav-kharbeba-2|mrav-shoba-athanasi	REVIEW
ჴორციელობისა	ხორციელობისა	4	1	1.9	mrav-bzoba-severian	REVIEW
ეგონოს	ეგონოს	4	3	5.6	mrav-bzoba-severian|mrav-departed-ephrem|mrav-natlisgeba-1	REVIEW
უნაყოფოჲ	უნაყოფოი	4	2	3.7	mrav-bzoba-severian|mrav-martyrs-chrysostom-3	REVIEW
მათებრ	მათებრ	4	3	5.6	mrav-bzoba-severian|mrav-chrysostom-jonah|mrav-lazare	REVIEW
ნათლისაჲ	ნათლისაი	4	3	5.6	mrav-bzoba-severian|mrav-martyrs-chrysostom-2|mrav-new-sunday	REVIEW
ძისაჲთა	ძისაითა	4	3	5.6	mrav-colophon-makari|mrav-epiphane-mary|mrav-feristsvaleba	REVIEW
პატიოსნისა	პატიოსნისა	4	2	3.7	mrav-colophon-makari|mrav-nails-inventio	REVIEW
მცირეთა	მცირეთა	4	3	5.6	inventio-stephani-lucian|mrav-cross-vision|mrav-sinai-fathers-amonios	REVIEW
ისწავა	ისწავა	4	4	7.4	inventio-stephani-lucian|mrav-cross-vision|mrav-kharbeba-1|mrav-shoba-athanasi	REVIEW
ეკრძალენით	ეკრძალენით	4	3	5.6	mrav-cross-vision|mrav-epiphane-mary|mrav-sinai-fathers-amonios	REVIEW
ჩემისასა	ჩემისასა	4	4	7.4	mrav-cross-vision|mrav-natlisgeba-1|mrav-timote-1|mrav-toma-chrysostom	REVIEW
ჯდა	ჯდა	4	3	5.6	mrav-cross-vision|mrav-sulthmofenoba-2|mrav-timote-1	REVIEW
სიმონ	სიმონ	4	2	3.7	mrav-cross-vision|mrav-peter-martyrdom	REVIEW
ჭამდა	ჭამდა	4	4	7.4	cyril-epiphany-homily|mrav-cross-vision|mrav-epiphane-mary|mrav-natlisgeba-1	REVIEW
წელ	წელ	4	4	7.4	inventio-stephani-lucian|mrav-cross-vision|mrav-lazare|mrav-sinai-fathers-amonios	REVIEW
ჰყოფენ	ჰყოფენ	4	1	1.9	mrav-departed-ephrem	REVIEW
ქადაგეს	ქადაგეს	4	1	1.9	mrav-departed-ephrem	REVIEW
წინაწარმეტყუელ	წინაწარმეტყუელ	4	2	3.7	mrav-departed-ephrem|mrav-john-baptist-decollatio	REVIEW
წინაწარმეტყუელებდა	წინაწარმეტყუელებდა	4	3	5.6	cyril-epiphany-homily|mrav-departed-ephrem|mrav-kharbeba-1	REVIEW
მათისაჲთა	მათისაითა	4	3	5.6	ephr-markhva|mrav-departed-ephrem|mrav-martyrs-chrysostom-2	REVIEW
სოფლით	სოფლით	4	1	1.9	mrav-departed-ephrem	REVIEW
მყოფელთა	მყოფელთა	4	3	5.6	mrav-departed-ephrem|mrav-forty-martyrs|mrav-martyrs-chrysostom-2	REVIEW
გეცინ	გეცინ	4	1	1.9	mrav-departed-ephrem	REVIEW
წმიდისათჳს	წმიდისათვს	4	3	5.6	mrav-dormition-1|mrav-epiphane-mary|mrav-feristsvaleba	REVIEW
ქალწულისათა	ქალწულისათა	4	3	5.6	mrav-dormition-1|mrav-shoba-athanasi|proclus-hom-theotokos	REVIEW
უწოდიან	უწოდიან	4	4	7.4	mart-stepane|mrav-dormition-1|mrav-shoba-athanasi|mrav-timote-1	REVIEW
უფლისაო	უფლისაო	4	1	1.9	mrav-dormition-1	REVIEW
სიტყჳსაჲ	სიტყვსაი	4	3	5.6	mrav-dormition-1|mrav-enkenia-1|mrav-shoba-athanasi	REVIEW
იზარდებოდა	იზარდებოდა	4	4	7.4	inventio-stephani-lucian|mrav-dormition-2|mrav-john-baptist-decollatio|mrav-kharbeba-2	REVIEW
ცხორებად	ცხორებად	4	4	7.4	cyril-epiphany-homily|mrav-dormition-2|mrav-sulthmofenoba-1|mrav-sulthmofenoba-2	REVIEW
იქმან	იქმან	4	4	7.4	ephr-markhva|mart-iaqob-up-dzma|mart-stepane|mrav-enkenia-1	REVIEW
ეპყრა	ეპყრა	4	4	7.4	mrav-chrysostom-jonah|mrav-enkenia-1|mrav-enkenia-2|mrav-john-baptist-decollatio-2	REVIEW
იხილის	იხილის	4	3	5.6	inventio-stephani-lucian|mrav-enkenia-1|mrav-sinai-fathers-amonios	REVIEW
გონებისა	გონებისა	4	3	5.6	mrav-chrysostom-jonah|mrav-enkenia-1|mrav-martyrs-chrysostom-2	REVIEW
მუნცა	მუნცა	4	3	5.6	cyril-epiphany-homily|mrav-chrysostom-jonah|mrav-enkenia-1	REVIEW
კლდენი	კლდენი	4	4	7.4	hesych-hypapante-01|mrav-enkenia-1|mrav-sulthmofenoba-1|mrav-timote-1	REVIEW
ძლევად	ძლევად	4	3	5.6	cyril-epiphany-homily|mrav-enkenia-1|mrav-nails-inventio	REVIEW
უდაბნოჲ	უდაბნოი	4	3	5.6	mrav-enkenia-1|mrav-natlisgeba-okropiri|mrav-sinai-fathers-amonios	REVIEW
იშვების	იშვების	4	2	3.7	mrav-enkenia-1|mrav-shoba-athanasi	REVIEW
იწყლა	იწყლა	4	4	7.4	chrys-epiphany-homily|mrav-chrysostom-jonah|mrav-enkenia-1|mrav-forty-martyrs	REVIEW
მდინარენი	მდინარენი	4	4	7.4	mrav-enkenia-1|mrav-feristsvaleba|mrav-forty-martyrs|mrav-toma-chrysostom	REVIEW
მასინ	მასინ	4	3	5.6	mart-stepane|mrav-enkenia-1|mrav-shoba-athanasi	REVIEW
მეცნიერებითა	მეცნიერებითა	4	4	7.4	mrav-enkenia-2|mrav-feristsvaleba|mrav-shoba-athanasi|mrav-sulthmofenoba-1	REVIEW
შობად	შობად	4	4	7.4	chrys-epiphany-homily|mrav-enkenia-2|mrav-kharbeba-3|mrav-lazare	REVIEW
მესმა	მესმა	4	4	7.4	inventio-stephani-lucian|mrav-enkenia-2|mrav-john-baptist-decollatio-2|mrav-sinai-fathers-amonios	REVIEW
შუენიერებითა	შუენიერებითა	4	4	7.4	mart-stepane|mrav-enkenia-2|mrav-exaltation-cross|mrav-forty-martyrs	REVIEW
მენავეთა	მენავეთა	4	3	5.6	mrav-chrysostom-jonah|mrav-exaltation-cross|mrav-sinai-fathers-amonios	REVIEW
ჰნებავნ	ჰნებავნ	4	3	5.6	mrav-chrysostom-jonah|mrav-exaltation-cross|mrav-shoba-athanasi	REVIEW
უნებნ	უნებნ	4	4	7.4	ephr-markhva|mrav-chrysostom-jonah|mrav-exaltation-cross|mrav-sulthmofenoba-2	REVIEW
ეშმაკისასა	ეშმაკისასა	4	4	7.4	mrav-exaltation-cross|mrav-martyrs-chrysostom-3|mrav-paul-martyrdom|mrav-timote-1	REVIEW
გჳთხრობს	გვთხრობს	4	4	7.4	chrys-epiphany-homily|mrav-exaltation-cross|mrav-natlisgeba-1|mrav-sulthmofenoba-2	REVIEW
ჩუენთანი	ჩუენთანი	4	4	7.4	inventio-stephani-lucian|mrav-exaltation-cross|mrav-kharbeba-3|mrav-new-sunday	REVIEW
უკუდავებისა	უკუდავებისა	4	3	5.6	mrav-feristsvaleba|mrav-kharbeba-1|mrav-kharbeba-3	REVIEW
უყუარდა	უყუარდა	4	3	5.6	mrav-feristsvaleba|mrav-john-baptist-decollatio-2|mrav-sinai-fathers-amonios	REVIEW
მთისა	მთისა	4	2	3.7	mrav-feristsvaleba|mrav-sinai-fathers-amonios	REVIEW
იცნის	იცნის	4	3	5.6	ephr-markhva|mrav-feristsvaleba|mrav-timote-1	REVIEW
ნუვის	ნუვის	4	3	5.6	mrav-chrysostom-jonah|mrav-feristsvaleba|mrav-paul-martyrdom	REVIEW
თქუმისა	თქუმისა	4	2	3.7	mrav-forty-martyrs|mrav-john-baptist-decollatio	REVIEW
ესწორების	ესწორების	4	4	7.4	cyril-epiphany-homily|mrav-chrysostom-jonah|mrav-forty-martyrs|mrav-john-baptist-decollatio-2	REVIEW
მეშინის	მეშინის	4	4	7.4	mrav-forty-martyrs|mrav-kharbeba-3|mrav-shoba-athanasi|mrav-sinai-fathers-amonios	REVIEW
ტანჯვისა	ტანჯვისა	4	3	5.6	mrav-forty-martyrs|mrav-shoba-athanasi|mrav-sinai-fathers-amonios	REVIEW
ერეოდა	ერეოდა	4	3	5.6	mrav-john-baptist-decollatio-2|mrav-martyrs-chrysostom-3|mrav-new-sunday	REVIEW
როკვიდა	როკვიდა	4	1	1.9	mrav-john-baptist-decollatio	REVIEW
ჰხედავა	ჰხედავა	4	4	7.4	inventio-stephani-lucian|mrav-chrysostom-jonah|mrav-john-baptist-decollatio|mrav-lazare	REVIEW
უჴრწნელებისა	უხრწნელებისა	4	2	3.7	mrav-kharbeba-1|mrav-kharbeba-2	REVIEW
კუალდ	კუალდ	4	3	5.6	mrav-chrysostom-jonah|mrav-kharbeba-1|mrav-kharbeba-3	REVIEW
ვისწავეთ	ვისწავეთ	4	3	5.6	ephr-markhva|mrav-kharbeba-1|mrav-toma-chrysostom	REVIEW
უყვეს	უყვეს	4	3	5.6	mrav-kharbeba-2|mrav-lazare|mrav-sinai-fathers-amonios	REVIEW
მაცხოვარებისა	მაცხოვარებისა	4	2	3.7	mrav-kharbeba-2|mrav-sulthmofenoba-2	REVIEW
ჰყოფთ	ჰყოფთ	4	4	7.4	mart-stepane|mrav-epiphane-mary|mrav-lazare|mrav-toma-chrysostom	REVIEW
ჩუენებად	ჩუენებად	4	3	5.6	inventio-stephani-lucian|mrav-lazare|mrav-toma-chrysostom	REVIEW
ენება	ენება	4	3	5.6	mrav-lazare|mrav-natlisgeba-okropiri|mrav-toma-chrysostom	REVIEW
მადლისაჲ	მადლისაი	4	3	5.6	mrav-lazare|mrav-sulthmofenoba-2|mrav-timote-1	REVIEW
ვაჲმე	ვაიმე	4	2	3.7	mrav-lazare|mrav-timote-1	REVIEW
შთაჰბერა	შთაჰბერა	4	2	3.7	mrav-lazare|mrav-sulthmofenoba-2	REVIEW
შრომითა	შრომითა	4	4	7.4	ephr-markhva|mrav-chrysostom-jonah|mrav-epiphane-mary|mrav-martyrs-chrysostom-3	REVIEW
ქმნის	ქმნის	4	2	3.7	ephr-markhva|mrav-sulthmofenoba-2	REVIEW
იხილენ	იხილენ	4	2	3.7	mrav-martyrs-chrysostom-2|mrav-toma-chrysostom	REVIEW
ვეზიარნეთ	ვეზიარნეთ	4	2	3.7	cyril-epiphany-homily|mrav-martyrs-chrysostom-3	REVIEW
ვიქმნენით	ვიქმნენით	4	3	5.6	cyril-epiphany-homily|mrav-martyrs-chrysostom-3|mrav-nails-inventio	REVIEW
ნუცამცა	ნუცამცა	4	3	5.6	mrav-epiphane-mary|mrav-new-sunday|mrav-timote-1	REVIEW
მტერნო	მტერნო	4	3	5.6	chrys-epiphany-homily|mrav-shoba-athanasi|mrav-sinai-fathers-amonios	REVIEW
შთაჴდის	შთახდის	4	2	3.7	mrav-natlisgeba-okropiri|mrav-sulthmofenoba-2	REVIEW
იყოფინ	იყოფინ	4	3	5.6	cyril-epiphany-homily|mrav-epiphane-mary|proclus-hom-theotokos	REVIEW
მხოლოდშობილი	მხოლოდშობილი	4	3	5.6	cyril-epiphany-homily|mrav-new-sunday|mrav-sulthmofenoba-1	REVIEW
კაცნო	კაცნო	4	2	3.7	mrav-paul-martyrdom|mrav-sulthmofenoba-2	REVIEW
ჰრომეს	ჰრომეს	4	2	3.7	mrav-paul-martyrdom|mrav-peter-martyrdom	REVIEW
ქალწულივე	ქალწულივე	4	2	3.7	mrav-shoba-athanasi|proclus-hom-theotokos	REVIEW
ერთღმრთეება	ერთღმრთეება	4	1	1.9	mrav-epiphane-mary	REVIEW
სენაკებსა	სენაკებსა	4	1	1.9	mrav-sinai-fathers-amonios	REVIEW
ვპოვეთ	ვპოვეთ	4	2	3.7	inventio-stephani-lucian|mrav-sinai-fathers-amonios	REVIEW
გჳთხრა	გვთხრა	4	1	1.9	mrav-sinai-fathers-amonios	REVIEW
ჩემთაგან	ჩემთაგან	4	3	5.6	inventio-stephani-lucian|mrav-sinai-fathers-amonios|mrav-toma-chrysostom	REVIEW
რაითს	რაითს	4	1	1.9	mrav-sinai-fathers-amonios	REVIEW
ჩუენებასა	ჩუენებასა	4	1	1.9	inventio-stephani-lucian	REVIEW
ჯუარცუმისა	ჯუარცუმისა	3	1	1.9	mrav-aghdgoma-kyrile	REVIEW
ხარებდინ	იხარებდინ	3	3	5.6	cyril-epiphany-homily|mrav-aghdgoma-kyrile|mrav-epiphane-mary	REVIEW
სიკუდილისათჳს	სიკუდილისათვს	3	3	5.6	mrav-aghdgoma-kyrile|mrav-exaltation-cross|mrav-sinai-fathers-amonios	REVIEW
ძლევისა	ძლევისა	3	3	5.6	mrav-aghdgoma-kyrile|mrav-lazare|mrav-martyrs-chrysostom-2	REVIEW
გჳთხრობენ	გვთხრობენ	3	2	3.7	mrav-aghdgoma-kyrile|mrav-feristsvaleba	REVIEW
მეა	მეა	3	3	5.6	mrav-aghdgoma-kyrile|mrav-antipater-bostrensis-1|mrav-chrysostom-jonah	REVIEW
უხაროდა	უხაროდა	3	3	5.6	mrav-aghdgoma-kyrile|mrav-enkenia-2|mrav-forty-martyrs	REVIEW
წინაწარმეტყუელებს	წინაწარმეტყუელებს	3	1	1.9	mrav-aghdgoma-kyrile	REVIEW
თჳსთაგან	თვსთაგან	3	3	5.6	mrav-aghdgoma-kyrile|mrav-martyrs-chrysostom-3|mrav-sinai-fathers-amonios	REVIEW
სამეუფოჲთა	სამეუფოითა	3	3	5.6	mrav-aghdgoma-kyrile|mrav-chrysostom-jonah|mrav-john-baptist-decollatio	REVIEW
მდინარეთა	მდინარეთა	3	1	1.9	mrav-aghdgoma-kyrile	REVIEW
ჯუარსეცუა	ჯუარსეცუა	3	2	3.7	mrav-aghdgoma-kyrile|mrav-exaltation-cross	REVIEW
სად	სად	3	3	5.6	cyril-epiphany-homily|inventio-stephani-lucian|mrav-aghdgoma-kyrile	REVIEW
კლდისასა	კლდისასა	3	2	3.7	mrav-aghdgoma-kyrile|mrav-enkenia-2	REVIEW
ედების	ედების	3	3	5.6	mrav-aghdgoma-kyrile|mrav-epiphane-mary|mrav-shoba-athanasi	REVIEW
სოფლის	სოფლის	3	3	5.6	mrav-aghdgoma-kyrile|mrav-bzoba-severian|mrav-toma-chrysostom	REVIEW
ურჩებითა	ურჩებითა	3	3	5.6	mrav-aghdgoma-kyrile|mrav-kharbeba-3|proclus-hom-theotokos	REVIEW
ნიკოდემოს	ნიკოდემოს	3	2	3.7	inventio-stephani-lucian|mrav-aghdgoma-kyrile	REVIEW
მჴნენი	მხნენი	3	2	3.7	mrav-aghdgoma-kyrile|mrav-forty-martyrs	REVIEW
მათთაგან	მათთაგან	3	2	3.7	mrav-aghdgoma-kyrile|mrav-martyrs-chrysostom	REVIEW
ვპოვე	ვპოვე	3	3	5.6	mrav-aghdgoma-kyrile|mrav-lazare|mrav-toma-chrysostom	REVIEW
თქუან	თქუან	3	3	5.6	cyril-epiphany-homily|mrav-aghdgoma-kyrile|mrav-timote-1	REVIEW
იხარებდით	იხარებდით	3	3	5.6	mrav-aghdgoma-kyrile|mrav-epiphane-mary|mrav-kharbeba-1	REVIEW
თქუთ	თქუთ	3	1	1.9	mrav-aghdgoma-kyrile	REVIEW
ესმეს	ესმეს	3	3	5.6	mrav-aghdgoma-kyrile|mrav-aghdgoma-meletios|mrav-sulthmofenoba-2	REVIEW
ვარწმუნოთ	ვარწმუნოთ	3	2	3.7	mrav-aghdgoma-kyrile|mrav-aghdgoma-meletios	REVIEW
ვცხონდეთ	ვცხონდეთ	3	3	5.6	mrav-aghdgoma-kyrile|mrav-forty-martyrs|mrav-paul-martyrdom	REVIEW
მკუდრისა	მკუდრისა	3	2	3.7	mrav-aghdgoma-kyrile|mrav-aghdgoma-meletios	REVIEW
ელიაცა	ელიაცა	3	3	5.6	mrav-aghdgoma-kyrile|mrav-feristsvaleba|mrav-lazare	REVIEW
სიკუდილდ	სიკუდილდ	3	3	5.6	ephr-markhva|mrav-aghdgoma-kyrile|mrav-enkenia-1	REVIEW
კეთილთაჲ	კეთილთაი	3	3	5.6	mrav-aghdgoma-kyrile|mrav-forty-martyrs|mrav-kharbeba-2	REVIEW
გუქონან	გუქონან	3	1	1.9	mrav-aghdgoma-kyrile	REVIEW
ვიპოვენით	ვიპოვენით	3	2	3.7	mrav-aghdgoma-kyrile|mrav-departed-ephrem	REVIEW
ვწამეთ	ვწამეთ	3	2	3.7	mrav-aghdgoma-kyrile|mrav-departed-ephrem	REVIEW
იქმნები	იქმნები	3	3	5.6	mrav-aghdgoma-kyrile|mrav-lazare|mrav-toma-chrysostom	REVIEW
ელეონით	ელეონით	3	1	1.9	mrav-aghdgoma-kyrile	REVIEW
გესმეს	გესმეს	3	3	5.6	inventio-stephani-lucian|mrav-aghdgoma-kyrile|mrav-bzoba-severian	REVIEW
კჳრიაკესა	კვრიაკესა	3	2	3.7	mrav-aghdgoma-kyrile|mrav-sinai-fathers-amonios	REVIEW
საძიებელ	საძიებელ	3	3	5.6	mrav-aghdgoma-kyrile|mrav-aghdgoma-meletios|mrav-john-baptist-decollatio-2	REVIEW
ღაღადებითა	ღაღადებითა	3	3	5.6	mrav-aghdgoma-kyrile|mrav-bzoba-meletios|mrav-kharbeba-2	REVIEW
მთავარნო	მთავარნო	3	3	5.6	mrav-aghdgoma-kyrile|mrav-amaghleba|mrav-basili-1	REVIEW
სხუასაცა	სხუასაცა	3	3	5.6	inventio-stephani-lucian|mrav-aghdgoma-kyrile|mrav-feristsvaleba	REVIEW
უტჳრთავს	უტვრთავს	3	3	5.6	mrav-aghdgoma-kyrile|mrav-cross-vision|mrav-kharbeba-2	REVIEW
მათთაჲთა	მათთაითა	3	3	5.6	mrav-aghdgoma-kyrile|mrav-kharbeba-2|mrav-martyrs-chrysostom-2	REVIEW
ჴსნილ	ხსნილ	3	3	5.6	mrav-aghdgoma-kyrile|mrav-feristsvaleba|mrav-martyrs-chrysostom-2	REVIEW
უფლით	უფლით	3	3	5.6	mrav-aghdgoma-kyrile|mrav-amaghleba|mrav-timote-1	REVIEW
სიმტკიცესა	სიმტკიცესა	3	3	5.6	mrav-aghdgoma-kyrile|mrav-epiphane-mary|mrav-peter-martyrdom	REVIEW
ესმის	ესმის	3	3	5.6	mrav-aghdgoma-kyrile|mrav-enkenia-2|mrav-sinai-fathers-amonios	REVIEW
იქმნებით	იქმნებით	3	2	3.7	mrav-aghdgoma-meletios|mrav-departed-ephrem	REVIEW
საჴმარ	სახმარ	3	3	5.6	mrav-aghdgoma-meletios|mrav-enkenia-2|mrav-exaltation-cross	REVIEW
მაგისთჳს	მაგისთვს	3	3	5.6	mrav-aghdgoma-meletios|mrav-bzoba-meletios|mrav-cross-vision	REVIEW
უთხრობთ	უთხრობთ	3	2	3.7	mrav-aghdgoma-meletios|mrav-feristsvaleba	REVIEW
იუგეს	მიუგეს	3	2	3.7	mrav-aghdgoma-meletios|mrav-enkenia-2	REVIEW
ცხოვრებისაგან	ცხოვრებისაგან	3	3	5.6	hesych-hypapante-01|mrav-aghdgoma-meletios|mrav-sinai-fathers-amonios	REVIEW
უჩუენნა	უჩუენნა	3	3	5.6	mrav-aghdgoma-meletios|mrav-amaghleba|mrav-epiphane-mary	REVIEW
ჴორციელებისა	ხორციელებისა	3	3	5.6	mrav-aghdgoma-meletios|mrav-bzoba-severian|mrav-toma-chrysostom	REVIEW
ცუმად	ცუმად	3	2	3.7	mrav-aghdgoma-meletios|mrav-peter-martyrdom	REVIEW
წყალობისათჳს	წყალობისათვს	3	2	3.7	mrav-aghdgoma-meletios|proclus-hom-theotokos	REVIEW
მაღლით	მაღლით	3	3	5.6	mrav-amaghleba|mrav-sulthmofenoba-2|proclus-hom-theotokos	REVIEW
ვიდოდა	ვიდოდა	3	2	3.7	mrav-amaghleba|mrav-epiphane-mary	REVIEW
იყოო	იყოო	3	3	5.6	mrav-amaghleba|mrav-bzoba-meletios|mrav-bzoba-severian	REVIEW
სიმრავლემან	სიმრავლემან	3	3	5.6	mart-stepane|mrav-antipater-bostrensis-1|mrav-sulthmofenoba-2	REVIEW
მუცლითა	მუცლითა	3	2	3.7	mrav-antipater-bostrensis-1|mrav-epiphane-mary	REVIEW
მდგომელ	მდგომელ	3	3	5.6	mrav-antipater-bostrensis-1|mrav-dormition-2|mrav-feristsvaleba	REVIEW
რისხვისა	რისხვისა	3	3	5.6	cyril-epiphany-homily|mrav-antipater-bostrensis-1|mrav-natlisgeba-okropiri	REVIEW
იოვანჱს	იოვანეს	3	3	5.6	chrys-epiphany-homily|mrav-antipater-bostrensis-1|mrav-natlisgeba-okropiri	REVIEW
ჲ	ი	3	3	5.6	inventio-stephani-lucian|mrav-antipater-bostrensis-1|mrav-kharbeba-2	REVIEW
ვიქმნე	ვიქმნე	3	2	3.7	mrav-antipater-bostrensis-1|mrav-toma-chrysostom	REVIEW
ერთობითა	ერთობითა	3	3	5.6	mrav-antipater-bostrensis-1|mrav-bzoba-iohannes|mrav-enkenia-2	REVIEW
საშოჲ	საშოი	3	3	5.6	mrav-antipater-bostrensis-1|mrav-dormition-2|mrav-epiphane-mary	REVIEW
ბრძოლითა	ბრძოლითა	3	2	3.7	mrav-antipater-bostrensis-1|mrav-martyrs-chrysostom-3	REVIEW
გჳთქუამს	გვთქუამს	3	3	5.6	mrav-antipater-bostrensis-1|mrav-dormition-1|mrav-forty-martyrs	REVIEW
ვდგა	ვდგა	3	3	5.6	mrav-antipater-bostrensis-1|mrav-dormition-2|mrav-lazare	REVIEW
გიჩს	გიჩს	3	3	5.6	mrav-antipater-bostrensis-1|mrav-basili-1|mrav-bzoba-severian	REVIEW
მრავლით	მრავლით	3	3	5.6	mrav-antipater-bostrensis-1|mrav-nails-inventio|mrav-sinai-fathers-amonios	REVIEW
სალმობისა	სალმობისა	3	3	5.6	mrav-antipater-bostrensis-1|mrav-kharbeba-2|mrav-kharbeba-3	REVIEW
ზრახვიდა	ზრახვიდა	3	3	5.6	mrav-antipater-bostrensis-1|mrav-feristsvaleba|mrav-paul-martyrdom	REVIEW
შვე	შვე	3	3	5.6	mrav-antipater-bostrensis-1|mrav-kharbeba-1|mrav-kharbeba-3	REVIEW
რომელიცა	რომელიცა	3	3	5.6	mart-iaqob-up-dzma|mrav-antipater-bostrensis-1|mrav-nativity-theotokos	REVIEW
ისწრაფა	ისწრაფა	3	3	5.6	mrav-antipater-bostrensis-1|mrav-cross-vision|mrav-john-baptist-decollatio	REVIEW
ოგო	ოგო	3	3	5.6	mart-stepane|mrav-antipater-bostrensis-1|proclus-hom-theotokos	REVIEW
ეკლესიისათჳს	ეკლესიისათვს	3	1	1.9	mrav-basili-1	REVIEW
ჰკითხა	ჰკითხა	3	3	5.6	mrav-basili-1|mrav-cross-vision|mrav-sinai-fathers-amonios	REVIEW
ეკლესიისაჲ	ეკლესიისაი	3	2	3.7	inventio-stephani-lucian|mrav-basili-1	REVIEW
ბეჭდითა	ბეჭდითა	3	3	5.6	mrav-basili-1|mrav-epiphane-mary|mrav-sulthmofenoba-1	REVIEW
ეკლესიისათა	ეკლესიისათა	3	3	5.6	inventio-stephani-lucian|mrav-basili-1|mrav-epiphane-mary	REVIEW
სახლად	სახლად	3	2	3.7	mrav-basili-1|mrav-lazare	REVIEW
სირცხჳლეულ	სირცხვლეულ	3	3	5.6	mrav-basili-1|mrav-martyrs-chrysostom-3|mrav-peter-martyrdom	REVIEW
ქრისტიანეთა	ქრისტიანეთა	3	3	5.6	mrav-basili-2|mrav-kharbeba-1|mrav-sinai-fathers-amonios	REVIEW
თჳსსავე	თვსსავე	3	3	5.6	mrav-basili-2|mrav-exaltation-cross|mrav-sinai-fathers-amonios	REVIEW
საქმეთაგან	საქმეთაგან	3	3	5.6	mrav-basili-2|mrav-john-baptist-decollatio|mrav-toma-chrysostom	REVIEW
ურწმუნოებისა	ურწმუნოებისა	3	3	5.6	mrav-basili-2|mrav-lazare|mrav-toma-chrysostom	REVIEW
იღეს	იღეს	3	2	3.7	mrav-basili-2|mrav-sulthmofenoba-2	REVIEW
მადლისასა	მადლისასა	3	3	5.6	mrav-basili-2|mrav-natlisgeba-okropiri|mrav-sulthmofenoba-2	REVIEW
მხოლომან	მხოლომან	3	3	5.6	mrav-basili-2|mrav-kharbeba-1|mrav-toma-chrysostom	REVIEW
წმიდას	წმიდას	3	3	5.6	mrav-bound-ioane-zosime|mrav-colophon-makari|mrav-sinai-fathers-amonios	REVIEW
სიხარულისასა	სიხარულისასა	3	3	5.6	mrav-bzoba-iohannes|mrav-feristsvaleba|mrav-martyrs-chrysostom-3	REVIEW
საკჳრველებითა	საკვრველებითა	3	3	5.6	mrav-bzoba-iohannes|mrav-lazare|mrav-shoba-athanasi	REVIEW
წინაწარმეტყუელებით	წინაწარმეტყუელებით	3	3	5.6	hesych-hypapante-01|mrav-bzoba-iohannes|mrav-kharbeba-1	REVIEW
ჰკითხვენ	ჰკითხვენ	3	2	3.7	mrav-bzoba-iohannes|mrav-chrysostom-jonah	REVIEW
უგალობენ	უგალობენ	3	3	5.6	mrav-bzoba-iohannes|mrav-bzoba-severian|mrav-kharbeba-3	REVIEW
ესაიაჲსგან	ესაიაისგან	3	3	5.6	mrav-bzoba-iohannes|mrav-bzoba-severian|mrav-enkenia-2	REVIEW
ყონ	ყონ	3	2	3.7	mrav-bzoba-iohannes|mrav-sulthmofenoba-1	REVIEW
ცნან	ცნან	3	3	5.6	hesych-hypapante-01|mart-stepane|mrav-bzoba-iohannes	REVIEW
ისწაოს	ისწაოს	3	2	3.7	mrav-bzoba-iohannes|mrav-chrysostom-jonah	REVIEW
ღმრთივ	ღმრთივ	3	3	5.6	mrav-bzoba-iohannes|mrav-dormition-1|mrav-feristsvaleba	REVIEW
უფლად	უფლად	3	2	3.7	mrav-bzoba-iohannes|mrav-toma-chrysostom	REVIEW
საშინელებით	საშინელებით	3	3	5.6	hesych-hypapante-01|mrav-bzoba-iohannes|mrav-kharbeba-1	REVIEW
სათნოჲ	სათნოი	3	3	5.6	mrav-bzoba-iohannes|mrav-feristsvaleba|mrav-forty-martyrs	REVIEW
სამებისა	სამებისა	3	3	5.6	mrav-bzoba-iohannes|mrav-colophon-makari|mrav-lazare	REVIEW
იტყუის	იტყუის	3	2	3.7	mrav-bzoba-iohannes|mrav-lazare	REVIEW
რქუეს	რქუეს	3	2	3.7	mrav-bzoba-iohannes|mrav-bzoba-meletios	REVIEW
იტყუიან	იტყუიან	3	2	3.7	mrav-bzoba-iohannes|mrav-bzoba-meletios	REVIEW
სიბოროტესა	სიბოროტესა	3	2	3.7	mrav-bzoba-iohannes|mrav-john-baptist-decollatio-2	REVIEW
ომელ	რომელ	3	3	5.6	chrys-epiphany-homily|inventio-stephani-lucian|mrav-bzoba-iohannes	REVIEW
წინაწარმეტყუელთაგან	წინაწარმეტყუელთაგან	3	3	5.6	mrav-bzoba-iohannes|mrav-john-baptist-decollatio-2|mrav-sulthmofenoba-1	REVIEW
ვითარღამცა	ვითარღამცა	3	2	3.7	mrav-bzoba-iohannes|mrav-natlisgeba-1	REVIEW
მხილებულ	მხილებულ	3	2	3.7	mrav-bzoba-iohannes|mrav-bzoba-severian	REVIEW
ცოდვისაჲ	ცოდვისაი	3	3	5.6	mrav-bzoba-iohannes|mrav-kharbeba-3|mrav-sulthmofenoba-2	REVIEW
ყრმებსა	ყრმებსა	3	1	1.9	mrav-bzoba-meletios	REVIEW
ეგენი	ეგენი	3	3	5.6	mart-stepane|mrav-bzoba-meletios|mrav-bzoba-severian	REVIEW
საქმეთაჲ	საქმეთაი	3	3	5.6	mrav-bzoba-meletios|mrav-chrysostom-jonah|proclus-hom-theotokos	REVIEW
ქებითა	ქებითა	3	3	5.6	mrav-bzoba-meletios|mrav-forty-martyrs|mrav-kharbeba-2	REVIEW
რტოჲ	რტოი	3	2	3.7	mrav-bzoba-meletios|mrav-shoba-athanasi	REVIEW
ვნებად	ვნებად	3	3	5.6	mrav-bzoba-severian|mrav-chrysostom-jonah|mrav-feristsvaleba	REVIEW
სხუათაცა	სხუათაცა	3	3	5.6	mrav-bzoba-severian|mrav-natlisgeba-1|mrav-sinai-fathers-amonios	REVIEW
პირველსავე	პირველსავე	3	3	5.6	hesych-hypapante-01|mrav-bzoba-severian|mrav-enkenia-1	REVIEW
ვისთჳს	ვისთვს	3	2	3.7	mrav-bzoba-severian|mrav-cross-vision	REVIEW
ძუელისაგან	ძუელისაგან	3	2	3.7	mrav-bzoba-severian|mrav-enkenia-1	REVIEW
ევიდა	შევიდა	3	3	5.6	mrav-bzoba-severian|mrav-shoba-athanasi|mrav-toma-chrysostom	REVIEW
ჰგვანდა	ჰგვანდა	3	2	3.7	mrav-bzoba-severian|mrav-shoba-athanasi	REVIEW
მამისათჳს	მამისათვს	3	2	3.7	mrav-bzoba-severian|mrav-sulthmofenoba-1	REVIEW
ძისათჳს	ძისათვს	3	2	3.7	mrav-bzoba-severian|mrav-feristsvaleba	REVIEW
თჳს	თვს	3	2	3.7	mrav-bzoba-severian|mrav-enkenia-2	REVIEW
ითხოვს	ითხოვს	3	1	1.9	mrav-bzoba-severian	REVIEW
სხჳსა	სხვსა	3	3	5.6	mrav-bzoba-severian|mrav-forty-martyrs|mrav-lazare	REVIEW
ჩუენებით	ჩუენებით	3	3	5.6	mrav-bzoba-severian|mrav-epiphane-mary|mrav-kharbeba-1	REVIEW
ყვენით	ყვენით	3	3	5.6	cyril-epiphany-homily|mrav-bzoba-severian|mrav-enkenia-2	REVIEW
დიდებულისა	დიდებულისა	3	3	5.6	inventio-stephani-lucian|mrav-colophon-makari|mrav-kharbeba-2	REVIEW
მყო	მყო	3	3	5.6	chrys-epiphany-homily|mrav-colophon-makari|mrav-kharbeba-2	REVIEW
ძმისა	ძმისა	3	3	5.6	mrav-colophon-makari|mrav-cross-vision|mrav-john-baptist-decollatio	REVIEW
საბა	საბა	3	2	3.7	mrav-colophon-makari|mrav-sinai-fathers-amonios	REVIEW
ჰელენე	ჰელენე	3	1	1.9	mrav-cross-vision	REVIEW
ორას	ორას	3	2	3.7	mrav-cross-vision|mrav-nails-inventio	REVIEW
ნუცაღა	ნუცაღა	3	3	5.6	mrav-cross-vision|mrav-enkenia-2|mrav-john-baptist-decollatio	REVIEW
გიც	გიც	3	3	5.6	mrav-cross-vision|mrav-kharbeba-2|mrav-sulthmofenoba-2	REVIEW
ჰზი	ჰზი	3	2	3.7	mrav-cross-vision|mrav-timote-1	REVIEW
თხრად	თხრად	3	2	3.7	inventio-stephani-lucian|mrav-cross-vision	REVIEW
მეცხრესა	მეცხრესა	3	2	3.7	mrav-cross-vision|mrav-sinai-fathers-amonios	REVIEW
იუდაჲსგან	იუდაისგან	3	2	3.7	mrav-cross-vision|mrav-natlisgeba-1	REVIEW
ვყო	ვყო	3	3	5.6	mrav-cross-vision|mrav-enkenia-1|mrav-lazare	REVIEW
ცუმული	ცუმული	3	2	3.7	mrav-cross-vision|mrav-martyrs-chrysostom-2	REVIEW
კჳრიაკოს	კვრიაკოს	3	2	3.7	mrav-cross-vision|mrav-nails-inventio	REVIEW
ჰრწამნ	ჰრწამნ	3	2	3.7	mrav-departed-ephrem|mrav-shoba-athanasi	REVIEW
წიგნთაჲ	წიგნთაი	3	2	3.7	mrav-departed-ephrem|mrav-kharbeba-2	REVIEW
სმენითა	სმენითა	3	2	3.7	mrav-departed-ephrem|mrav-natlisgeba-1	REVIEW
ცხოველთაჲ	ცხოველთაი	3	2	3.7	mrav-departed-ephrem|mrav-toma-chrysostom	REVIEW
ვსცეთ	ვსცეთ	3	2	3.7	mrav-departed-ephrem|mrav-martyrs-chrysostom-2	REVIEW
დიდებულმან	დიდებულმან	3	2	3.7	mrav-departed-ephrem|mrav-lazare	REVIEW
თქუენისაჲ	თქუენისაი	3	2	3.7	mrav-departed-ephrem|mrav-enkenia-1	REVIEW
ენმანუელ	ენმანუელ	3	3	5.6	mart-stepane|mrav-dormition-1|mrav-shoba-athanasi	REVIEW
ნათლისაო	ნათლისაო	3	3	5.6	mrav-dormition-1|mrav-dormition-2|mrav-kharbeba-1	REVIEW
მთად	მთად	3	3	5.6	mrav-dormition-1|mrav-kharbeba-2|mrav-sinai-fathers-amonios	REVIEW
ვღაღადებთ	ვღაღადებთ	3	2	3.7	mrav-dormition-1|mrav-lazare	REVIEW
ევაჲსი	ევაისი	3	3	5.6	mrav-dormition-1|mrav-dormition-2|mrav-kharbeba-3	REVIEW
ეც	ეც	3	3	5.6	mrav-dormition-1|mrav-enkenia-1|mrav-forty-martyrs	REVIEW
ცათანი	ცათანი	3	3	5.6	cyril-epiphany-homily|mrav-dormition-2|mrav-epiphane-mary	REVIEW
ღმრთეებით	ღმრთეებით	3	3	5.6	mrav-dormition-2|mrav-feristsvaleba|mrav-kharbeba-3	REVIEW
გეტყჳს	გეტყვს	3	2	3.7	mrav-dormition-2|mrav-enkenia-2	REVIEW
ცხონდების	ცხონდების	3	3	5.6	mrav-dormition-2|mrav-epiphane-mary|mrav-lazare	REVIEW
წმიდისამან	წმიდისამან	3	3	5.6	mrav-dormition-2|mrav-nails-inventio|mrav-natlisgeba-1	REVIEW
ვსცემთ	ვსცემთ	3	3	5.6	mrav-dormition-2|mrav-shoba-athanasi|mrav-toma-chrysostom	REVIEW
მესათხევლენი	მესათხევლენი	3	2	3.7	mrav-enkenia-1|mrav-shoba-athanasi	REVIEW
ბრძოლისაჲ	ბრძოლისაი	3	1	1.9	mrav-enkenia-1	REVIEW
ყოვლითავე	ყოვლითავე	3	3	5.6	mrav-enkenia-1|mrav-epiphane-mary|mrav-kharbeba-1	REVIEW
ქალწულ	ქალწულ	3	3	5.6	mrav-enkenia-1|mrav-timote-1|proclus-hom-theotokos	REVIEW
ცეცხლისანი	ცეცხლისანი	3	3	5.6	cyril-epiphany-homily|mart-stepane|mrav-enkenia-1	REVIEW
ჩჩჳლ	ჩჩვლ	3	3	5.6	mart-stepane|mrav-enkenia-1|mrav-shoba-athanasi	REVIEW
სამოსლითა	სამოსლითა	3	3	5.6	mrav-enkenia-1|mrav-martyrs-chrysostom-3|mrav-sulthmofenoba-2	REVIEW
საჭმლად	საჭმლად	3	2	3.7	mrav-enkenia-1|mrav-sinai-fathers-amonios	REVIEW
ენებოს	ენებოს	3	2	3.7	hesych-hypapante-01|mrav-enkenia-1	REVIEW
მსახურ	მსახურ	3	3	5.6	cyril-epiphany-homily|mrav-enkenia-1|mrav-feristsvaleba	REVIEW
ვიდრეღა	ვიდრეღა	3	3	5.6	mrav-enkenia-1|mrav-forty-martyrs|mrav-john-baptist-decollatio-2	REVIEW
ბუნებათაჲ	ბუნებათაი	3	3	5.6	mrav-enkenia-1|mrav-shoba-athanasi|proclus-hom-theotokos	REVIEW
სიტყუათაჲ	სიტყუათაი	3	3	5.6	mrav-enkenia-1|mrav-kharbeba-2|mrav-shoba-athanasi	REVIEW
გუემითა	გუემითა	3	3	5.6	inventio-stephani-lucian|mrav-enkenia-1|mrav-martyrs-chrysostom-2	REVIEW
როკვად	როკვად	3	2	3.7	mrav-enkenia-1|mrav-john-baptist-decollatio	REVIEW
ჰეროდჱსსა	ჰეროდესსა	3	3	5.6	mrav-enkenia-1|mrav-feristsvaleba|mrav-john-baptist-decollatio	REVIEW
იმარხვენ	იმარხვენ	3	2	3.7	ephr-markhva|mrav-enkenia-1	REVIEW
მსახურებისათჳს	მსახურებისათვს	3	3	5.6	mrav-enkenia-1|mrav-forty-martyrs|mrav-sulthmofenoba-2	REVIEW
წყალთასა	წყალთასა	3	3	5.6	chrys-epiphany-homily|mrav-enkenia-2|mrav-martyrs-chrysostom-2	REVIEW
ცისანი	ცისანი	3	3	5.6	mart-stepane|mrav-enkenia-2|mrav-kharbeba-2	REVIEW
ძეთა	ძეთა	3	3	5.6	mrav-enkenia-2|mrav-kharbeba-1|mrav-kharbeba-3	REVIEW
ისმა	ისმა	3	2	3.7	mrav-chrysostom-jonah|mrav-enkenia-2	REVIEW
თქუმითა	თქუმითა	3	3	5.6	mrav-enkenia-2|mrav-forty-martyrs|mrav-lazare	REVIEW
უთხრობდა	უთხრობდა	3	3	5.6	mart-stepane|mrav-enkenia-2|mrav-natlisgeba-okropiri	REVIEW
კაცთათჳს	კაცთათვს	3	3	5.6	mrav-exaltation-cross|mrav-forty-martyrs|mrav-martyrs-chrysostom-2	REVIEW
სცის	სცის	3	2	3.7	mrav-exaltation-cross|mrav-sulthmofenoba-2	REVIEW
უხარინ	უხარინ	3	3	5.6	mrav-chrysostom-jonah|mrav-exaltation-cross|mrav-feristsvaleba	REVIEW
ნუგესინის	ნუგესინის	3	3	5.6	mrav-chrysostom-jonah|mrav-exaltation-cross|mrav-forty-martyrs	REVIEW
ხედვად	ხედვად	3	3	5.6	mrav-exaltation-cross|mrav-shoba-athanasi|mrav-sinai-fathers-amonios	REVIEW
ხენი	ხენი	3	3	5.6	mrav-exaltation-cross|mrav-martyrs-chrysostom-2|mrav-natlisgeba-1	REVIEW
იმსახურების	იმსახურების	3	2	3.7	mrav-exaltation-cross|mrav-toma-chrysostom	REVIEW
იესუჲსი	იესუისი	3	3	5.6	mrav-exaltation-cross|mrav-john-baptist-decollatio|mrav-lazare	REVIEW
იქადაგებოდა	იქადაგებოდა	3	2	3.7	mrav-exaltation-cross|mrav-kharbeba-2	REVIEW
გუესწავა	გუესწავა	3	1	1.9	mrav-exaltation-cross	REVIEW
ღმრთეებისაჲთა	ღმრთეებისაითა	3	3	5.6	mrav-epiphane-mary|mrav-exaltation-cross|mrav-kharbeba-3	REVIEW
ცხოვრებისათჳს	ცხოვრებისათვს	3	3	5.6	mrav-epiphane-mary|mrav-exaltation-cross|mrav-natlisgeba-1	REVIEW
ჭეშმარიტებითა	ჭეშმარიტებითა	3	3	5.6	mrav-exaltation-cross|mrav-feristsvaleba|mrav-kharbeba-3	REVIEW
გლოვად	გლოვად	3	2	3.7	mrav-exaltation-cross|mrav-kharbeba-2	REVIEW
მაღლითა	მაღლითა	3	2	3.7	mrav-feristsvaleba|mrav-sinai-fathers-amonios	REVIEW
უფლისათა	უფლისათა	3	3	5.6	mart-iaqob-up-dzma|mrav-feristsvaleba|mrav-john-baptist-decollatio	REVIEW
მეუფემან	მეუფემან	3	2	3.7	mrav-feristsvaleba|mrav-paul-martyrdom	REVIEW
საკჳრველებისა	საკვრველებისა	3	2	3.7	mrav-feristsvaleba|mrav-kharbeba-2	REVIEW
მარკოზ	მარკოზ	3	2	3.7	mrav-feristsvaleba|mrav-sulthmofenoba-2	REVIEW
ნეტართაჲ	ნეტართაი	3	2	3.7	mrav-feristsvaleba|mrav-forty-martyrs	REVIEW
მთავრისაჲ	მთავრისაი	3	3	5.6	mrav-feristsvaleba|mrav-forty-martyrs|mrav-kharbeba-1	REVIEW
იწამა	იწამა	3	2	3.7	mrav-feristsvaleba|mrav-john-baptist-decollatio	REVIEW
ისრაელისანი	ისრაელისანი	3	3	5.6	hesych-hypapante-01|mrav-feristsvaleba|mrav-lazare	REVIEW
ჴელმწიფებისა	ხელმწიფებისა	3	2	3.7	mrav-feristsvaleba|mrav-new-sunday	REVIEW
დებითა	დებითა	3	2	3.7	cyril-epiphany-homily|mrav-feristsvaleba	REVIEW
ჭეშმარიტებისასა	ჭეშმარიტებისასა	3	3	5.6	mrav-feristsvaleba|mrav-paul-martyrdom|mrav-toma-chrysostom	REVIEW
სიბრძნემან	სიბრძნემან	3	3	5.6	mrav-feristsvaleba|mrav-john-baptist-decollatio-2|mrav-kharbeba-3	REVIEW
ქადაგებს	ქადაგებს	3	3	5.6	mrav-epiphane-mary|mrav-feristsvaleba|mrav-sulthmofenoba-1	REVIEW
ჟამისაჲ	ჟამისაი	3	2	3.7	mrav-feristsvaleba|mrav-forty-martyrs	REVIEW
სათნოებისა	სათნოებისა	3	3	5.6	mrav-feristsvaleba|mrav-forty-martyrs|mrav-kharbeba-2	REVIEW
რომელთათჳს	რომელთათვს	3	2	3.7	mrav-forty-martyrs|mrav-kharbeba-2	REVIEW
სხჳთ	სხვთ	3	3	5.6	mart-iaqob-up-dzma|mrav-forty-martyrs|mrav-shoba-athanasi	REVIEW
ერთისაგან	ერთისაგან	3	2	3.7	mrav-forty-martyrs|mrav-sinai-fathers-amonios	REVIEW
კაცადი	კაცადი	3	2	3.7	cyril-epiphany-homily|mrav-forty-martyrs	REVIEW
კაცადმან	კაცადმან	3	2	3.7	mrav-forty-martyrs|mrav-sulthmofenoba-2	REVIEW
უთქუმიდა	უთქუმიდა	3	2	3.7	mrav-chrysostom-jonah|mrav-forty-martyrs	REVIEW
სასოებისა	სასოებისა	3	2	3.7	mrav-forty-martyrs|mrav-kharbeba-3	REVIEW
სიმართლისათჳს	სიმართლისათვს	3	3	5.6	ephr-markhva|mrav-forty-martyrs|mrav-sulthmofenoba-2	REVIEW
სძითა	სძითა	3	3	5.6	mrav-forty-martyrs|mrav-kharbeba-2|mrav-kharbeba-3	REVIEW
უხეთქნა	უხეთქნა	3	2	3.7	mart-iaqob-up-dzma|mrav-sinai-fathers-amonios	REVIEW
მათვე	მათვე	3	3	5.6	inventio-stephani-lucian|mart-iaqob-up-dzma|mrav-chrysostom-jonah	REVIEW
მართაჲ	მართაი	3	2	3.7	mrav-ioane-zosime|mrav-lazare	REVIEW
ძმის	ძმის	3	2	3.7	mrav-john-baptist-decollatio|mrav-john-baptist-decollatio-2	REVIEW
სამსონს	სამსონს	3	1	1.9	mrav-john-baptist-decollatio-2	REVIEW
წჳმისა	წვმისა	3	3	5.6	mrav-john-baptist-decollatio-2|mrav-lazare|proclus-hom-theotokos	REVIEW
მჴნესა	მხნესა	3	1	1.9	mrav-john-baptist-decollatio-2	REVIEW
დედაკაცისაჲ	დედაკაცისაი	3	3	5.6	mrav-john-baptist-decollatio-2|mrav-lazare|mrav-natlisgeba-okropiri	REVIEW
მემცა	მემცა	3	3	5.6	cyril-epiphany-homily|mrav-john-baptist-decollatio-2|mrav-natlisgeba-1	REVIEW
სუმად	სუმად	3	3	5.6	mart-stepane|mrav-john-baptist-decollatio|mrav-lazare	REVIEW
გონიერებითა	გონიერებითა	3	3	5.6	mrav-john-baptist-decollatio|mrav-kharbeba-3|mrav-paul-martyrdom	REVIEW
ფიცხლისა	ფიცხლისა	3	3	5.6	mrav-john-baptist-decollatio|mrav-lazare|mrav-new-sunday	REVIEW
მცემელისაჲ	მცემელისაი	3	2	3.7	mrav-john-baptist-decollatio|mrav-lazare	REVIEW
საქმისაჲ	საქმისაი	3	3	5.6	cyril-epiphany-homily|mrav-chrysostom-jonah|mrav-john-baptist-decollatio	REVIEW
ოდესიგი	ოდესიგი	3	2	3.7	mrav-john-baptist-decollatio|mrav-timote-1	REVIEW
ისრაელისასა	ისრაელისასა	3	3	5.6	mrav-kharbeba-1|mrav-kharbeba-2|mrav-timote-1	REVIEW
სუფევისა	სუფევისა	3	3	5.6	mrav-epiphane-mary|mrav-kharbeba-1|mrav-toma-chrysostom	REVIEW
მხოლოჲსაგან	მხოლოისაგან	3	2	3.7	mrav-kharbeba-1|mrav-kharbeba-3	REVIEW
იდვას	იდვას	3	3	5.6	mrav-kharbeba-1|mrav-kharbeba-3|mrav-martyrs-chrysostom-2	REVIEW
მჴევლისა	მხევლისა	3	3	5.6	mrav-chrysostom-jonah|mrav-kharbeba-1|mrav-kharbeba-3	REVIEW
გუამისაგან	გუამისაგან	3	3	5.6	mrav-kharbeba-1|mrav-kharbeba-3|mrav-toma-chrysostom	REVIEW
სასყიდლისა	სასყიდლისა	3	3	5.6	mrav-kharbeba-1|mrav-kharbeba-2|mrav-kharbeba-3	REVIEW
გმოსიეს	გმოსიეს	3	2	3.7	cyril-epiphany-homily|mrav-kharbeba-2	REVIEW
ეძიებს	ეძიებს	3	3	5.6	mrav-kharbeba-2|mrav-natlisgeba-okropiri|mrav-sulthmofenoba-2	REVIEW
ცხოვრების	ცხოვრების	3	3	5.6	mrav-epiphane-mary|mrav-kharbeba-2|proclus-hom-theotokos	REVIEW
უკეთუ	უკეთუ	3	3	5.6	inventio-stephani-lucian|mrav-epiphane-mary|mrav-kharbeba-2	REVIEW
ენისაგან	ენისაგან	3	2	3.7	inventio-stephani-lucian|mrav-kharbeba-2	REVIEW
სავსენი	სავსენი	3	3	5.6	mrav-kharbeba-2|mrav-kharbeba-3|mrav-natlisgeba-1	REVIEW
ბჭისა	ბჭისა	3	3	5.6	mart-stepane|mrav-kharbeba-2|proclus-hom-theotokos	REVIEW
სავანესა	სავანესა	3	3	5.6	mrav-kharbeba-2|mrav-paul-martyrdom|mrav-shoba-athanasi	REVIEW
მყვენ	მყვენ	3	3	5.6	mrav-kharbeba-2|mrav-paul-martyrdom|mrav-toma-chrysostom	REVIEW
მთავრობისა	მთავრობისა	3	3	5.6	inventio-stephani-lucian|mrav-kharbeba-3|mrav-paul-martyrdom	REVIEW
გურწმენა	გურწმენა	3	2	3.7	mrav-kharbeba-3|mrav-nails-inventio	REVIEW
მყვნა	მყვნა	3	3	5.6	mrav-kharbeba-3|mrav-martyrs-chrysostom|mrav-martyrs-chrysostom-3	REVIEW
ვისწრაფოთ	ვისწრაფოთ	3	1	1.9	mrav-kharbeba-3	REVIEW
ეხარა	ეხარა	3	3	5.6	mrav-kharbeba-3|mrav-shoba-athanasi|proclus-hom-theotokos	REVIEW
ღმერთ	ღმერთ	3	1	1.9	mrav-kharbeba-3	REVIEW
ორკერძოვე	ორკერძოვე	3	3	5.6	mrav-kharbeba-3|mrav-sulthmofenoba-2|proclus-hom-theotokos	REVIEW
შვილთ	შვილთ	3	1	1.9	mrav-lazare	REVIEW
ნელსაცხებლისა	ნელსაცხებლისა	3	2	3.7	mrav-lazare|mrav-natlisgeba-okropiri	REVIEW
ხილე	იხილე	3	3	5.6	mrav-chrysostom-jonah|mrav-epiphane-mary|mrav-lazare	REVIEW
ღჳნისა	ღვნისა	3	3	5.6	ephr-markhva|mrav-lazare|mrav-martyrs-chrysostom-3	REVIEW
სახლისა	სახლისა	3	3	5.6	mrav-lazare|mrav-sulthmofenoba-2|mrav-toma-chrysostom	REVIEW
სიფიცხლისაგან	სიფიცხლისაგან	3	1	1.9	mrav-lazare	REVIEW
წყალობად	წყალობად	3	1	1.9	mrav-lazare	REVIEW
წყლისაჲ	წყლისაი	3	2	3.7	mrav-epiphane-mary|mrav-lazare	REVIEW
ძეს	ძეს	3	2	3.7	cyril-epiphany-homily|mrav-lazare	REVIEW
იპოოს	იპოოს	3	3	5.6	cyril-epiphany-homily|mrav-chrysostom-jonah|mrav-sulthmofenoba-2	REVIEW
მარხვისა	მარხვისა	3	2	3.7	ephr-markhva|mrav-chrysostom-jonah	REVIEW
მარხვისასა	მარხვისასა	3	1	1.9	mrav-chrysostom-jonah	REVIEW
სემდგომად	სემდგომად	3	1	1.9	mrav-chrysostom-jonah	REVIEW
სემძლებელ	სემძლებელ	3	2	3.7	cyril-epiphany-homily|mrav-chrysostom-jonah	REVIEW
მენავენი	მენავენი	3	2	3.7	mrav-chrysostom-jonah|mrav-sinai-fathers-amonios	REVIEW
უვარის	უვარის	3	3	5.6	mrav-martyrs-chrysostom-2|mrav-martyrs-chrysostom-3|mrav-shoba-athanasi	REVIEW
სცემს	სცემს	3	3	5.6	chrys-epiphany-homily|mrav-martyrs-chrysostom-2|proclus-hom-theotokos	REVIEW
ჩინებულ	ჩინებულ	3	3	5.6	cyril-epiphany-homily|mrav-martyrs-chrysostom-3|mrav-sulthmofenoba-2	REVIEW
იძლია	იძლია	3	3	5.6	mrav-martyrs-chrysostom|mrav-martyrs-chrysostom-3|mrav-natlisgeba-1	REVIEW
მღჳძარებითა	მღვძარებითა	3	3	5.6	hesych-hypapante-01|mrav-martyrs-chrysostom-3|mrav-sinai-fathers-amonios	REVIEW
მყვენინ	მყვენინ	3	3	5.6	mrav-martyrs-chrysostom|mrav-martyrs-chrysostom-3|mrav-toma-chrysostom	REVIEW
მცუმელნი	მცუმელნი	3	1	1.9	mrav-martyrs-chrysostom	REVIEW
ორთავე	ორთავე	3	3	5.6	mrav-epiphane-mary|mrav-martyrs-chrysostom|mrav-sinai-fathers-amonios	REVIEW
ევაჲსგან	ევაისგან	3	2	3.7	hesych-hypapante-01|mrav-epiphane-mary	REVIEW
მეზუერენი	მეზუერენი	3	3	5.6	cyril-epiphany-homily|hesych-hypapante-01|mrav-shoba-athanasi	REVIEW
ჩნდა	ჩნდა	3	1	1.9	mrav-timote-1	REVIEW
მაგან	მაგან	3	2	3.7	mrav-sulthmofenoba-2|mrav-timote-1	REVIEW
ითხოვე	ითხოვე	3	3	5.6	mrav-sinai-fathers-amonios|mrav-timote-1|mrav-toma-chrysostom	REVIEW
ეგონა	ეგონა	3	3	5.6	chrys-epiphany-homily|mrav-shoba-athanasi|mrav-timote-1	REVIEW
მეძიებთ	მეძიებთ	3	2	3.7	mrav-sinai-fathers-amonios|mrav-timote-1	REVIEW
იღებენ	იღებენ	3	1	1.9	mrav-natlisgeba-okropiri	REVIEW
სდგა	სდგა	3	3	5.6	cyril-epiphany-homily|inventio-stephani-lucian|mrav-natlisgeba-okropiri	REVIEW
უფლისამან	უფლისამან	3	1	1.9	mrav-natlisgeba-okropiri	REVIEW
იკადრებდა	იკადრებდა	3	2	3.7	mrav-natlisgeba-1|mrav-shoba-athanasi	REVIEW
გიხილე	გიხილე	3	2	3.7	mrav-natlisgeba-1|mrav-toma-chrysostom	REVIEW
ჩემისაგან	ჩემისაგან	3	3	5.6	mrav-natlisgeba-1|mrav-paul-martyrdom|mrav-sulthmofenoba-2	REVIEW
ნათესავისათჳს	ნათესავისათვს	3	2	3.7	mrav-natlisgeba-1|proclus-hom-theotokos	REVIEW
ცოდვილთათჳს	ცოდვილთათვს	3	3	5.6	mrav-epiphane-mary|mrav-natlisgeba-1|proclus-hom-theotokos	REVIEW
წყლისაგან	წყლისაგან	3	2	3.7	cyril-epiphany-homily|mrav-sinai-fathers-amonios	REVIEW
ეძლო	ეძლო	3	3	5.6	cyril-epiphany-homily|mrav-sinai-fathers-amonios|proclus-hom-theotokos	REVIEW
ნათლისათჳს	ნათლისათვს	3	1	1.9	mrav-new-sunday	REVIEW
მართალთაჲ	მართალთაი	3	3	5.6	inventio-stephani-lucian|mrav-epiphane-mary|mrav-new-sunday	REVIEW
ეგჳპტეს	ეგვპტეს	3	2	3.7	mrav-new-sunday|mrav-shoba-athanasi	REVIEW
ვევედრნეთ	ვევედრნეთ	3	3	5.6	mrav-paul-martyrdom|mrav-peter-martyrdom|mrav-sinai-fathers-amonios	REVIEW
პატროკლე	პატროკლე	3	1	1.9	mrav-paul-martyrdom	REVIEW
ლონგონ	ლონგონ	3	1	1.9	mrav-paul-martyrdom	REVIEW
ტიტეს	ტიტეს	3	1	1.9	mrav-paul-martyrdom	REVIEW
ლუკას	ლუკას	3	1	1.9	mrav-paul-martyrdom	REVIEW
საშოჲსაგან	საშოისაგან	3	2	3.7	mrav-shoba-athanasi|proclus-hom-theotokos	REVIEW
ვენაჴისაჲ	ვენახისაი	3	2	3.7	mrav-shoba-athanasi|mrav-sulthmofenoba-2	REVIEW
ეშმაკისაგან	ეშმაკისაგან	3	3	5.6	mrav-epiphane-mary|mrav-shoba-athanasi|mrav-sulthmofenoba-2	REVIEW
ჰფარვიდა	ჰფარვიდა	3	2	3.7	mrav-shoba-athanasi|proclus-hom-theotokos	REVIEW
ვედრებად	ვედრებად	3	3	5.6	inventio-stephani-lucian|mrav-sinai-fathers-amonios|proclus-hom-theotokos	REVIEW
წმიდათაჲსა	წმიდათაისა	3	2	3.7	mrav-sinai-fathers-amonios|proclus-hom-theotokos	REVIEW
ვსცე	ვსცე	3	3	5.6	mart-stepane|mrav-sinai-fathers-amonios|mrav-toma-chrysostom	REVIEW
სამეოც	სამეოც	3	2	3.7	inventio-stephani-lucian|mrav-sinai-fathers-amonios	REVIEW
ფარანელნი	ფარანელნი	3	1	1.9	mrav-sinai-fathers-amonios	REVIEW
მარხვისათა	მარხვისათა	3	1	1.9	mrav-sinai-fathers-amonios	REVIEW
კულიზმად	კულიზმად	3	1	1.9	mrav-sinai-fathers-amonios	REVIEW
კიდესა	კიდესა	3	1	1.9	mrav-sinai-fathers-amonios	REVIEW
კადნიერ	კადნიერ	3	1	1.9	mrav-sinai-fathers-amonios	REVIEW
მდებარენი	მდებარენი	3	1	1.9	mrav-sinai-fathers-amonios	REVIEW
ვიწყე	ვიწყე	3	2	3.7	inventio-stephani-lucian|mrav-sinai-fathers-amonios	REVIEW
ობედიანოს	ობედიანოს	3	1	1.9	mrav-sinai-fathers-amonios	REVIEW
სტეფანჱსი	სტეფანესი	3	2	3.7	inventio-stephani-lucian|mart-stepane	REVIEW
სტეფანჱსთა	სტეფანესთა	3	1	1.9	inventio-stephani-lucian	REVIEW
სტეფანჱსსა	სტეფანესსა	3	2	3.7	inventio-stephani-lucian|mart-stepane	REVIEW
პარასკევსა	პარასკევსა	3	2	3.7	inventio-stephani-lucian|mart-stepane	REVIEW
ვიკადრე	ვიკადრე	3	1	1.9	inventio-stephani-lucian	REVIEW
კიშტენი	კიშტენი	3	1	1.9	inventio-stephani-lucian	REVIEW
ერტი	ერტი	3	1	1.9	inventio-stephani-lucian	REVIEW
თქუენისათჳს	თქუენისათვს	3	2	3.7	inventio-stephani-lucian|mrav-toma-chrysostom	REVIEW
ენად	ენად	3	2	3.7	inventio-stephani-lucian|mrav-sulthmofenoba-1	REVIEW
პოლატე	პოლატე	3	1	1.9	mart-stepane	REVIEW
იწოდა	იწოდა	3	1	1.9	mart-stepane	REVIEW
ქვისა	ქვისა	3	1	1.9	mart-stepane	REVIEW
წინაწარმეტყუელებდენ	წინაწარმეტყუელებდენ	3	2	3.7	mrav-sulthmofenoba-1|mrav-sulthmofenoba-2	REVIEW
ყოვლით	ყოვლით	3	2	3.7	mrav-sulthmofenoba-2|mrav-toma-chrysostom	REVIEW
კერძოვე	კერძოვე	3	2	3.7	mrav-sulthmofenoba-2|mrav-toma-chrysostom	REVIEW
აღდგა	აღდგა	46	15	27.8	hesych-hypapante-01|mart-iaqob-up-dzma|mart-stepane|mrav-aghdgoma-kyrile|mrav-aghdgoma-meletios|mrav-bzoba-iohannes|mrav-cross-vision|mrav-departed-ephrem|mrav-epiphane-mary|mrav-lazare|mrav-new-sunday|mrav-paul-martyrdom|mrav-sinai-fathers-amonios|mrav-timote-1|mrav-toma-chrysostom	VERB
აღადგინა	აღადგინა	33	9	16.7	hesych-hypapante-01|mrav-aghdgoma-kyrile|mrav-chrysostom-jonah|mrav-cross-vision|mrav-departed-ephrem|mrav-dormition-2|mrav-epiphane-mary|mrav-feristsvaleba|mrav-lazare	VERB
შენგან	შენგან	30	14	25.9	cyril-epiphany-homily|mrav-aghdgoma-kyrile|mrav-bzoba-severian|mrav-cross-vision|mrav-dormition-1|mrav-dormition-2|mrav-epiphane-mary|mrav-kharbeba-1|mrav-kharbeba-2|mrav-kharbeba-3|mrav-lazare|mrav-natlisgeba-1|mrav-shoba-athanasi|mrav-toma-chrysostom	VERB
მოწაფეთა	მოწაფეთა	29	11	20.4	inventio-stephani-lucian|mart-iaqob-up-dzma|mrav-aghdgoma-kyrile|mrav-aghdgoma-meletios|mrav-amaghleba|mrav-cross-vision|mrav-enkenia-2|mrav-epiphane-mary|mrav-feristsvaleba|mrav-sulthmofenoba-2|mrav-toma-chrysostom	VERB
გამოჩნდა	გამოჩნდა	29	16	29.6	chrys-epiphany-homily|mart-stepane|mrav-aghdgoma-kyrile|mrav-antipater-bostrensis-1|mrav-dormition-1|mrav-dormition-2|mrav-epiphane-mary|mrav-feristsvaleba|mrav-kharbeba-2|mrav-kharbeba-3|mrav-nails-inventio|mrav-natlisgeba-1|mrav-shoba-athanasi|mrav-sulthmofenoba-1|mrav-timote-1|proclus-hom-theotokos	VERB
არნ	არნ	29	14	25.9	cyril-epiphany-homily|ephr-markhva|inventio-stephani-lucian|mrav-aghdgoma-kyrile|mrav-bzoba-iohannes|mrav-chrysostom-jonah|mrav-enkenia-1|mrav-enkenia-2|mrav-exaltation-cross|mrav-forty-martyrs|mrav-john-baptist-decollatio|mrav-shoba-athanasi|mrav-sulthmofenoba-2|mrav-timote-1	VERB
ვართ	ვართ	29	17	31.5	ephr-markhva|inventio-stephani-lucian|mart-iaqob-up-dzma|mrav-aghdgoma-kyrile|mrav-amaghleba|mrav-bzoba-iohannes|mrav-chrysostom-jonah|mrav-cross-vision|mrav-enkenia-1|mrav-forty-martyrs|mrav-kharbeba-3|mrav-lazare|mrav-martyrs-chrysostom-3|mrav-natlisgeba-okropiri|mrav-new-sunday|mrav-paul-martyrdom|mrav-toma-chrysostom	VERB
იქმნნეს	იქმნნეს	25	16	29.6	cyril-epiphany-homily|ephr-markhva|mrav-aghdgoma-kyrile|mrav-aghdgoma-meletios|mrav-chrysostom-jonah|mrav-cross-vision|mrav-enkenia-1|mrav-feristsvaleba|mrav-forty-martyrs|mrav-kharbeba-1|mrav-lazare|mrav-martyrs-chrysostom-2|mrav-martyrs-chrysostom-3|mrav-nails-inventio|mrav-natlisgeba-okropiri|mrav-sulthmofenoba-1	VERB
დიდ	დიდ	25	16	29.6	cyril-epiphany-homily|inventio-stephani-lucian|mart-stepane|mrav-aghdgoma-kyrile|mrav-bzoba-iohannes|mrav-bzoba-severian|mrav-enkenia-1|mrav-enkenia-2|mrav-feristsvaleba|mrav-forty-martyrs|mrav-john-baptist-decollatio|mrav-kharbeba-1|mrav-lazare|mrav-martyrs-chrysostom|mrav-sinai-fathers-amonios|mrav-sulthmofenoba-1	VERB
ამისთჳსცა	ამისთვსცა	25	13	24.1	cyril-epiphany-homily|mrav-antipater-bostrensis-1|mrav-bzoba-iohannes|mrav-bzoba-severian|mrav-chrysostom-jonah|mrav-feristsvaleba|mrav-john-baptist-decollatio|mrav-kharbeba-1|mrav-kharbeba-2|mrav-kharbeba-3|mrav-martyrs-chrysostom-2|mrav-peter-martyrdom|mrav-shoba-athanasi	VERB
მოვედით	მოვედით	24	13	24.1	mart-iaqob-up-dzma|mrav-aghdgoma-kyrile|mrav-aghdgoma-meletios|mrav-bzoba-iohannes|mrav-dormition-1|mrav-forty-martyrs|mrav-john-baptist-decollatio|mrav-martyrs-chrysostom-3|mrav-natlisgeba-1|mrav-paul-martyrdom|mrav-shoba-athanasi|mrav-sinai-fathers-amonios|mrav-toma-chrysostom	VERB
ხართ	ხართ	24	17	31.5	cyril-epiphany-homily|inventio-stephani-lucian|mart-stepane|mrav-aghdgoma-meletios|mrav-basili-1|mrav-basili-2|mrav-bzoba-iohannes|mrav-enkenia-1|mrav-enkenia-2|mrav-exaltation-cross|mrav-feristsvaleba|mrav-john-baptist-decollatio|mrav-martyrs-chrysostom-3|mrav-paul-martyrdom|mrav-sulthmofenoba-2|mrav-toma-chrysostom|proclus-hom-theotokos	VERB
იქმნეს	იქმნეს	24	15	27.8	hesych-hypapante-01|inventio-stephani-lucian|mart-stepane|mrav-chrysostom-jonah|mrav-departed-ephrem|mrav-dormition-2|mrav-enkenia-1|mrav-feristsvaleba|mrav-forty-martyrs|mrav-john-baptist-decollatio|mrav-kharbeba-1|mrav-kharbeba-2|mrav-martyrs-chrysostom|mrav-martyrs-chrysostom-2|mrav-sinai-fathers-amonios	VERB
გამოვიდა	გამოვიდა	23	10	18.5	mrav-aghdgoma-kyrile|mrav-dormition-2|mrav-kharbeba-1|mrav-kharbeba-3|mrav-lazare|mrav-new-sunday|mrav-shoba-athanasi|mrav-sinai-fathers-amonios|mrav-toma-chrysostom|proclus-hom-theotokos	VERB
მორწმუნეთა	მორწმუნეთა	23	14	25.9	cyril-epiphany-homily|inventio-stephani-lucian|mrav-aghdgoma-kyrile|mrav-basili-1|mrav-bzoba-iohannes|mrav-bzoba-severian|mrav-cross-vision|mrav-exaltation-cross|mrav-kharbeba-2|mrav-kharbeba-3|mrav-lazare|mrav-nails-inventio|mrav-paul-martyrdom|mrav-peter-martyrdom	VERB
შეიწყნარა	შეიწყნარა	22	12	22.2	mrav-amaghleba|mrav-antipater-bostrensis-1|mrav-bzoba-severian|mrav-dormition-1|mrav-dormition-2|mrav-epiphane-mary|mrav-forty-martyrs|mrav-kharbeba-1|mrav-kharbeba-3|mrav-lazare|mrav-shoba-athanasi|mrav-sinai-fathers-amonios	VERB
მისცა	მისცა	21	16	29.6	mrav-aghdgoma-kyrile|mrav-antipater-bostrensis-1|mrav-basili-1|mrav-bzoba-iohannes|mrav-bzoba-severian|mrav-chrysostom-jonah|mrav-cross-vision|mrav-epiphane-mary|mrav-john-baptist-decollatio|mrav-john-baptist-decollatio-2|mrav-kharbeba-1|mrav-peter-martyrdom|mrav-sinai-fathers-amonios|mrav-sulthmofenoba-1|mrav-sulthmofenoba-2|proclus-hom-theotokos	VERB
მოიღო	მოიღო	21	14	25.9	cyril-epiphany-homily|mart-stepane|mrav-aghdgoma-kyrile|mrav-amaghleba|mrav-antipater-bostrensis-1|mrav-cross-vision|mrav-departed-ephrem|mrav-enkenia-2|mrav-feristsvaleba|mrav-john-baptist-decollatio|mrav-john-baptist-decollatio-2|mrav-kharbeba-3|mrav-lazare|mrav-shoba-athanasi	VERB
აღდგომისა	აღდგომისა	20	7	13.0	mrav-aghdgoma-kyrile|mrav-aghdgoma-meletios|mrav-amaghleba|mrav-enkenia-1|mrav-epiphane-mary|mrav-sinai-fathers-amonios|mrav-sulthmofenoba-2	VERB
შეიმოსა	შეიმოსა	20	10	18.5	mrav-amaghleba|mrav-antipater-bostrensis-1|mrav-bzoba-severian|mrav-epiphane-mary|mrav-kharbeba-1|mrav-kharbeba-2|mrav-kharbeba-3|mrav-martyrs-chrysostom-2|mrav-shoba-athanasi|proclus-hom-theotokos	VERB
განიზრახვიდა	განიზრახვიდა	19	8	14.8	mrav-antipater-bostrensis-1|mrav-forty-martyrs|mrav-kharbeba-1|mrav-kharbeba-2|mrav-kharbeba-3|mrav-nails-inventio|mrav-paul-martyrdom|mrav-toma-chrysostom	VERB
ამით	ამით	19	14	25.9	ephr-markhva|mrav-bzoba-severian|mrav-chrysostom-jonah|mrav-epiphane-mary|mrav-feristsvaleba|mrav-forty-martyrs|mrav-ioane-zosime|mrav-kharbeba-2|mrav-lazare|mrav-martyrs-chrysostom-2|mrav-natlisgeba-okropiri|mrav-new-sunday|mrav-sinai-fathers-amonios|mrav-toma-chrysostom	VERB
აღმაღლდა	აღმაღლდა	18	8	14.8	mrav-aghdgoma-kyrile|mrav-amaghleba|mrav-enkenia-2|mrav-epiphane-mary|mrav-paul-martyrdom|mrav-sulthmofenoba-1|mrav-sulthmofenoba-2|mrav-timote-1	VERB
მონაჲ	მონაი	18	12	22.2	chrys-epiphany-homily|hesych-hypapante-01|mrav-aghdgoma-kyrile|mrav-bzoba-iohannes|mrav-chrysostom-jonah|mrav-enkenia-1|mrav-feristsvaleba|mrav-lazare|mrav-martyrs-chrysostom|mrav-sinai-fathers-amonios|mrav-timote-1|proclus-hom-theotokos	VERB
მიუგო	მიუგო	18	10	18.5	mart-stepane|mrav-antipater-bostrensis-1|mrav-basili-2|mrav-cross-vision|mrav-enkenia-2|mrav-john-baptist-decollatio|mrav-kharbeba-3|mrav-paul-martyrdom|mrav-sinai-fathers-amonios|mrav-toma-chrysostom	VERB
დაეცა	დაეცა	18	14	25.9	chrys-epiphany-homily|hesych-hypapante-01|mrav-chrysostom-jonah|mrav-cross-vision|mrav-departed-ephrem|mrav-epiphane-mary|mrav-exaltation-cross|mrav-feristsvaleba|mrav-forty-martyrs|mrav-john-baptist-decollatio-2|mrav-paul-martyrdom|mrav-peter-martyrdom|mrav-sinai-fathers-amonios|mrav-timote-1	VERB
ჯუარს	ჯუარს	18	12	22.2	cyril-epiphany-homily|mart-stepane|mrav-cross-vision|mrav-enkenia-2|mrav-exaltation-cross|mrav-forty-martyrs|mrav-martyrs-chrysostom-2|mrav-martyrs-chrysostom-3|mrav-natlisgeba-1|mrav-peter-martyrdom|mrav-sulthmofenoba-2|mrav-timote-1	VERB
გარდამოჴდა	გარდამოხდა	17	12	22.2	cyril-epiphany-homily|mrav-aghdgoma-kyrile|mrav-aghdgoma-meletios|mrav-amaghleba|mrav-cross-vision|mrav-feristsvaleba|mrav-kharbeba-2|mrav-martyrs-chrysostom-2|mrav-natlisgeba-1|mrav-shoba-athanasi|mrav-sulthmofenoba-1|mrav-sulthmofenoba-2	VERB
შენთჳს	შენთვს	17	13	24.1	mart-stepane|mrav-aghdgoma-kyrile|mrav-bzoba-meletios|mrav-bzoba-severian|mrav-cross-vision|mrav-dormition-1|mrav-dormition-2|mrav-epiphane-mary|mrav-forty-martyrs|mrav-kharbeba-1|mrav-martyrs-chrysostom-3|mrav-sinai-fathers-amonios|mrav-toma-chrysostom	VERB
დაჯდა	დაჯდა	17	13	24.1	mart-iaqob-up-dzma|mart-stepane|mrav-aghdgoma-kyrile|mrav-amaghleba|mrav-bzoba-iohannes|mrav-bzoba-meletios|mrav-bzoba-severian|mrav-epiphane-mary|mrav-kharbeba-1|mrav-kharbeba-3|mrav-paul-martyrdom|mrav-sinai-fathers-amonios|proclus-hom-theotokos	VERB
ამისა	ამისა	16	10	18.5	inventio-stephani-lucian|mrav-aghdgoma-kyrile|mrav-bzoba-severian|mrav-chrysostom-jonah|mrav-enkenia-1|mrav-feristsvaleba|mrav-kharbeba-2|mrav-lazare|mrav-paul-martyrdom|mrav-sinai-fathers-amonios	VERB
მოიწია	მოიწია	16	10	18.5	mrav-aghdgoma-kyrile|mrav-bzoba-meletios|mrav-bzoba-severian|mrav-departed-ephrem|mrav-dormition-2|mrav-epiphane-mary|mrav-feristsvaleba|mrav-kharbeba-2|mrav-shoba-athanasi|mrav-sinai-fathers-amonios	VERB
შე	შე	16	9	16.7	cyril-epiphany-homily|mrav-antipater-bostrensis-1|mrav-bzoba-severian|mrav-enkenia-2|mrav-exaltation-cross|mrav-forty-martyrs|mrav-lazare|mrav-natlisgeba-okropiri|mrav-shoba-athanasi	VERB
დაბადებული	დაბადებული	16	11	20.4	chrys-epiphany-homily|hesych-hypapante-01|mrav-dormition-1|mrav-epiphane-mary|mrav-forty-martyrs|mrav-kharbeba-1|mrav-kharbeba-2|mrav-kharbeba-3|mrav-shoba-athanasi|mrav-toma-chrysostom|proclus-hom-theotokos	VERB
მოწაფენი	მოწაფენი	15	13	24.1	inventio-stephani-lucian|mrav-aghdgoma-kyrile|mrav-aghdgoma-meletios|mrav-amaghleba|mrav-basili-1|mrav-bzoba-iohannes|mrav-bzoba-severian|mrav-chrysostom-jonah|mrav-epiphane-mary|mrav-feristsvaleba|mrav-john-baptist-decollatio|mrav-sulthmofenoba-2|mrav-toma-chrysostom	VERB
მოწამენი	მოწამენი	15	9	16.7	chrys-epiphany-homily|mrav-aghdgoma-kyrile|mrav-aghdgoma-meletios|mrav-amaghleba|mrav-feristsvaleba|mrav-forty-martyrs|mrav-martyrs-chrysostom|mrav-martyrs-chrysostom-2|mrav-martyrs-chrysostom-3	VERB
შევიდეს	შევიდეს	15	12	22.2	cyril-epiphany-homily|hesych-hypapante-01|inventio-stephani-lucian|mrav-aghdgoma-kyrile|mrav-amaghleba|mrav-basili-1|mrav-enkenia-1|mrav-forty-martyrs|mrav-martyrs-chrysostom-2|mrav-sinai-fathers-amonios|mrav-sulthmofenoba-2|proclus-hom-theotokos	VERB
მისისაჲ	მისისაი	15	13	24.1	chrys-epiphany-homily|inventio-stephani-lucian|mart-iaqob-up-dzma|mrav-bzoba-iohannes|mrav-cross-vision|mrav-dormition-1|mrav-enkenia-1|mrav-epiphane-mary|mrav-john-baptist-decollatio-2|mrav-kharbeba-2|mrav-lazare|mrav-natlisgeba-1|mrav-sinai-fathers-amonios	VERB
გამობრწყინდა	გამობრწყინდა	15	6	11.1	mrav-dormition-1|mrav-dormition-2|mrav-exaltation-cross|mrav-feristsvaleba|mrav-nails-inventio|mrav-new-sunday	VERB
აღდგომისათჳს	აღდგომისათვს	14	5	9.3	mrav-aghdgoma-kyrile|mrav-aghdgoma-meletios|mrav-amaghleba|mrav-departed-ephrem|mrav-lazare	VERB
გამოვიდეს	გამოვიდეს	14	11	20.4	mrav-aghdgoma-kyrile|mrav-chrysostom-jonah|mrav-cross-vision|mrav-dormition-2|mrav-enkenia-1|mrav-kharbeba-2|mrav-shoba-athanasi|mrav-sinai-fathers-amonios|mrav-sulthmofenoba-1|mrav-toma-chrysostom|proclus-hom-theotokos	VERB
მივიდა	მივიდა	14	12	22.2	inventio-stephani-lucian|mart-stepane|mrav-aghdgoma-meletios|mrav-antipater-bostrensis-1|mrav-enkenia-2|mrav-feristsvaleba|mrav-holymonday|mrav-lazare|mrav-nails-inventio|mrav-new-sunday|mrav-paul-martyrdom|mrav-sinai-fathers-amonios	VERB
მოსრულ	მოსრულ	14	10	18.5	hesych-hypapante-01|mart-iaqob-up-dzma|mrav-antipater-bostrensis-1|mrav-kharbeba-1|mrav-kharbeba-3|mrav-martyrs-chrysostom-3|mrav-natlisgeba-1|mrav-natlisgeba-okropiri|mrav-paul-martyrdom|mrav-sinai-fathers-amonios	VERB
ადამ	ადამ	14	9	16.7	mrav-antipater-bostrensis-1|mrav-dormition-1|mrav-dormition-2|mrav-john-baptist-decollatio-2|mrav-kharbeba-1|mrav-kharbeba-2|mrav-kharbeba-3|mrav-lazare|mrav-shoba-athanasi	VERB
იყვნენ	იყვნენ	13	10	18.5	ephr-markhva|mrav-aghdgoma-kyrile|mrav-bzoba-iohannes|mrav-bzoba-severian|mrav-cross-vision|mrav-enkenia-1|mrav-enkenia-2|mrav-exaltation-cross|mrav-feristsvaleba|mrav-sulthmofenoba-2	VERB
ჩას	ჩას	13	9	16.7	inventio-stephani-lucian|mrav-aghdgoma-kyrile|mrav-antipater-bostrensis-1|mrav-bzoba-iohannes|mrav-cross-vision|mrav-epiphane-mary|mrav-exaltation-cross|mrav-forty-martyrs|mrav-martyrs-chrysostom-2	VERB
ჰგონებდეს	ჰგონებდეს	13	8	14.8	mrav-aghdgoma-kyrile|mrav-aghdgoma-meletios|mrav-antipater-bostrensis-1|mrav-bzoba-severian|mrav-cross-vision|mrav-martyrs-chrysostom|mrav-sinai-fathers-amonios|mrav-timote-1	VERB
არავე	არავე	13	11	20.4	cyril-epiphany-homily|mrav-aghdgoma-kyrile|mrav-antipater-bostrensis-1|mrav-chrysostom-jonah|mrav-cross-vision|mrav-enkenia-1|mrav-exaltation-cross|mrav-forty-martyrs|mrav-john-baptist-decollatio|mrav-lazare|mrav-paul-martyrdom	VERB
განმზადებულ	განმზადებულ	13	8	14.8	mart-iaqob-up-dzma|mrav-aghdgoma-kyrile|mrav-bzoba-iohannes|mrav-departed-ephrem|mrav-forty-martyrs|mrav-martyrs-chrysostom|mrav-martyrs-chrysostom-2|mrav-sulthmofenoba-2	VERB
დაადგრა	დაადგრა	13	9	16.7	cyril-epiphany-homily|mrav-amaghleba|mrav-john-baptist-decollatio|mrav-kharbeba-3|mrav-lazare|mrav-natlisgeba-1|mrav-peter-martyrdom|mrav-shoba-athanasi|mrav-sulthmofenoba-2	VERB
აღივსო	აღივსო	13	9	16.7	cyril-epiphany-homily|inventio-stephani-lucian|mrav-antipater-bostrensis-1|mrav-kharbeba-2|mrav-lazare|mrav-nails-inventio|mrav-paul-martyrdom|mrav-sulthmofenoba-1|mrav-sulthmofenoba-2	VERB
ადამი	ადამი	13	7	13.0	hesych-hypapante-01|mrav-bzoba-iohannes|mrav-chrysostom-jonah|mrav-departed-ephrem|mrav-kharbeba-1|mrav-kharbeba-3|mrav-shoba-athanasi	VERB
არამცა	არამცა	13	6	11.1	hesych-hypapante-01|mrav-cross-vision|mrav-martyrs-chrysostom-3|mrav-sinai-fathers-amonios|mrav-toma-chrysostom|proclus-hom-theotokos	VERB
მონათა	მონათა	13	10	18.5	cyril-epiphany-homily|inventio-stephani-lucian|mrav-departed-ephrem|mrav-forty-martyrs|mrav-kharbeba-2|mrav-martyrs-chrysostom-2|mrav-paul-martyrdom|mrav-sinai-fathers-amonios|mrav-sulthmofenoba-1|mrav-sulthmofenoba-2	VERB
აღდგომისაჲ	აღდგომისაი	12	5	9.3	mrav-aghdgoma-kyrile|mrav-departed-ephrem|mrav-dormition-2|mrav-kharbeba-2|mrav-lazare	VERB
ვიყავ	ვიყავ	12	9	16.7	chrys-epiphany-homily|inventio-stephani-lucian|mrav-aghdgoma-kyrile|mrav-cross-vision|mrav-feristsvaleba|mrav-natlisgeba-okropiri|mrav-paul-martyrdom|mrav-sinai-fathers-amonios|mrav-sulthmofenoba-2	VERB
ეტყოდეს	ეტყოდეს	12	9	16.7	mart-iaqob-up-dzma|mrav-aghdgoma-kyrile|mrav-basili-1|mrav-bzoba-severian|mrav-forty-martyrs|mrav-natlisgeba-okropiri|mrav-sinai-fathers-amonios|mrav-sulthmofenoba-2|mrav-toma-chrysostom	VERB
მოსცა	მოსცა	12	9	16.7	mrav-aghdgoma-kyrile|mrav-departed-ephrem|mrav-epiphane-mary|mrav-exaltation-cross|mrav-martyrs-chrysostom-2|mrav-natlisgeba-1|mrav-paul-martyrdom|mrav-shoba-athanasi|mrav-sulthmofenoba-2	VERB
იყავ	იყავ	12	10	18.5	cyril-epiphany-homily|mart-stepane|mrav-antipater-bostrensis-1|mrav-bzoba-severian|mrav-chrysostom-jonah|mrav-enkenia-1|mrav-epiphane-mary|mrav-john-baptist-decollatio|mrav-john-baptist-decollatio-2|mrav-kharbeba-3	VERB
შეეშინა	შეეშინა	12	6	11.1	mrav-cross-vision|mrav-forty-martyrs|mrav-john-baptist-decollatio-2|mrav-natlisgeba-1|mrav-sinai-fathers-amonios|mrav-sulthmofenoba-1	VERB
აღდეგ	აღდეგ	11	5	9.3	mrav-aghdgoma-kyrile|mrav-chrysostom-jonah|mrav-kharbeba-1|mrav-lazare|mrav-timote-1	VERB
მოივლინა	მოივლინა	11	6	11.1	inventio-stephani-lucian|mrav-aghdgoma-kyrile|mrav-feristsvaleba|mrav-kharbeba-1|mrav-kharbeba-2|mrav-kharbeba-3	VERB
წამებს	წამებს	11	8	14.8	cyril-epiphany-homily|mrav-aghdgoma-kyrile|mrav-bzoba-iohannes|mrav-epiphane-mary|mrav-feristsvaleba|mrav-john-baptist-decollatio|mrav-kharbeba-3|mrav-sulthmofenoba-2	VERB
ყავ	ყავ	11	8	14.8	mrav-aghdgoma-kyrile|mrav-basili-2|mrav-bzoba-severian|mrav-cross-vision|mrav-exaltation-cross|mrav-john-baptist-decollatio|mrav-john-baptist-decollatio-2|mrav-lazare	VERB
დადგა	დადგა	11	7	13.0	inventio-stephani-lucian|mrav-amaghleba|mrav-dormition-1|mrav-kharbeba-2|mrav-paul-martyrdom|mrav-timote-1|proclus-hom-theotokos	VERB
მონისა	მონისა	11	9	16.7	mart-stepane|mrav-antipater-bostrensis-1|mrav-basili-2|mrav-cross-vision|mrav-feristsvaleba|mrav-lazare|mrav-martyrs-chrysostom-2|mrav-sinai-fathers-amonios|mrav-timote-1	VERB
აღასრულა	აღასრულა	11	10	18.5	mrav-antipater-bostrensis-1|mrav-basili-1|mrav-enkenia-1|mrav-epiphane-mary|mrav-exaltation-cross|mrav-john-baptist-decollatio|mrav-nails-inventio|mrav-peter-martyrdom|mrav-sinai-fathers-amonios|mrav-sulthmofenoba-2	VERB
დაემტკიცოს	დაემტკიცოს	11	7	13.0	inventio-stephani-lucian|mrav-bzoba-iohannes|mrav-bzoba-meletios|mrav-bzoba-severian|mrav-enkenia-1|mrav-feristsvaleba|mrav-shoba-athanasi	VERB
მიიღო	მიიღო	11	8	14.8	cyril-epiphany-homily|mrav-bzoba-severian|mrav-chrysostom-jonah|mrav-epiphane-mary|mrav-feristsvaleba|mrav-john-baptist-decollatio|mrav-kharbeba-2|mrav-shoba-athanasi	VERB
მოუწოდა	მოუწოდა	11	7	13.0	mart-stepane|mrav-cross-vision|mrav-epiphane-mary|mrav-kharbeba-1|mrav-kharbeba-2|mrav-nails-inventio|mrav-natlisgeba-okropiri	VERB
სულისაჲ	სულისაი	11	7	13.0	cyril-epiphany-homily|ephr-markhva|hesych-hypapante-01|mrav-enkenia-1|mrav-epiphane-mary|mrav-john-baptist-decollatio|mrav-sulthmofenoba-2	VERB
ხედვიდეს	ხედვიდეს	11	7	13.0	mrav-chrysostom-jonah|mrav-john-baptist-decollatio|mrav-martyrs-chrysostom-2|mrav-natlisgeba-1|mrav-natlisgeba-okropiri|mrav-paul-martyrdom|mrav-sinai-fathers-amonios	VERB
გამალიელ	გამალიელ	11	2	3.7	inventio-stephani-lucian|mart-stepane	VERB
მისისათჳს	მისისათვს	10	5	9.3	mrav-aghdgoma-kyrile|mrav-aghdgoma-meletios|mrav-bzoba-iohannes|mrav-forty-martyrs|mrav-sulthmofenoba-1	VERB
ეძიებდეს	ეძიებდეს	10	5	9.3	mrav-aghdgoma-kyrile|mrav-cross-vision|mrav-natlisgeba-1|mrav-sinai-fathers-amonios|mrav-timote-1	VERB
შესაძლებელ	შესაძლებელ	10	8	14.8	hesych-hypapante-01|mrav-aghdgoma-kyrile|mrav-dormition-1|mrav-exaltation-cross|mrav-feristsvaleba|mrav-shoba-athanasi|mrav-toma-chrysostom|proclus-hom-theotokos	VERB
მოვიდეთ	მოვიდეთ	10	8	14.8	mrav-aghdgoma-kyrile|mrav-basili-1|mrav-bzoba-severian|mrav-exaltation-cross|mrav-feristsvaleba|mrav-kharbeba-2|mrav-lazare|mrav-timote-1	VERB
აღდგენ	აღდგენ	10	3	5.6	mrav-aghdgoma-kyrile|mrav-departed-ephrem|mrav-epiphane-mary	VERB
მიიწია	მიიწია	10	9	16.7	chrys-epiphany-homily|inventio-stephani-lucian|mrav-aghdgoma-kyrile|mrav-antipater-bostrensis-1|mrav-chrysostom-jonah|mrav-cross-vision|mrav-dormition-1|mrav-lazare|mrav-sulthmofenoba-2	VERB
მოკუდა	მოკუდა	10	8	14.8	cyril-epiphany-homily|mart-iaqob-up-dzma|mrav-aghdgoma-kyrile|mrav-lazare|mrav-paul-martyrdom|mrav-sinai-fathers-amonios|mrav-toma-chrysostom|proclus-hom-theotokos	VERB
შეისხნა	შეისხნა	10	7	13.0	hesych-hypapante-01|mrav-amaghleba|mrav-epiphane-mary|mrav-kharbeba-2|mrav-kharbeba-3|mrav-sulthmofenoba-1|proclus-hom-theotokos	VERB
აუწყა	აუწყა	10	4	7.4	mrav-antipater-bostrensis-1|mrav-feristsvaleba|mrav-kharbeba-1|mrav-timote-1	VERB
შენისაჲ	შენისაი	10	8	14.8	mart-stepane|mrav-antipater-bostrensis-1|mrav-basili-2|mrav-cross-vision|mrav-kharbeba-1|mrav-kharbeba-2|mrav-kharbeba-3|mrav-sulthmofenoba-2	VERB
არიედ	არიედ	10	7	13.0	cyril-epiphany-homily|ephr-markhva|mrav-bzoba-iohannes|mrav-chrysostom-jonah|mrav-departed-ephrem|mrav-martyrs-chrysostom|mrav-martyrs-chrysostom-2	VERB
ძედ	ძედ	10	6	11.1	cyril-epiphany-homily|mrav-bzoba-iohannes|mrav-bzoba-meletios|mrav-feristsvaleba|mrav-kharbeba-2|mrav-kharbeba-3	VERB
ჰყავ	ჰყავ	10	7	13.0	inventio-stephani-lucian|mart-stepane|mrav-bzoba-severian|mrav-cross-vision|mrav-john-baptist-decollatio|mrav-lazare|mrav-sinai-fathers-amonios	VERB
დაჰბადა	დაჰბადა	10	6	11.1	mrav-departed-ephrem|mrav-kharbeba-1|mrav-kharbeba-2|mrav-shoba-athanasi|mrav-sulthmofenoba-1|proclus-hom-theotokos	VERB
მოწამეთა	მოწამეთა	10	5	9.3	mrav-martyrs-chrysostom|mrav-martyrs-chrysostom-2|mrav-martyrs-chrysostom-3|mrav-shoba-athanasi|mrav-sinai-fathers-amonios	VERB
მოვედ	მოვედ	9	7	13.0	mart-stepane|mrav-aghdgoma-kyrile|mrav-antipater-bostrensis-1|mrav-bzoba-severian|mrav-enkenia-1|mrav-kharbeba-1|mrav-toma-chrysostom	VERB
წარვიდა	წარვიდა	9	7	13.0	mrav-aghdgoma-kyrile|mrav-amaghleba|mrav-antipater-bostrensis-1|mrav-forty-martyrs|mrav-john-baptist-decollatio-2|mrav-kharbeba-2|mrav-sinai-fathers-amonios	VERB
გაქუს	გაქუს	9	8	14.8	mart-stepane|mrav-aghdgoma-kyrile|mrav-antipater-bostrensis-1|mrav-basili-2|mrav-enkenia-2|mrav-epiphane-mary|mrav-holymonday|mrav-lazare	VERB
გამოჩნდეს	გამოჩნდეს	9	8	14.8	chrys-epiphany-homily|hesych-hypapante-01|mrav-aghdgoma-kyrile|mrav-antipater-bostrensis-1|mrav-bzoba-iohannes|mrav-kharbeba-2|mrav-lazare|mrav-nails-inventio	VERB
აღადგინნა	აღადგინნა	9	6	11.1	mrav-aghdgoma-kyrile|mrav-cross-vision|mrav-epiphane-mary|mrav-john-baptist-decollatio-2|mrav-natlisgeba-1|mrav-shoba-athanasi	VERB
მონასა	მონასა	9	6	11.1	mrav-aghdgoma-kyrile|mrav-chrysostom-jonah|mrav-departed-ephrem|mrav-kharbeba-2|mrav-sinai-fathers-amonios|mrav-toma-chrysostom	VERB
შენცა	შენცა	9	7	13.0	cyril-epiphany-homily|hesych-hypapante-01|mart-stepane|mrav-aghdgoma-kyrile|mrav-bzoba-severian|mrav-natlisgeba-okropiri|mrav-paul-martyrdom	VERB
მოწამედ	მოწამედ	9	6	11.1	inventio-stephani-lucian|mrav-aghdgoma-kyrile|mrav-bzoba-iohannes|mrav-ioane-zosime|mrav-shoba-athanasi|mrav-toma-chrysostom	VERB
შეწირა	შეწირა	9	9	16.7	mrav-aghdgoma-kyrile|mrav-antipater-bostrensis-1|mrav-basili-1|mrav-bzoba-severian|mrav-epiphane-mary|mrav-kharbeba-1|mrav-kharbeba-2|mrav-natlisgeba-1|mrav-timote-1	VERB
აჩუენა	აჩუენა	9	8	14.8	mrav-aghdgoma-meletios|mrav-chrysostom-jonah|mrav-exaltation-cross|mrav-forty-martyrs|mrav-lazare|mrav-sinai-fathers-amonios|mrav-sulthmofenoba-2|proclus-hom-theotokos	VERB
ახარა	ახარა	9	6	11.1	chrys-epiphany-homily|mrav-amaghleba|mrav-antipater-bostrensis-1|mrav-kharbeba-1|mrav-kharbeba-2|proclus-hom-theotokos	VERB
აღსრულებად	აღსრულებად	9	7	13.0	mrav-amaghleba|mrav-colophon-makari|mrav-enkenia-1|mrav-kharbeba-2|mrav-nails-inventio|mrav-natlisgeba-1|mrav-natlisgeba-okropiri	VERB
ვხედავ	ვხედავ	9	4	7.4	mrav-antipater-bostrensis-1|mrav-bzoba-severian|mrav-dormition-2|mrav-shoba-athanasi	VERB
დაიტია	დაიტია	9	5	9.3	mrav-antipater-bostrensis-1|mrav-epiphane-mary|mrav-kharbeba-1|mrav-kharbeba-3|mrav-shoba-athanasi	VERB
მისისასა	მისისასა	9	7	13.0	cyril-epiphany-homily|mrav-antipater-bostrensis-1|mrav-enkenia-2|mrav-kharbeba-1|mrav-martyrs-chrysostom-2|mrav-new-sunday|mrav-sinai-fathers-amonios	VERB
შეუძლებელ	შეუძლებელ	9	7	13.0	mrav-antipater-bostrensis-1|mrav-basili-2|mrav-bzoba-severian|mrav-chrysostom-jonah|mrav-feristsvaleba|mrav-shoba-athanasi|proclus-hom-theotokos	VERB
მიეცა	მიეცა	9	6	11.1	mrav-bzoba-iohannes|mrav-bzoba-meletios|mrav-bzoba-severian|mrav-epiphane-mary|mrav-lazare|mrav-sinai-fathers-amonios	VERB
ამაღლდა	ამაღლდა	9	4	7.4	cyril-epiphany-homily|mrav-bzoba-iohannes|mrav-bzoba-severian|mrav-dormition-1	VERB
მოძღურისა	მოძღურისა	9	7	13.0	inventio-stephani-lucian|mrav-colophon-makari|mrav-john-baptist-decollatio|mrav-kharbeba-3|mrav-shoba-athanasi|mrav-sinai-fathers-amonios|proclus-hom-theotokos	VERB
ასწავებდა	ასწავებდა	9	7	13.0	cyril-epiphany-homily|mrav-cross-vision|mrav-john-baptist-decollatio|mrav-natlisgeba-1|mrav-natlisgeba-okropiri|mrav-paul-martyrdom|mrav-peter-martyrdom	VERB
მოღებად	მოღებად	9	7	13.0	cyril-epiphany-homily|mart-stepane|mrav-chrysostom-jonah|mrav-cross-vision|mrav-kharbeba-2|mrav-natlisgeba-okropiri|mrav-sulthmofenoba-2	VERB
გექმნეს	გექმნეს	9	1	1.9	mrav-enkenia-1	VERB
გამოიღო	გამოიღო	9	7	13.0	chrys-epiphany-homily|mrav-epiphane-mary|mrav-exaltation-cross|mrav-kharbeba-1|mrav-kharbeba-3|mrav-shoba-athanasi|mrav-sulthmofenoba-2	VERB
ჰრწმენეს	ჰრწმენეს	9	6	11.1	cyril-epiphany-homily|mart-iaqob-up-dzma|mrav-epiphane-mary|mrav-feristsvaleba|mrav-paul-martyrdom|mrav-sulthmofenoba-1	VERB
სულისაგან	სულისაგან	9	6	11.1	cyril-epiphany-homily|mrav-chrysostom-jonah|mrav-epiphane-mary|mrav-sulthmofenoba-1|mrav-sulthmofenoba-2|mrav-timote-1	VERB
მოისრნეს	მოისრნეს	9	1	1.9	mrav-sinai-fathers-amonios	VERB
აღდგომილ	აღდგომილ	8	3	5.6	cyril-epiphany-homily|mrav-aghdgoma-kyrile|mrav-departed-ephrem	VERB
მოიღეს	მოიღეს	8	6	11.1	mrav-aghdgoma-kyrile|mrav-martyrs-chrysostom-2|mrav-natlisgeba-okropiri|mrav-paul-martyrdom|mrav-shoba-athanasi|mrav-sinai-fathers-amonios	VERB
მიცემად	მიცემად	8	6	11.1	inventio-stephani-lucian|mrav-aghdgoma-kyrile|mrav-bzoba-severian|mrav-john-baptist-decollatio|mrav-sulthmofenoba-2|proclus-hom-theotokos	VERB
მონანი	მონანი	8	6	11.1	mrav-aghdgoma-kyrile|mrav-bzoba-iohannes|mrav-enkenia-2|mrav-martyrs-chrysostom|mrav-shoba-athanasi|mrav-sinai-fathers-amonios	VERB
მესამედ	მესამედ	8	4	7.4	inventio-stephani-lucian|mrav-aghdgoma-kyrile|mrav-bound-ioane-zosime|mrav-feristsvaleba	VERB
მისისაჲთა	მისისაითა	8	8	14.8	mrav-aghdgoma-kyrile|mrav-amaghleba|mrav-enkenia-2|mrav-epiphane-mary|mrav-feristsvaleba|mrav-ioane-zosime|mrav-paul-martyrdom|mrav-sulthmofenoba-1	VERB
აღ	აღ	8	7	13.0	mart-stepane|mrav-aghdgoma-meletios|mrav-amaghleba|mrav-epiphane-mary|mrav-lazare|mrav-martyrs-chrysostom|mrav-peter-martyrdom	VERB
აჩუენოს	აჩუენოს	8	5	9.3	mrav-amaghleba|mrav-bzoba-iohannes|mrav-epiphane-mary|mrav-feristsvaleba|mrav-shoba-athanasi	VERB
დაბადებულთა	დაბადებულთა	8	7	13.0	hesych-hypapante-01|mrav-amaghleba|mrav-exaltation-cross|mrav-kharbeba-2|mrav-kharbeba-3|mrav-martyrs-chrysostom|mrav-martyrs-chrysostom-2	VERB
დანიელ	დანიელ	8	6	11.1	mrav-antipater-bostrensis-1|mrav-chrysostom-jonah|mrav-departed-ephrem|mrav-dormition-1|mrav-epiphane-mary|mrav-new-sunday	VERB
მოდგინედ	მოდგინედ	8	5	9.3	mrav-antipater-bostrensis-1|mrav-bzoba-iohannes|mrav-cross-vision|mrav-kharbeba-3|mrav-nails-inventio	VERB
მრწმენეს	მრწმენეს	8	3	5.6	mrav-basili-2|mrav-enkenia-2|mrav-toma-chrysostom	VERB
აღემართა	აღემართა	8	4	7.4	mrav-basili-2|mrav-chrysostom-jonah|mrav-dormition-1|mrav-exaltation-cross	VERB
განწმიდა	განწმიდა	8	8	14.8	cyril-epiphany-homily|mart-stepane|mrav-bzoba-iohannes|mrav-enkenia-1|mrav-kharbeba-2|mrav-natlisgeba-1|mrav-shoba-athanasi|mrav-sulthmofenoba-1	VERB
დაბადებულნი	დაბადებულნი	8	7	13.0	chrys-epiphany-homily|hesych-hypapante-01|mrav-bzoba-severian|mrav-new-sunday|mrav-sulthmofenoba-1|mrav-timote-1|mrav-toma-chrysostom	VERB
დაუკჳრდა	დაუკვრდა	8	5	9.3	mrav-cross-vision|mrav-epiphane-mary|mrav-natlisgeba-1|mrav-paul-martyrdom|mrav-sinai-fathers-amonios	VERB
გინდეს	გინდეს	8	5	9.3	cyril-epiphany-homily|mrav-chrysostom-jonah|mrav-enkenia-1|mrav-nativity-theotokos|mrav-sinai-fathers-amonios	VERB
შემკულ	შემკულ	8	5	9.3	inventio-stephani-lucian|mrav-enkenia-1|mrav-enkenia-2|mrav-feristsvaleba|mrav-john-baptist-decollatio	VERB
მისთაჲ	მისთაი	8	7	13.0	mart-iaqob-up-dzma|mrav-enkenia-2|mrav-exaltation-cross|mrav-forty-martyrs|mrav-martyrs-chrysostom|mrav-martyrs-chrysostom-2|mrav-paul-martyrdom	VERB
აცხოვნოს	აცხოვნოს	8	2	3.7	mrav-epiphane-mary|mrav-kharbeba-3	VERB
უთხარ	უთხარ	8	2	3.7	inventio-stephani-lucian|mrav-shoba-athanasi	VERB
დაეფლა	დაეფლა	7	5	9.3	mrav-aghdgoma-kyrile|mrav-bzoba-iohannes|mrav-enkenia-2|mrav-epiphane-mary|mrav-new-sunday	VERB
მოციქულთასა	მოციქულთასა	7	6	11.1	inventio-stephani-lucian|mrav-aghdgoma-kyrile|mrav-bzoba-severian|mrav-chrysostom-jonah|mrav-cross-vision|mrav-feristsvaleba	VERB
აღესრულების	აღესრულების	7	7	13.0	ephr-markhva|mrav-aghdgoma-kyrile|mrav-bzoba-iohannes|mrav-bzoba-meletios|mrav-kharbeba-1|mrav-nails-inventio|mrav-timote-1	VERB
ხედავ	ხედავ	7	5	9.3	cyril-epiphany-homily|mrav-aghdgoma-kyrile|mrav-chrysostom-jonah|mrav-kharbeba-2|mrav-natlisgeba-okropiri	VERB
აღესრულა	აღესრულა	7	6	11.1	inventio-stephani-lucian|mart-iaqob-up-dzma|mart-stepane|mrav-aghdgoma-kyrile|mrav-nails-inventio|mrav-sulthmofenoba-1	VERB
წარვიდეს	წარვიდეს	7	5	9.3	inventio-stephani-lucian|mart-stepane|mrav-aghdgoma-kyrile|mrav-forty-martyrs|mrav-sinai-fathers-amonios	VERB
მიიღეთ	მიიღეთ	7	4	7.4	mrav-aghdgoma-meletios|mrav-martyrs-chrysostom-2|mrav-sulthmofenoba-2|mrav-toma-chrysostom	VERB
მიიღეს	მიიღეს	7	6	11.1	mart-stepane|mrav-aghdgoma-meletios|mrav-basili-1|mrav-enkenia-1|mrav-martyrs-chrysostom-2|mrav-sulthmofenoba-2	VERB
ყვნეს	ყვნეს	7	6	11.1	mrav-aghdgoma-meletios|mrav-bzoba-iohannes|mrav-martyrs-chrysostom|mrav-shoba-athanasi|mrav-sinai-fathers-amonios|mrav-toma-chrysostom	VERB
მოვიდოდა	მოვიდოდა	7	6	11.1	mrav-amaghleba|mrav-bzoba-iohannes|mrav-bzoba-severian|mrav-enkenia-2|mrav-forty-martyrs|mrav-kharbeba-2	VERB
აღმოვთქუათ	აღმოვთქუათ	7	6	11.1	ephr-markhva|mrav-amaghleba|mrav-martyrs-chrysostom|mrav-martyrs-chrysostom-2|mrav-martyrs-chrysostom-3|mrav-sulthmofenoba-1	VERB
აუწყებდა	აუწყებდა	7	6	11.1	mrav-antipater-bostrensis-1|mrav-feristsvaleba|mrav-kharbeba-2|mrav-natlisgeba-okropiri|mrav-shoba-athanasi|mrav-sulthmofenoba-2	VERB
შერაცხილ	შერაცხილ	7	4	7.4	mrav-antipater-bostrensis-1|mrav-bzoba-severian|mrav-chrysostom-jonah|mrav-martyrs-chrysostom-2	VERB
მივედ	მივედ	7	5	9.3	inventio-stephani-lucian|mrav-antipater-bostrensis-1|mrav-chrysostom-jonah|mrav-departed-ephrem|mrav-sinai-fathers-amonios	VERB
აღესრულებოდა	აღესრულებოდა	7	4	7.4	mrav-antipater-bostrensis-1|mrav-bzoba-iohannes|mrav-bzoba-meletios|mrav-bzoba-severian	VERB
ადამის	ადამის	7	4	7.4	mrav-antipater-bostrensis-1|mrav-dormition-2|mrav-shoba-athanasi|proclus-hom-theotokos	VERB
დაბადებულისა	დაბადებულისა	7	5	9.3	mrav-antipater-bostrensis-1|mrav-bzoba-iohannes|mrav-enkenia-1|mrav-kharbeba-2|mrav-timote-1	VERB
გფარვიდეს	გფარვიდეს	7	4	7.4	mrav-antipater-bostrensis-1|mrav-kharbeba-1|mrav-kharbeba-3|mrav-shoba-athanasi	VERB
ადიდებდეს	ადიდებდეს	7	6	11.1	mart-iaqob-up-dzma|mrav-basili-2|mrav-enkenia-1|mrav-kharbeba-2|mrav-martyrs-chrysostom-2|mrav-paul-martyrdom	VERB
აღივსნეს	აღივსნეს	7	7	13.0	cyril-epiphany-homily|mrav-bzoba-iohannes|mrav-bzoba-meletios|mrav-kharbeba-1|mrav-kharbeba-2|mrav-sinai-fathers-amonios|mrav-sulthmofenoba-2	VERB
ჰყოფდეს	ჰყოფდეს	7	5	9.3	mrav-bzoba-meletios|mrav-bzoba-severian|mrav-martyrs-chrysostom-2|mrav-natlisgeba-okropiri|mrav-shoba-athanasi	VERB
აჩუენებდა	აჩუენებდა	7	5	9.3	cyril-epiphany-homily|mrav-bzoba-severian|mrav-feristsvaleba|mrav-lazare|mrav-peter-martyrdom	VERB
დაფარულ	დაფარულ	7	6	11.1	inventio-stephani-lucian|mrav-departed-ephrem|mrav-enkenia-2|mrav-kharbeba-1|mrav-kharbeba-3|mrav-martyrs-chrysostom	VERB
განქარდა	განქარდა	7	7	13.0	chrys-epiphany-homily|mrav-dormition-1|mrav-epiphane-mary|mrav-kharbeba-3|mrav-shoba-athanasi|mrav-sulthmofenoba-2|proclus-hom-theotokos	VERB
სხდეს	სხდეს	7	3	5.6	cyril-epiphany-homily|mrav-dormition-2|mrav-sulthmofenoba-2	VERB
მოწყდეს	მოწყდეს	7	5	9.3	inventio-stephani-lucian|mrav-enkenia-1|mrav-lazare|mrav-shoba-athanasi|mrav-sinai-fathers-amonios	VERB
წარჴდენ	წარხდენ	7	2	3.7	mrav-enkenia-1|mrav-forty-martyrs	VERB
აღუთქუა	აღუთქუა	7	7	13.0	mrav-feristsvaleba|mrav-kharbeba-1|mrav-kharbeba-2|mrav-martyrs-chrysostom|mrav-sinai-fathers-amonios|mrav-sulthmofenoba-1|mrav-sulthmofenoba-2	VERB
შეკრებულ	შეკრებულ	7	5	9.3	hesych-hypapante-01|mrav-forty-martyrs|mrav-martyrs-chrysostom|mrav-sinai-fathers-amonios|mrav-sulthmofenoba-1	VERB
ოვედით	მოვედით	7	4	7.4	cyril-epiphany-homily|mrav-kharbeba-1|mrav-kharbeba-3|mrav-shoba-athanasi	VERB
განაახლოს	განაახლოს	7	1	1.9	mrav-kharbeba-3	VERB
მოიჴსენიან	მოიხსენიან	7	2	3.7	mrav-chrysostom-jonah|mrav-martyrs-chrysostom-2	VERB
შენსაცა	შენსაცა	7	2	3.7	hesych-hypapante-01|mrav-timote-1	VERB
აღდგეს	აღდგეს	6	3	5.6	cyril-epiphany-homily|mrav-aghdgoma-kyrile|mrav-feristsvaleba	VERB
აღმოსცჱნდა	აღმოსცენდა	6	4	7.4	mrav-aghdgoma-kyrile|mrav-kharbeba-1|mrav-kharbeba-3|proclus-hom-theotokos	VERB
აღესრულოს	აღესრულოს	6	5	9.3	mrav-aghdgoma-kyrile|mrav-epiphane-mary|mrav-nails-inventio|mrav-sulthmofenoba-2|mrav-timote-1	VERB
ანგელოზთაგან	ანგელოზთაგან	6	5	9.3	mrav-aghdgoma-kyrile|mrav-aghdgoma-meletios|mrav-amaghleba|mrav-dormition-1|mrav-toma-chrysostom	VERB
შეიყუარა	შეიყუარა	6	3	5.6	mrav-aghdgoma-kyrile|mrav-enkenia-2|mrav-natlisgeba-1	VERB
აღდგომად	აღდგომად	6	3	5.6	hesych-hypapante-01|mrav-aghdgoma-kyrile|mrav-timote-1	VERB
მისცეს	მისცეს	6	4	7.4	mrav-aghdgoma-kyrile|mrav-cross-vision|mrav-epiphane-mary|mrav-kharbeba-1	VERB
შეძრწუნდა	შეძრწუნდა	6	6	11.1	mrav-aghdgoma-kyrile|mrav-antipater-bostrensis-1|mrav-basili-2|mrav-kharbeba-2|mrav-kharbeba-3|mrav-paul-martyrdom	VERB
დაუტევეს	დაუტევეს	6	4	7.4	mrav-aghdgoma-kyrile|mrav-forty-martyrs|mrav-shoba-athanasi|mrav-sinai-fathers-amonios	VERB
აღდგომითა	აღდგომითა	6	5	9.3	mrav-aghdgoma-kyrile|mrav-bzoba-severian|mrav-departed-ephrem|mrav-epiphane-mary|mrav-toma-chrysostom	VERB
აღდგომილი	აღდგომილი	6	3	5.6	mrav-aghdgoma-kyrile|mrav-bzoba-iohannes|mrav-chrysostom-jonah	VERB
ისხნეს	ისხნეს	6	5	9.3	inventio-stephani-lucian|mart-stepane|mrav-aghdgoma-kyrile|mrav-chrysostom-jonah|mrav-forty-martyrs	VERB
აღაშჱნა	აღაშენა	6	6	11.1	mrav-aghdgoma-kyrile|mrav-cross-vision|mrav-enkenia-1|mrav-feristsvaleba|mrav-shoba-athanasi|proclus-hom-theotokos	VERB
ჰხედავ	ჰხედავ	6	5	9.3	inventio-stephani-lucian|mrav-aghdgoma-kyrile|mrav-bzoba-severian|mrav-forty-martyrs|mrav-timote-1	VERB
მოიჴსენე	მოიხსენე	6	2	3.7	mrav-aghdgoma-kyrile|mrav-sinai-fathers-amonios	VERB
ითქუნეს	ითქუნეს	6	5	9.3	chrys-epiphany-homily|mrav-aghdgoma-kyrile|mrav-feristsvaleba|mrav-kharbeba-1|mrav-paul-martyrdom	VERB
აღიტაცა	აღიტაცა	6	2	3.7	ephr-markhva|mrav-aghdgoma-kyrile	VERB
შეწევნითა	შეწევნითა	6	6	11.1	mrav-aghdgoma-kyrile|mrav-basili-2|mrav-colophon-makari|mrav-epiphane-mary|mrav-peter-martyrdom|mrav-shoba-athanasi	VERB
დაითმინა	დაითმინა	6	6	11.1	mrav-aghdgoma-kyrile|mrav-antipater-bostrensis-1|mrav-epiphane-mary|mrav-forty-martyrs|mrav-kharbeba-1|mrav-sulthmofenoba-1	VERB
მოგეცინ	მოგეცინ	6	3	5.6	ephr-markhva|mrav-aghdgoma-kyrile|mrav-departed-ephrem	VERB
მოვიდენ	მოვიდენ	6	5	9.3	mrav-aghdgoma-meletios|mrav-amaghleba|mrav-enkenia-2|mrav-natlisgeba-1|mrav-sinai-fathers-amonios	VERB
არავის	არავის	6	5	9.3	inventio-stephani-lucian|mrav-aghdgoma-meletios|mrav-bzoba-severian|mrav-feristsvaleba|mrav-sinai-fathers-amonios	VERB
დაემკჳდრა	დაემკვდრა	6	5	9.3	mrav-aghdgoma-meletios|mrav-antipater-bostrensis-1|mrav-dormition-1|mrav-kharbeba-3|proclus-hom-theotokos	VERB
ჰხედვიდეს	ჰხედვიდეს	6	6	11.1	mrav-amaghleba|mrav-basili-1|mrav-bzoba-iohannes|mrav-forty-martyrs|mrav-natlisgeba-1|mrav-natlisgeba-okropiri	VERB
განისუენა	განისუენა	6	4	7.4	ephr-markhva|mrav-amaghleba|mrav-kharbeba-1|mrav-kharbeba-3	VERB
დათესულ	დათესულ	6	4	7.4	mrav-amaghleba|mrav-departed-ephrem|mrav-dormition-2|mrav-epiphane-mary	VERB
მოაქუს	მოაქუს	6	5	9.3	hesych-hypapante-01|mrav-antipater-bostrensis-1|mrav-bzoba-severian|mrav-shoba-athanasi|proclus-hom-theotokos	VERB
მითხრობად	მითხრობად	6	4	7.4	mrav-antipater-bostrensis-1|mrav-forty-martyrs|mrav-sinai-fathers-amonios|mrav-sulthmofenoba-2	VERB
მოკლა	მოკლა	6	6	11.1	mrav-antipater-bostrensis-1|mrav-bzoba-iohannes|mrav-john-baptist-decollatio-2|mrav-lazare|mrav-shoba-athanasi|mrav-sinai-fathers-amonios	VERB
ესხნეს	ესხნეს	6	4	7.4	inventio-stephani-lucian|mrav-antipater-bostrensis-1|mrav-john-baptist-decollatio|proclus-hom-theotokos	VERB
შევ	შევ	6	3	5.6	mrav-antipater-bostrensis-1|mrav-dormition-2|mrav-epiphane-mary	VERB
დამკჳდრებულ	დამკვდრებულ	6	6	11.1	mrav-basili-1|mrav-enkenia-1|mrav-kharbeba-1|mrav-kharbeba-3|mrav-new-sunday|mrav-sinai-fathers-amonios	VERB
დამტკიცებულ	დამტკიცებულ	6	4	7.4	mrav-basili-2|mrav-bzoba-iohannes|mrav-enkenia-1|mrav-epiphane-mary	VERB
წარმართთაჲ	წარმართთაი	6	4	7.4	mrav-basili-2|mrav-bzoba-iohannes|mrav-cross-vision|mrav-enkenia-2	VERB
დაგლახაკნა	დაგლახაკნა	6	6	11.1	hesych-hypapante-01|mrav-bzoba-iohannes|mrav-kharbeba-1|mrav-kharbeba-2|mrav-kharbeba-3|mrav-shoba-athanasi	VERB
განაგო	განაგო	6	4	7.4	mrav-bzoba-severian|mrav-enkenia-1|mrav-kharbeba-2|proclus-hom-theotokos	VERB
იცოდეს	იცოდეს	6	5	9.3	mrav-bzoba-severian|mrav-kharbeba-1|mrav-kharbeba-3|mrav-sinai-fathers-amonios|mrav-sulthmofenoba-2	VERB
ახლისა	ახლისა	6	4	7.4	cyril-epiphany-homily|mrav-bzoba-severian|mrav-epiphane-mary|mrav-kharbeba-2	VERB
აღდგინებად	აღდგინებად	6	5	9.3	cyril-epiphany-homily|hesych-hypapante-01|mrav-bzoba-severian|mrav-departed-ephrem|mrav-timote-1	VERB
იქმნენ	იქმნენ	6	4	7.4	mrav-bzoba-severian|mrav-chrysostom-jonah|mrav-departed-ephrem|mrav-kharbeba-2	VERB
დაადგინა	დაადგინა	6	3	5.6	mrav-chrysostom-jonah|mrav-cross-vision|mrav-enkenia-1	VERB
განიპყრნა	განიპყრნა	6	5	9.3	hesych-hypapante-01|inventio-stephani-lucian|mrav-cross-vision|mrav-exaltation-cross|mrav-sinai-fathers-amonios	VERB
აღიღო	აღიღო	6	5	9.3	mart-iaqob-up-dzma|mrav-cross-vision|mrav-martyrs-chrysostom|mrav-sinai-fathers-amonios|mrav-sulthmofenoba-1	VERB
დასდვა	დასდვა	6	5	9.3	mrav-cross-vision|mrav-departed-ephrem|mrav-john-baptist-decollatio|mrav-natlisgeba-1|mrav-paul-martyrdom	VERB
განრისხნა	განრისხნა	6	4	7.4	mart-stepane|mrav-chrysostom-jonah|mrav-cross-vision|mrav-paul-martyrdom	VERB
მორწმუნენი	მორწმუნენი	6	5	9.3	inventio-stephani-lucian|mart-iaqob-up-dzma|mrav-departed-ephrem|mrav-dormition-1|mrav-peter-martyrdom	VERB
შეემოსა	შეემოსა	6	5	9.3	mrav-departed-ephrem|mrav-dormition-2|mrav-exaltation-cross|mrav-kharbeba-3|mrav-sulthmofenoba-1	VERB
გარდაჰჴდა	გარდაჰხდა	6	1	1.9	mrav-departed-ephrem	VERB
განანათლებს	განანათლებს	6	5	9.3	mrav-dormition-2|mrav-kharbeba-1|mrav-kharbeba-2|mrav-kharbeba-3|mrav-timote-1	VERB
მითვე	მითვე	6	6	11.1	inventio-stephani-lucian|mrav-chrysostom-jonah|mrav-enkenia-1|mrav-feristsvaleba|mrav-kharbeba-2|mrav-kharbeba-3	VERB
მოვედინ	მოვედინ	6	2	3.7	mrav-enkenia-2|proclus-hom-theotokos	VERB
მისცემდა	მისცემდა	6	5	9.3	mrav-feristsvaleba|mrav-forty-martyrs|mrav-john-baptist-decollatio-2|mrav-sulthmofenoba-2|proclus-hom-theotokos	VERB
შესლვად	შესლვად	6	4	7.4	mrav-feristsvaleba|mrav-john-baptist-decollatio|mrav-kharbeba-3|mrav-paul-martyrdom	VERB
მოწამეთაჲ	მოწამეთაი	6	2	3.7	mrav-forty-martyrs|mrav-sinai-fathers-amonios	VERB
მოვიდოდეს	მოვიდოდეს	6	5	9.3	mrav-forty-martyrs|mrav-lazare|mrav-natlisgeba-okropiri|mrav-paul-martyrdom|mrav-sinai-fathers-amonios	VERB
შეერთო	შეერთო	6	5	9.3	mrav-forty-martyrs|mrav-natlisgeba-1|mrav-natlisgeba-okropiri|mrav-shoba-athanasi|proclus-hom-theotokos	VERB
მოსცეს	მოსცეს	6	6	11.1	cyril-epiphany-homily|mrav-kharbeba-1|mrav-lazare|mrav-natlisgeba-okropiri|mrav-paul-martyrdom|mrav-shoba-athanasi	VERB
ქადაგებდეს	ქადაგებდეს	6	6	11.1	chrys-epiphany-homily|mrav-epiphane-mary|mrav-kharbeba-1|mrav-kharbeba-3|mrav-martyrs-chrysostom-3|mrav-sulthmofenoba-1	VERB
დაცემად	დაცემად	6	2	3.7	hesych-hypapante-01|mrav-timote-1	VERB
განვლოს	განვლოს	6	1	1.9	mrav-timote-1	VERB
ადგილიცა	ადგილიცა	5	3	5.6	mrav-aghdgoma-kyrile|mrav-cross-vision|mrav-sinai-fathers-amonios	VERB
მეუფედ	მეუფედ	5	3	5.6	mrav-aghdgoma-kyrile|mrav-bzoba-severian|mrav-kharbeba-3	VERB
შევედ	შევედ	5	4	7.4	cyril-epiphany-homily|inventio-stephani-lucian|mrav-aghdgoma-kyrile|mrav-sinai-fathers-amonios	VERB
მოეცა	მოეცა	5	5	9.3	cyril-epiphany-homily|mrav-aghdgoma-kyrile|mrav-exaltation-cross|mrav-kharbeba-2|mrav-nails-inventio	VERB
მისვე	მისვე	5	4	7.4	inventio-stephani-lucian|mrav-aghdgoma-kyrile|mrav-kharbeba-2|mrav-sinai-fathers-amonios	VERB
წარწყმიდა	წარწყმიდა	5	5	9.3	mrav-aghdgoma-kyrile|mrav-antipater-bostrensis-1|mrav-bzoba-severian|mrav-chrysostom-jonah|mrav-lazare	VERB
მორჩილ	მორჩილ	5	4	7.4	mrav-aghdgoma-kyrile|mrav-chrysostom-jonah|mrav-feristsvaleba|mrav-toma-chrysostom	VERB
დაენერგა	დაენერგა	5	4	7.4	mrav-aghdgoma-kyrile|mrav-exaltation-cross|mrav-kharbeba-2|mrav-shoba-athanasi	VERB
განუტეო	განუტეო	5	3	5.6	hesych-hypapante-01|mrav-aghdgoma-kyrile|mrav-timote-1	VERB
მიეცნეს	მიეცნეს	5	3	5.6	mrav-aghdgoma-kyrile|mrav-exaltation-cross|mrav-forty-martyrs	VERB
დადგეს	დადგეს	5	4	7.4	mrav-aghdgoma-kyrile|mrav-dormition-1|mrav-forty-martyrs|mrav-sinai-fathers-amonios	VERB
არსა	არსა	5	4	7.4	inventio-stephani-lucian|mrav-aghdgoma-kyrile|mrav-antipater-bostrensis-1|mrav-paul-martyrdom	VERB
შეეხო	შეეხო	5	5	9.3	mrav-aghdgoma-kyrile|mrav-enkenia-2|mrav-john-baptist-decollatio|mrav-martyrs-chrysostom-3|mrav-toma-chrysostom	VERB
აღასრულებდა	აღასრულებდა	5	4	7.4	mrav-aghdgoma-kyrile|mrav-bzoba-severian|mrav-kharbeba-2|mrav-natlisgeba-1	VERB
იხილნეს	იხილნეს	5	5	9.3	mrav-aghdgoma-kyrile|mrav-aghdgoma-meletios|mrav-basili-1|mrav-sinai-fathers-amonios|mrav-sulthmofenoba-1	VERB
მოკუდეს	მოკუდეს	5	4	7.4	mrav-aghdgoma-kyrile|mrav-departed-ephrem|mrav-epiphane-mary|mrav-sinai-fathers-amonios	VERB
მოვიჴსენოთ	მოვიხსენოთ	5	5	9.3	mrav-aghdgoma-kyrile|mrav-bzoba-severian|mrav-enkenia-2|mrav-john-baptist-decollatio|mrav-timote-1	VERB
ას	ას	5	4	7.4	mrav-aghdgoma-kyrile|mrav-antipater-bostrensis-1|mrav-forty-martyrs|mrav-sinai-fathers-amonios	VERB
დაჯედ	დაჯედ	5	4	7.4	mart-stepane|mrav-aghdgoma-kyrile|mrav-amaghleba|mrav-nails-inventio	VERB
მოიწინეს	მოიწინეს	5	3	5.6	mrav-aghdgoma-meletios|mrav-cross-vision|mrav-sinai-fathers-amonios	VERB
გამოეცხადა	გამოეცხადა	5	4	7.4	ephr-markhva|mart-stepane|mrav-aghdgoma-meletios|mrav-kharbeba-3	VERB
წარსლვად	წარსლვად	5	5	9.3	mrav-aghdgoma-meletios|mrav-antipater-bostrensis-1|mrav-cross-vision|mrav-enkenia-1|mrav-feristsvaleba	VERB
დადგრომილ	დადგრომილ	5	4	7.4	mrav-antipater-bostrensis-1|mrav-basili-2|mrav-enkenia-2|mrav-sulthmofenoba-2	VERB
ადამს	ადამს	5	4	7.4	mrav-antipater-bostrensis-1|mrav-epiphane-mary|mrav-kharbeba-3|mrav-shoba-athanasi	VERB
არ	არ	5	5	9.3	cyril-epiphany-homily|mart-stepane|mrav-antipater-bostrensis-1|mrav-bzoba-severian|mrav-enkenia-1	VERB
მიიღე	მიიღე	5	2	3.7	mrav-antipater-bostrensis-1|mrav-toma-chrysostom	VERB
მიუდგეს	მიუდგეს	5	5	9.3	mart-stepane|mrav-antipater-bostrensis-1|mrav-dormition-1|mrav-shoba-athanasi|mrav-timote-1	VERB
მიღებად	მიღებად	5	5	9.3	inventio-stephani-lucian|mrav-antipater-bostrensis-1|mrav-bzoba-severian|mrav-enkenia-1|mrav-lazare	VERB
უნდეს	უნდეს	5	5	9.3	mrav-antipater-bostrensis-1|mrav-kharbeba-3|mrav-paul-martyrdom|mrav-sulthmofenoba-1|mrav-sulthmofenoba-2	VERB
დაადგრეს	დაადგრეს	5	5	9.3	cyril-epiphany-homily|mrav-basili-1|mrav-bzoba-iohannes|mrav-enkenia-1|mrav-forty-martyrs	VERB
აღიპყრნა	აღიპყრნა	5	4	7.4	mart-stepane|mrav-basili-2|mrav-cross-vision|mrav-paul-martyrdom	VERB
მოიყვანა	მოიყვანა	5	5	9.3	mrav-basili-2|mrav-chrysostom-jonah|mrav-enkenia-1|mrav-shoba-athanasi|proclus-hom-theotokos	VERB
მოყუარეთა	მოყუარეთა	5	5	9.3	mrav-bound-ioane-zosime|mrav-forty-martyrs|mrav-lazare|mrav-sinai-fathers-amonios|mrav-toma-chrysostom	VERB
მოუჴდეთ	მოუხდეთ	5	3	5.6	cyril-epiphany-homily|mrav-bzoba-iohannes|mrav-kharbeba-3	VERB
აღვიღოთ	აღვიღოთ	5	4	7.4	mrav-bzoba-iohannes|mrav-bzoba-meletios|mrav-bzoba-severian|mrav-lazare	VERB
შეკრიბნა	შეკრიბნა	5	4	7.4	mrav-bzoba-iohannes|mrav-exaltation-cross|mrav-martyrs-chrysostom-2|mrav-sulthmofenoba-1	VERB
მოგუცა	მოგუცა	5	4	7.4	chrys-epiphany-homily|mrav-bzoba-iohannes|mrav-departed-ephrem|mrav-exaltation-cross	VERB
მოუჴდეს	მოუხდეს	5	4	7.4	cyril-epiphany-homily|mrav-bzoba-iohannes|mrav-cross-vision|mrav-shoba-athanasi	VERB
განკურნა	განკურნა	5	5	9.3	mrav-bzoba-iohannes|mrav-dormition-2|mrav-kharbeba-2|mrav-shoba-athanasi|mrav-sinai-fathers-amonios	VERB
მოწყალემან	მოწყალემან	5	3	5.6	mrav-bzoba-iohannes|mrav-kharbeba-3|mrav-sinai-fathers-amonios	VERB
მიგებებად	მიგებებად	5	3	5.6	mrav-bzoba-meletios|mrav-lazare|mrav-natlisgeba-okropiri	VERB
შეკრა	შეკრა	5	3	5.6	cyril-epiphany-homily|mrav-bzoba-severian|mrav-john-baptist-decollatio-2	VERB
შეიწყნარე	შეიწყნარე	5	5	9.3	mrav-bzoba-severian|mrav-chrysostom-jonah|mrav-kharbeba-1|mrav-kharbeba-3|mrav-lazare	VERB
ვხედევდ	ვხედევდ	5	4	7.4	inventio-stephani-lucian|mrav-bzoba-severian|mrav-cross-vision|mrav-sinai-fathers-amonios	VERB
შევიდოდა	შევიდოდა	5	5	9.3	mart-iaqob-up-dzma|mrav-bzoba-severian|mrav-chrysostom-jonah|mrav-peter-martyrdom|mrav-sinai-fathers-amonios	VERB
შეუძლოთ	შეუძლოთ	5	5	9.3	mrav-bzoba-severian|mrav-cross-vision|mrav-dormition-1|mrav-kharbeba-2|mrav-lazare	VERB
მოიქცა	მოიქცა	5	4	7.4	mart-stepane|mrav-cross-vision|mrav-peter-martyrdom|mrav-sinai-fathers-amonios	VERB
მიუგეს	მიუგეს	5	3	5.6	mrav-cross-vision|mrav-paul-martyrdom|mrav-sinai-fathers-amonios	VERB
დაჰფლეს	დაჰფლეს	5	5	9.3	mart-iaqob-up-dzma|mrav-cross-vision|mrav-john-baptist-decollatio|mrav-peter-martyrdom|mrav-sinai-fathers-amonios	VERB
მოსლვად	მოსლვად	5	4	7.4	cyril-epiphany-homily|mrav-cross-vision|mrav-enkenia-2|mrav-sulthmofenoba-2	VERB
მიიცვალების	მიიცვალების	5	3	5.6	mrav-dormition-1|mrav-dormition-2|mrav-timote-1	VERB
მიწევნად	მიწევნად	5	4	7.4	mrav-chrysostom-jonah|mrav-dormition-1|mrav-enkenia-2|proclus-hom-theotokos	VERB
ადიდებენ	ადიდებენ	5	3	5.6	chrys-epiphany-homily|mrav-dormition-2|mrav-shoba-athanasi	VERB
დაჰჴსნა	დაჰხსნა	5	4	7.4	mrav-dormition-2|mrav-forty-martyrs|mrav-shoba-athanasi|proclus-hom-theotokos	VERB
დასთესა	დასთესა	5	4	7.4	mrav-enkenia-2|mrav-epiphane-mary|mrav-new-sunday|mrav-shoba-athanasi	VERB
გამობრწყინდეს	გამობრწყინდეს	5	4	7.4	chrys-epiphany-homily|mrav-enkenia-2|mrav-martyrs-chrysostom|mrav-new-sunday	VERB
დასცხრა	დასცხრა	5	4	7.4	mrav-enkenia-2|mrav-exaltation-cross|mrav-john-baptist-decollatio|mrav-paul-martyrdom	VERB
იოვანეს	იოვანეს	5	4	7.4	cyril-epiphany-homily|inventio-stephani-lucian|mrav-enkenia-2|mrav-natlisgeba-okropiri	VERB
მიიწინეს	მიიწინეს	5	4	7.4	mrav-exaltation-cross|mrav-natlisgeba-1|mrav-paul-martyrdom|mrav-sinai-fathers-amonios	VERB
დადვა	დადვა	5	5	9.3	mrav-exaltation-cross|mrav-feristsvaleba|mrav-forty-martyrs|mrav-paul-martyrdom|mrav-shoba-athanasi	VERB
დაჰმარხა	დაჰმარხა	5	5	9.3	mart-stepane|mrav-chrysostom-jonah|mrav-feristsvaleba|mrav-john-baptist-decollatio-2|mrav-lazare	VERB
მონისაჲ	მონისაი	5	5	9.3	cyril-epiphany-homily|mrav-feristsvaleba|mrav-forty-martyrs|mrav-kharbeba-3|mrav-shoba-athanasi	VERB
ეყო	ეყო	5	5	9.3	mrav-forty-martyrs|mrav-john-baptist-decollatio|mrav-kharbeba-2|mrav-martyrs-chrysostom|mrav-timote-1	VERB
შეჰვედრა	შეჰვედრა	5	4	7.4	mrav-chrysostom-jonah|mrav-forty-martyrs|mrav-peter-martyrdom|mrav-sinai-fathers-amonios	VERB
ჰეროდეს	ჰეროდეს	5	3	5.6	mrav-john-baptist-decollatio|mrav-john-baptist-decollatio-2|mrav-shoba-athanasi	VERB
განანათლნა	განანათლნა	5	5	9.3	chrys-epiphany-homily|mrav-epiphane-mary|mrav-kharbeba-1|mrav-new-sunday|mrav-sulthmofenoba-1	VERB
გამოვალს	გამოვალს	5	5	9.3	mrav-kharbeba-1|mrav-kharbeba-2|mrav-kharbeba-3|mrav-sinai-fathers-amonios|mrav-sulthmofenoba-2	VERB
შემოსად	შემოსად	5	3	5.6	mrav-kharbeba-2|mrav-kharbeba-3|mrav-shoba-athanasi	VERB
შეეწია	შეეწია	5	2	3.7	mrav-kharbeba-2|mrav-sulthmofenoba-1	VERB
შეპყრობილ	შეპყრობილ	5	4	7.4	mrav-chrysostom-jonah|mrav-kharbeba-2|mrav-lazare|mrav-sulthmofenoba-2	VERB
დატევნად	დატევნად	5	4	7.4	mrav-epiphane-mary|mrav-kharbeba-2|mrav-kharbeba-3|mrav-sulthmofenoba-2	VERB
მოხუედ	მოხუედ	5	4	7.4	mrav-kharbeba-3|mrav-sinai-fathers-amonios|mrav-timote-1|mrav-toma-chrysostom	VERB
აცხოვნებს	აცხოვნებს	5	3	5.6	mrav-epiphane-mary|mrav-kharbeba-3|mrav-shoba-athanasi	VERB
ევედრებოდეს	ევედრებოდეს	5	4	7.4	mrav-chrysostom-jonah|mrav-paul-martyrdom|mrav-peter-martyrdom|proclus-hom-theotokos	VERB
მისებრ	მისებრ	5	3	5.6	cyril-epiphany-homily|ephr-markhva|proclus-hom-theotokos	VERB
ასწავის	ასწავის	5	3	5.6	ephr-markhva|mrav-martyrs-chrysostom-3|mrav-sulthmofenoba-2	VERB
განვიდა	განვიდა	5	3	5.6	mrav-peter-martyrdom|mrav-shoba-athanasi|mrav-sinai-fathers-amonios	VERB
ეგჳპტედ	ეგვპტედ	5	1	1.9	mrav-shoba-athanasi	VERB
შენისათჳს	შენისათვს	5	4	7.4	inventio-stephani-lucian|mrav-epiphane-mary|mrav-sinai-fathers-amonios|mrav-toma-chrysostom	VERB
მოწყჳდნეს	მოწყვდნეს	5	1	1.9	mrav-sinai-fathers-amonios	VERB
მიუგე	მიუგე	5	1	1.9	inventio-stephani-lucian	VERB
აღდგომისასა	აღდგომისასა	4	2	3.7	mrav-aghdgoma-kyrile|mrav-kharbeba-2	VERB
გასმიეს	გასმიეს	4	2	3.7	mrav-aghdgoma-kyrile|mrav-chrysostom-jonah	VERB
მიწად	მიწად	4	3	5.6	mrav-aghdgoma-kyrile|mrav-departed-ephrem|mrav-epiphane-mary	VERB
შენისაჲთა	შენისაითა	4	3	5.6	mrav-aghdgoma-kyrile|mrav-sulthmofenoba-2|mrav-toma-chrysostom	VERB
დაჰბეჭდეს	დაჰბეჭდეს	4	4	7.4	mrav-aghdgoma-kyrile|mrav-basili-1|mrav-martyrs-chrysostom-2|mrav-sulthmofenoba-1	VERB
წყაროდ	წყაროდ	4	3	5.6	mrav-aghdgoma-kyrile|mrav-dormition-2|mrav-exaltation-cross	VERB
განირყუნა	განირყუნა	4	3	5.6	mrav-aghdgoma-kyrile|mrav-bzoba-iohannes|mrav-bzoba-severian	VERB
მონებად	მონებად	4	3	5.6	mrav-aghdgoma-kyrile|mrav-exaltation-cross|mrav-forty-martyrs	VERB
ვყავ	ვყავ	4	3	5.6	inventio-stephani-lucian|mrav-aghdgoma-kyrile|mrav-toma-chrysostom	VERB
ივლტოდეს	ივლტოდეს	4	2	3.7	mrav-aghdgoma-kyrile|mrav-sinai-fathers-amonios	VERB
აუწყებენ	აუწყებენ	4	3	5.6	mrav-aghdgoma-kyrile|mrav-feristsvaleba|mrav-forty-martyrs	VERB
მიჰმადლა	მიჰმადლა	4	3	5.6	mrav-aghdgoma-kyrile|mrav-epiphane-mary|mrav-kharbeba-2	VERB
დაფარვად	დაფარვად	4	4	7.4	inventio-stephani-lucian|mrav-aghdgoma-kyrile|mrav-bzoba-severian|mrav-chrysostom-jonah	VERB
შეემთხჳა	შეემთხვა	4	4	7.4	mart-iaqob-up-dzma|mrav-aghdgoma-kyrile|mrav-aghdgoma-meletios|mrav-sinai-fathers-amonios	VERB
აქუნ	აქუნ	4	3	5.6	mrav-aghdgoma-kyrile|mrav-exaltation-cross|mrav-timote-1	VERB
წარიპარეს	წარიპარეს	4	2	3.7	mrav-aghdgoma-kyrile|mrav-aghdgoma-meletios	VERB
შეჰრისხნა	შეჰრისხნა	4	4	7.4	mrav-aghdgoma-kyrile|mrav-antipater-bostrensis-1|mrav-cross-vision|mrav-epiphane-mary	VERB
მოსცემს	მოსცემს	4	4	7.4	mrav-aghdgoma-kyrile|mrav-exaltation-cross|mrav-shoba-athanasi|mrav-sulthmofenoba-2	VERB
მოცემად	მოცემად	4	4	7.4	inventio-stephani-lucian|mrav-aghdgoma-kyrile|mrav-shoba-athanasi|mrav-sinai-fathers-amonios	VERB
დაიცვა	დაიცვა	4	3	5.6	mrav-aghdgoma-kyrile|mrav-kharbeba-3|mrav-shoba-athanasi	VERB
ამხილებდა	ამხილებდა	4	4	7.4	mrav-aghdgoma-kyrile|mrav-chrysostom-jonah|mrav-john-baptist-decollatio|mrav-peter-martyrdom	VERB
მოველოდით	მოველოდით	4	3	5.6	mrav-aghdgoma-kyrile|mrav-departed-ephrem|mrav-sulthmofenoba-2	VERB
მისწერს	მისწერს	4	2	3.7	mrav-aghdgoma-kyrile|mrav-chrysostom-jonah	VERB
მოწაფესა	მოწაფესა	4	2	3.7	mrav-aghdgoma-kyrile|mrav-sinai-fathers-amonios	VERB
ასწავებს	ასწავებს	4	4	7.4	mrav-aghdgoma-kyrile|mrav-enkenia-2|mrav-toma-chrysostom|proclus-hom-theotokos	VERB
მოსლვისა	მოსლვისა	4	3	5.6	mrav-aghdgoma-kyrile|mrav-ioane-zosime|mrav-kharbeba-2	VERB
მოწევნულ	მოწევნულ	4	4	7.4	chrys-epiphany-homily|mrav-aghdgoma-meletios|mrav-new-sunday|mrav-timote-1	VERB
იხარებდეს	იხარებდეს	4	4	7.4	mrav-aghdgoma-meletios|mrav-bzoba-severian|mrav-enkenia-1|mrav-enkenia-2	VERB
მისთანი	მისთანი	4	4	7.4	mrav-aghdgoma-meletios|mrav-bzoba-severian|mrav-enkenia-2|mrav-sulthmofenoba-1	VERB
წარჴდეს	წარხდეს	4	2	3.7	mrav-aghdgoma-meletios|mrav-enkenia-1	VERB
დაემკჳდროს	დაემკვდროს	4	3	5.6	mrav-amaghleba|mrav-enkenia-2|proclus-hom-theotokos	VERB
აღმაღლდეს	აღმაღლდეს	4	3	5.6	mrav-amaghleba|mrav-enkenia-1|mrav-martyrs-chrysostom	VERB
მოაკლდა	მოაკლდა	4	3	5.6	mrav-antipater-bostrensis-1|mrav-epiphane-mary|mrav-timote-1	VERB
დაიდგა	დაიდგა	4	4	7.4	hesych-hypapante-01|mrav-antipater-bostrensis-1|mrav-kharbeba-3|proclus-hom-theotokos	VERB
აუწყებს	აუწყებს	4	4	7.4	mrav-antipater-bostrensis-1|mrav-bzoba-iohannes|mrav-sulthmofenoba-1|mrav-timote-1	VERB
გამოაჩინებს	გამოაჩინებს	4	4	7.4	mrav-antipater-bostrensis-1|mrav-bzoba-severian|mrav-chrysostom-jonah|mrav-kharbeba-2	VERB
მოიკითხა	მოიკითხა	4	3	5.6	mrav-antipater-bostrensis-1|mrav-kharbeba-2|mrav-kharbeba-3	VERB
შემოვიდა	შემოვიდა	4	4	7.4	mrav-antipater-bostrensis-1|mrav-kharbeba-2|mrav-shoba-athanasi|mrav-toma-chrysostom	VERB
მითხარღა	მითხარღა	4	3	5.6	mrav-antipater-bostrensis-1|mrav-john-baptist-decollatio-2|mrav-shoba-athanasi	VERB
მიუგებდა	მიუგებდა	4	3	5.6	mart-stepane|mrav-antipater-bostrensis-1|mrav-basili-1	VERB
მივედით	მივედით	4	4	7.4	inventio-stephani-lucian|mrav-basili-1|mrav-enkenia-1|mrav-john-baptist-decollatio	VERB
მივიდეს	მივიდეს	4	4	7.4	inventio-stephani-lucian|mart-stepane|mrav-basili-1|mrav-cross-vision	VERB
ილოცვიდეს	ილოცვიდეს	4	4	7.4	mrav-basili-1|mrav-forty-martyrs|mrav-paul-martyrdom|mrav-sinai-fathers-amonios	VERB
ასწავა	ასწავა	4	4	7.4	mrav-basili-1|mrav-bzoba-iohannes|mrav-feristsvaleba|mrav-lazare	VERB
შეუდგა	შეუდგა	4	4	7.4	mrav-basili-2|mrav-chrysostom-jonah|mrav-kharbeba-2|mrav-sinai-fathers-amonios	VERB
ადგილსავე	ადგილსავე	4	2	3.7	mrav-basili-2|mrav-enkenia-2	VERB
შეიწყნარეს	შეიწყნარეს	4	4	7.4	mrav-bzoba-iohannes|mrav-bzoba-severian|mrav-shoba-athanasi|mrav-sinai-fathers-amonios	VERB
დაბრმეს	დაბრმეს	4	2	3.7	mrav-bzoba-iohannes|mrav-bzoba-severian	VERB
გარდააქცია	გარდააქცია	4	4	7.4	mrav-bzoba-iohannes|mrav-martyrs-chrysostom-3|mrav-natlisgeba-1|mrav-shoba-athanasi	VERB
ცნეს	ცნეს	4	4	7.4	mrav-bzoba-iohannes|mrav-enkenia-2|mrav-natlisgeba-1|mrav-natlisgeba-okropiri	VERB
განრისხნეს	განრისხნეს	4	4	7.4	inventio-stephani-lucian|mrav-bzoba-iohannes|mrav-sinai-fathers-amonios|mrav-sulthmofenoba-1	VERB
აღჳრ	აღვრ	4	2	3.7	ephr-markhva|mrav-bzoba-severian	VERB
შემდგომიცა	შემდგომიცა	4	2	3.7	hesych-hypapante-01|mrav-bzoba-severian	VERB
უგალობდეს	უგალობდეს	4	1	1.9	mrav-bzoba-severian	VERB
განცხადებულ	განცხადებულ	4	3	5.6	mrav-bzoba-severian|mrav-departed-ephrem|mrav-martyrs-chrysostom	VERB
შესაქმედ	შესაქმედ	4	3	5.6	mrav-colophon-makari|mrav-enkenia-1|mrav-shoba-athanasi	VERB
აცუეს	აცუეს	4	4	7.4	mrav-cross-vision|mrav-martyrs-chrysostom-2|mrav-peter-martyrdom|mrav-timote-1	VERB
შეკრბეს	შეკრბეს	4	4	7.4	mrav-cross-vision|mrav-forty-martyrs|mrav-paul-martyrdom|mrav-sinai-fathers-amonios	VERB
ზედაცა	ზედაცა	4	4	7.4	cyril-epiphany-homily|mrav-cross-vision|mrav-john-baptist-decollatio|mrav-sulthmofenoba-1	VERB
შენისაგან	შენისაგან	4	4	7.4	inventio-stephani-lucian|mrav-chrysostom-jonah|mrav-cross-vision|mrav-john-baptist-decollatio-2	VERB
მოელოდეს	მოელოდეს	4	4	7.4	hesych-hypapante-01|mrav-chrysostom-jonah|mrav-cross-vision|mrav-sinai-fathers-amonios	VERB
მოყუარესა	მოყუარესა	4	4	7.4	mrav-cross-vision|mrav-john-baptist-decollatio|mrav-toma-chrysostom|proclus-hom-theotokos	VERB
მოელიან	მოელიან	4	1	1.9	mrav-departed-ephrem	VERB
მიწადვე	მიწადვე	4	3	5.6	mrav-chrysostom-jonah|mrav-departed-ephrem|mrav-kharbeba-3	VERB
განმრავლდა	განმრავლდა	4	3	5.6	mrav-departed-ephrem|mrav-martyrs-chrysostom-3|mrav-peter-martyrdom	VERB
განბნეულ	განბნეულ	4	3	5.6	mrav-chrysostom-jonah|mrav-departed-ephrem|mrav-martyrs-chrysostom	VERB
აღსარებითა	აღსარებითა	4	3	5.6	mrav-departed-ephrem|mrav-epiphane-mary|mrav-martyrs-chrysostom-3	VERB
დაებადნეს	დაებადნეს	4	3	5.6	mrav-departed-ephrem|mrav-enkenia-1|mrav-new-sunday	VERB
განცხოველდეს	განცხოველდეს	4	3	5.6	mrav-departed-ephrem|mrav-new-sunday|mrav-sulthmofenoba-1	VERB
განაწესა	განაწესა	4	2	3.7	mrav-chrysostom-jonah|mrav-departed-ephrem	VERB
მოაქცია	მოაქცია	4	3	5.6	mrav-departed-ephrem|mrav-ioane-zosime|proclus-hom-theotokos	VERB
აღასრულეთ	აღასრულეთ	4	1	1.9	mrav-departed-ephrem	VERB
გამოთქუმად	გამოთქუმად	4	4	7.4	mrav-dormition-1|mrav-forty-martyrs|mrav-natlisgeba-1|mrav-shoba-athanasi	VERB
ახარებს	ახარებს	4	3	5.6	mrav-dormition-2|mrav-kharbeba-1|mrav-shoba-athanasi	VERB
ვაქებ	ვაქებ	4	4	7.4	mrav-dormition-2|mrav-feristsvaleba|mrav-john-baptist-decollatio|mrav-toma-chrysostom	VERB
ახარებდა	ახარებდა	4	4	7.4	cyril-epiphany-homily|mrav-dormition-2|mrav-forty-martyrs|mrav-new-sunday	VERB
მორწმუნეთაჲ	მორწმუნეთაი	4	4	7.4	mrav-dormition-2|mrav-epiphane-mary|mrav-john-baptist-decollatio|mrav-kharbeba-2	VERB
დაუტევა	დაუტევა	4	3	5.6	mrav-dormition-2|mrav-forty-martyrs|mrav-natlisgeba-1	VERB
დაეცნეს	დაეცნეს	4	3	5.6	mrav-dormition-2|mrav-forty-martyrs|mrav-john-baptist-decollatio-2	VERB
აღმოსლვასა	აღმოსლვასა	4	4	7.4	mrav-enkenia-1|mrav-forty-martyrs|mrav-natlisgeba-okropiri|mrav-sinai-fathers-amonios	VERB
გარდაიქცა	გარდაიქცა	4	4	7.4	mrav-enkenia-1|mrav-forty-martyrs|mrav-lazare|mrav-toma-chrysostom	VERB
ვიყო	ვიყო	4	4	7.4	mrav-enkenia-1|mrav-john-baptist-decollatio|mrav-kharbeba-2|mrav-toma-chrysostom	VERB
მიავლინა	მიავლინა	4	4	7.4	mrav-chrysostom-jonah|mrav-enkenia-1|mrav-enkenia-2|mrav-lazare	VERB
დაიდვა	დაიდვა	4	4	7.4	cyril-epiphany-homily|mrav-enkenia-1|mrav-epiphane-mary|mrav-kharbeba-3	VERB
მოივლინნეს	მოივლინნეს	4	3	5.6	mrav-enkenia-1|mrav-epiphane-mary|proclus-hom-theotokos	VERB
დასთხია	დასთხია	4	3	5.6	mrav-enkenia-1|mrav-forty-martyrs|mrav-kharbeba-1	VERB
ჰბრძოდეს	ჰბრძოდეს	4	3	5.6	mrav-chrysostom-jonah|mrav-enkenia-1|mrav-martyrs-chrysostom-3	VERB
როკვიდეს	როკვიდეს	4	2	3.7	mrav-enkenia-1|mrav-john-baptist-decollatio	VERB
აღვაშჱნო	აღვაშენო	4	2	3.7	mrav-enkenia-1|mrav-feristsvaleba	VERB
დამშრშალ	დამშრშალ	4	1	1.9	mrav-enkenia-2	VERB
ამბორ	ამბორ	4	1	1.9	mrav-enkenia-2	VERB
ვეძიებ	ვეძიებ	4	3	5.6	mrav-enkenia-2|mrav-shoba-athanasi|mrav-toma-chrysostom	VERB
სულისაჲთა	სულისაითა	4	4	7.4	cyril-epiphany-homily|mrav-enkenia-2|mrav-epiphane-mary|mrav-sulthmofenoba-1	VERB
მოყავ	მოყავ	4	3	5.6	mrav-enkenia-2|mrav-kharbeba-1|mrav-toma-chrysostom	VERB
მონად	მონად	4	3	5.6	mrav-enkenia-2|mrav-exaltation-cross|mrav-kharbeba-2	VERB
განიბნინეს	განიბნინეს	4	3	5.6	mrav-exaltation-cross|mrav-martyrs-chrysostom-2|mrav-sulthmofenoba-1	VERB
აქებენ	აქებენ	4	3	5.6	chrys-epiphany-homily|mrav-feristsvaleba|mrav-shoba-athanasi	VERB
მოიღებდა	მოიღებდა	4	2	3.7	cyril-epiphany-homily|mrav-feristsvaleba	VERB
განაჩინა	განაჩინა	4	3	5.6	mrav-chrysostom-jonah|mrav-feristsvaleba|proclus-hom-theotokos	VERB
აღიაროს	აღიაროს	4	2	3.7	mrav-forty-martyrs|mrav-martyrs-chrysostom-2	VERB
დაუტევნეს	დაუტევნეს	4	3	5.6	mrav-chrysostom-jonah|mrav-forty-martyrs|mrav-sinai-fathers-amonios	VERB
მოიპოვა	მოიპოვა	4	3	5.6	mrav-forty-martyrs|mrav-kharbeba-2|mrav-timote-1	VERB
გამოირჩია	გამოირჩია	4	3	5.6	cyril-epiphany-homily|mrav-forty-martyrs|mrav-kharbeba-1	VERB
აღავსო	აღავსო	4	4	7.4	mart-stepane|mrav-forty-martyrs|mrav-kharbeba-2|mrav-lazare	VERB
შეერაცხა	შეერაცხა	4	3	5.6	mrav-epiphane-mary|mrav-forty-martyrs|mrav-martyrs-chrysostom-2	VERB
ღაღადებდეს	ღაღადებდეს	4	4	7.4	mart-iaqob-up-dzma|mrav-kharbeba-1|mrav-martyrs-chrysostom-2|mrav-paul-martyrdom	VERB
მოკლეს	მოკლეს	4	2	3.7	mart-iaqob-up-dzma|mrav-sinai-fathers-amonios	VERB
დამარხულ	დამარხულ	4	2	3.7	inventio-stephani-lucian|mrav-ioane-zosime	VERB
მომეც	მომეც	4	2	3.7	mrav-john-baptist-decollatio|mrav-lazare	VERB
მიიღებს	მიიღებს	4	3	5.6	mrav-john-baptist-decollatio|mrav-kharbeba-2|mrav-shoba-athanasi	VERB
განიხარა	განიხარა	4	3	5.6	mrav-john-baptist-decollatio|mrav-kharbeba-2|mrav-paul-martyrdom	VERB
შეხჳა	შეხვა	4	2	3.7	mrav-kharbeba-1|mrav-shoba-athanasi	VERB
სულნელებითა	სულნელებითა	4	4	7.4	mart-stepane|mrav-kharbeba-2|mrav-kharbeba-3|mrav-lazare	VERB
ადიდებს	ადიდებს	4	3	5.6	mrav-kharbeba-2|mrav-kharbeba-3|mrav-lazare	VERB
უწყოდეს	უწყოდეს	4	3	5.6	inventio-stephani-lucian|mrav-kharbeba-3|mrav-sinai-fathers-amonios	VERB
უკუდავ	უკუდავ	4	3	5.6	mrav-kharbeba-3|mrav-natlisgeba-okropiri|proclus-hom-theotokos	VERB
გამოვედ	გამოვედ	4	2	3.7	mrav-lazare|mrav-sinai-fathers-amonios	VERB
მოდრკა	მოდრკა	4	1	1.9	mrav-lazare	VERB
შეყენებულ	შეყენებულ	4	2	3.7	mrav-chrysostom-jonah|mrav-martyrs-chrysostom-2	VERB
განიკურნა	განიკურნა	4	3	5.6	mart-stepane|mrav-chrysostom-jonah|mrav-sinai-fathers-amonios	VERB
განრინებად	განრინებად	4	3	5.6	mrav-chrysostom-jonah|mrav-martyrs-chrysostom|mrav-sinai-fathers-amonios	VERB
განწმიდნეს	განწმიდნეს	4	4	7.4	chrys-epiphany-homily|ephr-markhva|mrav-epiphane-mary|mrav-natlisgeba-okropiri	VERB
დამდაბლდა	დამდაბლდა	4	2	3.7	mrav-martyrs-chrysostom-2|mrav-sulthmofenoba-1	VERB
შეუდგეთ	შეუდგეთ	4	3	5.6	mrav-epiphane-mary|mrav-martyrs-chrysostom-2|mrav-toma-chrysostom	VERB
მოწამეთასა	მოწამეთასა	4	2	3.7	mrav-martyrs-chrysostom-3|mrav-sinai-fathers-amonios	VERB
მოთმინებითა	მოთმინებითა	4	3	5.6	mart-stepane|mrav-martyrs-chrysostom-3|mrav-sinai-fathers-amonios	VERB
სცემდეს	სცემდეს	4	3	5.6	mrav-martyrs-chrysostom|mrav-natlisgeba-okropiri|mrav-sinai-fathers-amonios	VERB
მიჴმს	მიხმს	4	2	3.7	cyril-epiphany-homily|mrav-natlisgeba-1	VERB
დაჰჴსნეს	დაჰხსნეს	4	1	1.9	mrav-shoba-athanasi	VERB
აღვიარებთ	აღვიარებთ	4	2	3.7	mrav-epiphane-mary|proclus-hom-theotokos	VERB
დაეყავნ	დაეყავნ	4	1	1.9	mrav-epiphane-mary	VERB
დანაკისკუდი	დანაკისკუდი	4	1	1.9	mrav-sinai-fathers-amonios	VERB
მოწაფემან	მოწაფემან	4	1	1.9	mrav-sinai-fathers-amonios	VERB
შეიპყრეს	შეიპყრეს	4	1	1.9	mrav-sinai-fathers-amonios	VERB
ანდრეა	ანდრეა	4	2	3.7	mrav-sinai-fathers-amonios|mrav-sulthmofenoba-2	VERB
მოეცნეს	მოეცნეს	4	1	1.9	mrav-sulthmofenoba-1	VERB
მოყუარენი	მოყუარენი	3	3	5.6	mrav-aghdgoma-kyrile|mrav-john-baptist-decollatio|mrav-paul-martyrdom	VERB
მოყუარეთაჲ	მოყუარეთაი	3	3	5.6	mrav-aghdgoma-kyrile|mrav-kharbeba-3|mrav-shoba-athanasi	VERB
მოელოდა	მოელოდა	3	2	3.7	mrav-aghdgoma-kyrile|mrav-timote-1	VERB
მიიღოს	მიიღოს	3	3	5.6	cyril-epiphany-homily|mrav-aghdgoma-kyrile|mrav-shoba-athanasi	VERB
მოსიკუდიდ	მოსიკუდიდ	3	3	5.6	mrav-aghdgoma-kyrile|mrav-feristsvaleba|mrav-paul-martyrdom	VERB
მოვიჴსენეთ	მოვიხსენეთ	3	3	5.6	mrav-aghdgoma-kyrile|mrav-epiphane-mary|mrav-lazare	VERB
დაშთა	დაშთა	3	3	5.6	mrav-aghdgoma-kyrile|mrav-forty-martyrs|mrav-sinai-fathers-amonios	VERB
თავისუფალ	თავისუფალ	3	3	5.6	chrys-epiphany-homily|mrav-aghdgoma-kyrile|mrav-bzoba-severian	VERB
შეიქმნა	შეიქმნა	3	3	5.6	mrav-aghdgoma-kyrile|mrav-epiphane-mary|mrav-john-baptist-decollatio	VERB
მიხილეთ	მიხილეთ	3	3	5.6	mrav-aghdgoma-kyrile|mrav-aghdgoma-meletios|mrav-amaghleba	VERB
დაკჳრვებულ	დაკვრვებულ	3	3	5.6	hesych-hypapante-01|mrav-aghdgoma-kyrile|mrav-antipater-bostrensis-1	VERB
დადვეს	დადვეს	3	3	5.6	inventio-stephani-lucian|mart-stepane|mrav-aghdgoma-kyrile	VERB
წამონ	წამონ	3	3	5.6	mrav-aghdgoma-kyrile|mrav-epiphane-mary|mrav-sulthmofenoba-1	VERB
აღდგომილისა	აღდგომილისა	3	2	3.7	mart-stepane|mrav-aghdgoma-kyrile	VERB
მოძღუართაჲ	მოძღუართაი	3	3	5.6	mrav-aghdgoma-kyrile|mrav-bzoba-iohannes|mrav-colophon-makari	VERB
მითხარ	მითხარ	3	3	5.6	mrav-aghdgoma-kyrile|mrav-cross-vision|mrav-enkenia-2	VERB
აცილობთ	აცილობთ	3	2	3.7	mrav-aghdgoma-kyrile|mrav-basili-2	VERB
შეაგდეს	შეაგდეს	3	3	5.6	mrav-aghdgoma-kyrile|mrav-john-baptist-decollatio|mrav-john-baptist-decollatio-2	VERB
შეეხნეს	შეეხნეს	3	3	5.6	mrav-aghdgoma-kyrile|mrav-enkenia-1|mrav-sulthmofenoba-1	VERB
ეჩუენნეს	ეჩუენნეს	3	3	5.6	cyril-epiphany-homily|mrav-aghdgoma-kyrile|mrav-sulthmofenoba-2	VERB
დაიპყრა	დაიპყრა	3	3	5.6	inventio-stephani-lucian|mrav-aghdgoma-kyrile|proclus-hom-theotokos	VERB
აღმოვიდა	აღმოვიდა	3	3	5.6	mrav-aghdgoma-kyrile|mrav-kharbeba-1|mrav-sulthmofenoba-2	VERB
მორბიოდეს	მორბიოდეს	3	2	3.7	mrav-aghdgoma-kyrile|mrav-natlisgeba-1	VERB
შეჰგვანდა	შეჰგვანდა	3	3	5.6	cyril-epiphany-homily|mrav-aghdgoma-kyrile|mrav-lazare	VERB
დადებად	დადებად	3	3	5.6	mrav-aghdgoma-kyrile|mrav-shoba-athanasi|mrav-toma-chrysostom	VERB
შესძინა	შესძინა	3	3	5.6	mrav-aghdgoma-kyrile|mrav-nails-inventio|mrav-new-sunday	VERB
ანგელოზისაჲ	ანგელოზისაი	3	2	3.7	mrav-aghdgoma-kyrile|mrav-aghdgoma-meletios	VERB
დაუტევნა	დაუტევნა	3	3	5.6	mrav-aghdgoma-kyrile|mrav-antipater-bostrensis-1|mrav-shoba-athanasi	VERB
აჩუენებს	აჩუენებს	3	3	5.6	mrav-aghdgoma-kyrile|mrav-exaltation-cross|mrav-feristsvaleba	VERB
მოიჴსენეთ	მოიხსენეთ	3	2	3.7	mrav-aghdgoma-kyrile|mrav-bzoba-severian	VERB
ამბაკუმ	ამბაკუმ	3	3	5.6	mrav-aghdgoma-kyrile|mrav-dormition-1|mrav-lazare	VERB
ანგელოზთაჲ	ანგელოზთაი	3	3	5.6	mrav-aghdgoma-kyrile|mrav-dormition-1|mrav-dormition-2	VERB
განჰჴსნე	განჰხსნე	3	3	5.6	mrav-aghdgoma-kyrile|mrav-feristsvaleba|mrav-toma-chrysostom	VERB
გარდამოჴდეს	გარდამოხდეს	3	3	5.6	mrav-aghdgoma-kyrile|mrav-dormition-1|mrav-enkenia-1	VERB
მივსცეთ	მივსცეთ	3	3	5.6	mrav-aghdgoma-meletios|mrav-new-sunday|mrav-sinai-fathers-amonios	VERB
განვერნეთ	განვერნეთ	3	3	5.6	mrav-aghdgoma-meletios|mrav-bzoba-iohannes|mrav-colophon-makari	VERB
წამებითა	წამებითა	3	3	5.6	mart-iaqob-up-dzma|mrav-aghdgoma-meletios|mrav-feristsvaleba	VERB
წარწყმიდეს	წარწყმიდეს	3	2	3.7	mrav-aghdgoma-meletios|mrav-enkenia-1	VERB
აკლდა	აკლდა	3	3	5.6	mrav-aghdgoma-meletios|mrav-toma-chrysostom|proclus-hom-theotokos	VERB
შეძრწუნებულ	შეძრწუნებულ	3	3	5.6	mrav-aghdgoma-meletios|mrav-amaghleba|mrav-cross-vision	VERB
დამორჩილებულ	დამორჩილებულ	3	3	5.6	mart-iaqob-up-dzma|mrav-aghdgoma-meletios|mrav-chrysostom-jonah	VERB
მოავლინა	მოავლინა	3	3	5.6	mrav-aghdgoma-meletios|mrav-kharbeba-2|mrav-sulthmofenoba-1	VERB
განეფინა	განეფინა	3	3	5.6	inventio-stephani-lucian|mrav-amaghleba|mrav-shoba-athanasi	VERB
შეიმოსს	შეიმოსს	3	3	5.6	mrav-amaghleba|mrav-kharbeba-3|mrav-shoba-athanasi	VERB
დაამტკიცნეს	დაამტკიცნეს	3	3	5.6	mrav-amaghleba|mrav-forty-martyrs|mrav-sulthmofenoba-1	VERB
შეიწყნაროს	შეიწყნაროს	3	3	5.6	mrav-antipater-bostrensis-1|mrav-feristsvaleba|mrav-forty-martyrs	VERB
აღწერილ	აღწერილ	3	3	5.6	mrav-antipater-bostrensis-1|mrav-lazare|mrav-toma-chrysostom	VERB
აღმოაცჱნა	აღმოაცენა	3	2	3.7	mrav-antipater-bostrensis-1|mrav-shoba-athanasi	VERB
მიიღებ	მიიღებ	3	2	3.7	cyril-epiphany-homily|mrav-antipater-bostrensis-1	VERB
მომავლინა	მომავლინა	3	3	5.6	cyril-epiphany-homily|mrav-antipater-bostrensis-1|mrav-natlisgeba-1	VERB
მოასწავებდა	მოასწავებდა	3	3	5.6	mart-iaqob-up-dzma|mrav-antipater-bostrensis-1|mrav-bzoba-severian	VERB
შეუძლო	შეუძლო	3	3	5.6	mrav-antipater-bostrensis-1|mrav-enkenia-1|mrav-paul-martyrdom	VERB
გამოვიდოდა	გამოვიდოდა	3	3	5.6	mrav-antipater-bostrensis-1|mrav-natlisgeba-1|mrav-sinai-fathers-amonios	VERB
განეღოს	განეღოს	3	3	5.6	inventio-stephani-lucian|mrav-basili-1|proclus-hom-theotokos	VERB
მიგცნე	მიგცნე	3	3	5.6	mrav-basili-1|mrav-bzoba-severian|mrav-feristsvaleba	VERB
დასწერა	დასწერა	3	3	5.6	mart-stepane|mrav-basili-1|mrav-basili-2	VERB
არქუ	არქუ	3	2	3.7	inventio-stephani-lucian|mrav-basili-2	VERB
დაამტკიცე	დაამტკიცე	3	2	3.7	mrav-basili-2|mrav-toma-chrysostom	VERB
საქმედ	საქმედ	3	3	5.6	mrav-basili-2|mrav-feristsvaleba|mrav-sinai-fathers-amonios	VERB
წარმართთასა	წარმართთასა	3	3	5.6	mrav-basili-2|mrav-bzoba-iohannes|mrav-exaltation-cross	VERB
შეკრულ	შეკრულ	3	2	3.7	mrav-bzoba-iohannes|mrav-chrysostom-jonah	VERB
მივეგებვოდით	მივეგებვოდით	3	3	5.6	mrav-bzoba-iohannes|mrav-bzoba-meletios|mrav-lazare	VERB
დაუფინნეთ	დაუფინნეთ	3	2	3.7	mrav-bzoba-iohannes|mrav-bzoba-severian	VERB
შეიძრა	შეიძრა	3	3	5.6	mrav-bzoba-iohannes|mrav-cross-vision|mrav-sinai-fathers-amonios	VERB
იცნეს	იცნეს	3	3	5.6	mrav-bzoba-iohannes|mrav-bzoba-meletios|mrav-sulthmofenoba-1	VERB
გალობენ	გალობენ	3	3	5.6	chrys-epiphany-homily|mrav-bzoba-iohannes|mrav-shoba-athanasi	VERB
მისთათჳს	მისთათვს	3	3	5.6	mrav-bzoba-iohannes|mrav-bzoba-meletios|mrav-john-baptist-decollatio	VERB
მოდრკეს	მოდრკეს	3	3	5.6	mrav-bzoba-iohannes|mrav-feristsvaleba|mrav-lazare	VERB
ადუმებდეს	ადუმებდეს	3	2	3.7	mrav-bzoba-meletios|mrav-bzoba-severian	VERB
დაადუმებთ	დაადუმებთ	3	2	3.7	mrav-bzoba-meletios|mrav-bzoba-severian	VERB
მოჰგუარეს	მოჰგუარეს	3	3	5.6	mrav-bzoba-severian|mrav-paul-martyrdom|mrav-sinai-fathers-amonios	VERB
გარდაიქცეს	გარდაიქცეს	3	3	5.6	mrav-bzoba-severian|mrav-enkenia-1|mrav-forty-martyrs	VERB
ექმნეს	ექმნეს	3	3	5.6	cyril-epiphany-homily|mrav-bzoba-severian|mrav-enkenia-2	VERB
მოჴსენებად	მოხსენებად	3	3	5.6	mrav-bzoba-severian|mrav-john-baptist-decollatio-2|mrav-kharbeba-2	VERB
აღიძრა	აღიძრა	3	3	5.6	mrav-bzoba-severian|mrav-peter-martyrdom|mrav-sinai-fathers-amonios	VERB
მოხედა	მოხედა	3	2	3.7	mrav-bzoba-severian|mrav-enkenia-2	VERB
იკითხვიდეს	იკითხვიდეს	3	3	5.6	mrav-bzoba-severian|mrav-cross-vision|mrav-natlisgeba-1	VERB
განჰყოფ	განჰყოფ	3	2	3.7	mrav-bzoba-severian|proclus-hom-theotokos	VERB
მიაქუს	მიაქუს	3	1	1.9	mrav-bzoba-severian	VERB
დაბადებისა	დაბადებისა	3	3	5.6	mrav-bzoba-severian|mrav-dormition-1|mrav-toma-chrysostom	VERB
დაიწერა	დაიწერა	3	3	5.6	mart-iaqob-up-dzma|mrav-bzoba-severian|mrav-colophon-makari	VERB
ჰგონებ	ჰგონებ	3	3	5.6	inventio-stephani-lucian|mrav-bzoba-severian|mrav-enkenia-1	VERB
აბრაჰამისა	აბრაჰამისა	3	2	3.7	mrav-bzoba-severian|mrav-kharbeba-2	VERB
შეკრბა	შეკრბა	3	2	3.7	mrav-cross-vision|mrav-john-baptist-decollatio	VERB
განთავისუფლებაჲ	განთავისუფლებაი	3	2	3.7	cyril-epiphany-homily|mrav-cross-vision	VERB
პოვნეს	პოვნეს	3	3	5.6	mrav-cross-vision|mrav-paul-martyrdom|mrav-sinai-fathers-amonios	VERB
ვხედევდი	ვხედევდი	3	2	3.7	mrav-cross-vision|mrav-timote-1	VERB
შეუძლე	შეუძლე	3	2	3.7	mrav-cross-vision|mrav-sinai-fathers-amonios	VERB
დამალულ	დამალულ	3	3	5.6	mrav-cross-vision|mrav-kharbeba-2|mrav-sinai-fathers-amonios	VERB
ადგილ	ადგილ	3	2	3.7	mrav-cross-vision|mrav-kharbeba-2	VERB
დასდებდა	დასდებდა	3	3	5.6	cyril-epiphany-homily|mrav-chrysostom-jonah|mrav-cross-vision	VERB
მოუღის	მოუღის	3	2	3.7	ephr-markhva|mrav-departed-ephrem	VERB
მოციქულისაჲ	მოციქულისაი	3	2	3.7	mrav-departed-ephrem|mrav-lazare	VERB
არარაჲსაგან	არარაისაგან	3	2	3.7	mrav-departed-ephrem|mrav-epiphane-mary	VERB
ადამისა	ადამისა	3	2	3.7	mrav-departed-ephrem|proclus-hom-theotokos	VERB
ადამისსა	ადამისსა	3	2	3.7	ephr-markhva|mrav-departed-ephrem	VERB
განიშოვრა	განიშოვრა	3	2	3.7	mrav-departed-ephrem|mrav-shoba-athanasi	VERB
განიჴრწნა	განიხრწნა	3	2	3.7	mrav-departed-ephrem|mrav-kharbeba-3	VERB
განდიდნეს	განდიდნეს	3	2	3.7	mrav-departed-ephrem|mrav-martyrs-chrysostom	VERB
მოაწია	მოაწია	3	2	3.7	mrav-departed-ephrem|mrav-kharbeba-1	VERB
განაცხოველოს	განაცხოველოს	3	2	3.7	mrav-departed-ephrem|mrav-kharbeba-3	VERB
შეგიმოსიეს	შეგიმოსიეს	3	2	3.7	mrav-departed-ephrem|mrav-enkenia-1	VERB
მიეცინ	მიეცინ	3	2	3.7	cyril-epiphany-homily|mrav-departed-ephrem	VERB
აღძრულ	აღძრულ	3	3	5.6	mrav-chrysostom-jonah|mrav-dormition-1|mrav-forty-martyrs	VERB
გამოიღე	გამოიღე	3	2	3.7	mrav-dormition-1|mrav-dormition-2	VERB
შესცთა	შესცთა	3	3	5.6	mrav-dormition-1|mrav-forty-martyrs|mrav-john-baptist-decollatio-2	VERB
მოვიჴსენი	მოვიხსენი	3	2	3.7	mrav-dormition-1|mrav-kharbeba-3	VERB
მონებისაჲ	მონებისაი	3	2	3.7	mrav-dormition-2|mrav-kharbeba-3	VERB
ადამისი	ადამისი	3	3	5.6	mrav-dormition-2|mrav-martyrs-chrysostom-2|mrav-shoba-athanasi	VERB
ანგელოზ	ანგელოზ	3	3	5.6	ephr-markhva|mrav-dormition-2|mrav-timote-1	VERB
დაუსაბამოო	დაუსაბამოო	3	1	1.9	mrav-dormition-2	VERB
შეიყვანა	შეიყვანა	3	3	5.6	mrav-enkenia-1|mrav-natlisgeba-1|mrav-shoba-athanasi	VERB
მოქმედ	მოქმედ	3	1	1.9	mrav-enkenia-1	VERB
შეწჳს	შეწვს	3	3	5.6	mrav-enkenia-1|mrav-martyrs-chrysostom-3|mrav-sulthmofenoba-2	VERB
იქცეოდეს	იქცეოდეს	3	2	3.7	mrav-enkenia-1|proclus-hom-theotokos	VERB
დაეპყრა	დაეპყრა	3	3	5.6	mrav-enkenia-1|mrav-exaltation-cross|mrav-paul-martyrdom	VERB
შეეყო	შეეყო	3	2	3.7	mrav-enkenia-1|mrav-enkenia-2	VERB
მორჩილებად	მორჩილებად	3	3	5.6	mrav-enkenia-1|mrav-forty-martyrs|mrav-toma-chrysostom	VERB
განეფინნეს	განეფინნეს	3	3	5.6	mrav-enkenia-1|mrav-forty-martyrs|mrav-sulthmofenoba-1	VERB
ერეოდეს	ერეოდეს	3	2	3.7	mrav-enkenia-1|mrav-martyrs-chrysostom-3	VERB
რბიოდეს	რბიოდეს	3	3	5.6	mrav-enkenia-1|mrav-martyrs-chrysostom-2|mrav-sinai-fathers-amonios	VERB
აბრაჰამსა	აბრაჰამსა	3	2	3.7	mrav-enkenia-2|mrav-kharbeba-2	VERB
ასულნო	ასულნო	3	2	3.7	mrav-enkenia-2|proclus-hom-theotokos	VERB
მიყავნ	მიყავნ	3	1	1.9	mrav-enkenia-2	VERB
დაუტევეთ	დაუტევეთ	3	2	3.7	inventio-stephani-lucian|mrav-enkenia-2	VERB
მოძიებად	მოძიებად	3	2	3.7	mrav-enkenia-2|mrav-timote-1	VERB
დაადგრების	დაადგრების	3	2	3.7	mrav-enkenia-2|mrav-exaltation-cross	VERB
მოიღე	მოიღე	3	3	5.6	mrav-enkenia-2|mrav-kharbeba-3|mrav-sinai-fathers-amonios	VERB
მისცემს	მისცემს	3	3	5.6	mrav-enkenia-2|mrav-john-baptist-decollatio|mrav-kharbeba-3	VERB
დაივიწყე	დაივიწყე	3	3	5.6	mrav-enkenia-2|mrav-kharbeba-1|mrav-natlisgeba-okropiri	VERB
აღწერად	აღწერად	3	3	5.6	cyril-epiphany-homily|mrav-enkenia-2|mrav-kharbeba-1	VERB
დღედ	დღედ	3	3	5.6	inventio-stephani-lucian|mrav-chrysostom-jonah|mrav-exaltation-cross	VERB
განვერენით	განვერენით	3	2	3.7	mrav-exaltation-cross|mrav-sinai-fathers-amonios	VERB
დაიმკჳდრა	დაიმკვდრა	3	3	5.6	mrav-exaltation-cross|mrav-kharbeba-1|mrav-kharbeba-3	VERB
მონებისაგან	მონებისაგან	3	2	3.7	mrav-chrysostom-jonah|mrav-exaltation-cross	VERB
მივიდოდა	მივიდოდა	3	2	3.7	mrav-feristsvaleba|mrav-kharbeba-2	VERB
განუმზადებდა	განუმზადებდა	3	2	3.7	mrav-feristsvaleba|mrav-martyrs-chrysostom-3	VERB
დაიმდაბლა	დაიმდაბლა	3	2	3.7	mrav-feristsvaleba|mrav-natlisgeba-1	VERB
დაეცეს	დაეცეს	3	2	3.7	mrav-feristsvaleba|mrav-natlisgeba-1	VERB
შესუმად	შესუმად	3	3	5.6	cyril-epiphany-homily|mrav-feristsvaleba|mrav-martyrs-chrysostom-3	VERB
წამა	წამა	3	2	3.7	mart-iaqob-up-dzma|mrav-feristsvaleba	VERB
აცადე	აცადე	3	2	3.7	mrav-forty-martyrs|mrav-natlisgeba-1	VERB
გამოჩნდენ	გამოჩნდენ	3	3	5.6	hesych-hypapante-01|mart-stepane|mrav-forty-martyrs	VERB
მოსლულ	მოსლულ	3	2	3.7	mrav-forty-martyrs|mrav-timote-1	VERB
უხუავ	უხუავ	3	3	5.6	cyril-epiphany-homily|mrav-forty-martyrs|mrav-sulthmofenoba-2	VERB
აზნაურებისა	აზნაურებისა	3	3	5.6	mrav-forty-martyrs|mrav-kharbeba-1|mrav-kharbeba-3	VERB
განერეს	განერეს	3	3	5.6	mrav-forty-martyrs|mrav-paul-martyrdom|mrav-sinai-fathers-amonios	VERB
აბანოდ	აბანოდ	3	3	5.6	mart-iaqob-up-dzma|mrav-chrysostom-jonah|mrav-forty-martyrs	VERB
მირბიოდა	მირბიოდა	3	2	3.7	mrav-forty-martyrs|mrav-timote-1	VERB
აღესრულნეს	აღესრულნეს	3	3	5.6	mrav-forty-martyrs|mrav-new-sunday|mrav-sulthmofenoba-1	VERB
მისისაგან	მისისაგან	3	3	5.6	mart-iaqob-up-dzma|mrav-martyrs-chrysostom|mrav-toma-chrysostom	VERB
დაჰკრებდეს	დაჰკრებდეს	3	2	3.7	mart-iaqob-up-dzma|mart-stepane	VERB
მოიჴსენა	მოიხსენა	3	3	5.6	mart-iaqob-up-dzma|mrav-john-baptist-decollatio-2|mrav-martyrs-chrysostom-3	VERB
მოჰკუდე	მოჰკუდე	3	2	3.7	mrav-john-baptist-decollatio-2|mrav-paul-martyrdom	VERB
ჰფუცავ	ჰფუცავ	3	1	1.9	mrav-john-baptist-decollatio	VERB
წარიღეს	წარიღეს	3	2	3.7	mrav-john-baptist-decollatio|mrav-sinai-fathers-amonios	VERB
განახლდების	განახლდების	3	3	5.6	mrav-kharbeba-1|mrav-kharbeba-2|mrav-kharbeba-3	VERB
მოუწესს	მოუწესს	3	3	5.6	mrav-kharbeba-1|mrav-toma-chrysostom|proclus-hom-theotokos	VERB
შეწყნარებად	შეწყნარებად	3	3	5.6	mrav-kharbeba-1|mrav-sulthmofenoba-2|mrav-toma-chrysostom	VERB
შევწიროთ	შევწიროთ	3	3	5.6	mrav-kharbeba-1|mrav-kharbeba-3|mrav-natlisgeba-1	VERB
ამათგან	ამათგან	3	3	5.6	mrav-epiphane-mary|mrav-kharbeba-1|mrav-sinai-fathers-amonios	VERB
მიაწვინა	მიაწვინა	3	2	3.7	mrav-kharbeba-1|mrav-shoba-athanasi	VERB
მიდგომილებისა	მიდგომილებისა	3	3	5.6	mrav-kharbeba-2|mrav-shoba-athanasi|proclus-hom-theotokos	VERB
ანგელოზთასა	ანგელოზთასა	3	1	1.9	mrav-kharbeba-2	VERB
მიიღონ	მიიღონ	3	3	5.6	cyril-epiphany-homily|ephr-markhva|mrav-kharbeba-2	VERB
სულთაჲ	სულთაი	3	3	5.6	mrav-kharbeba-2|mrav-kharbeba-3|mrav-sulthmofenoba-2	VERB
გამოუჩნდა	გამოუჩნდა	3	3	5.6	mrav-kharbeba-2|mrav-sulthmofenoba-1|proclus-hom-theotokos	VERB
შევარდა	შევარდა	3	3	5.6	mrav-kharbeba-2|mrav-lazare|mrav-timote-1	VERB
მოყუარემან	მოყუარემან	3	3	5.6	inventio-stephani-lucian|mrav-kharbeba-2|mrav-nails-inventio	VERB
დაამტკიცა	დაამტკიცა	3	2	3.7	mrav-chrysostom-jonah|mrav-kharbeba-2	VERB
განაბნინა	განაბნინა	3	2	3.7	mrav-kharbeba-2|mrav-martyrs-chrysostom-2	VERB
ჰშევ	ჰშევ	3	3	5.6	hesych-hypapante-01|mrav-epiphane-mary|mrav-kharbeba-2	VERB
აღავსნა	აღავსნა	3	3	5.6	mrav-kharbeba-3|mrav-shoba-athanasi|mrav-sulthmofenoba-1	VERB
აცხოვნა	აცხოვნა	3	3	5.6	ephr-markhva|mrav-lazare|proclus-hom-theotokos	VERB
წარემართა	წარემართა	3	2	3.7	mrav-lazare|mrav-sulthmofenoba-1	VERB
შეურვებულ	შეურვებულ	3	3	5.6	mrav-chrysostom-jonah|mrav-lazare|mrav-sinai-fathers-amonios	VERB
მოჰყვანდა	მოჰყვანდა	3	2	3.7	mrav-lazare|mrav-timote-1	VERB
შემოხუედ	შემოხუედ	3	3	5.6	cyril-epiphany-homily|mrav-lazare|mrav-toma-chrysostom	VERB
არარაჲთ	არარაით	3	3	5.6	mrav-chrysostom-jonah|mrav-epiphane-mary|mrav-lazare	VERB
მისთჳსცა	მისთვსცა	3	2	3.7	mrav-chrysostom-jonah|mrav-toma-chrysostom	VERB
დასნეულდა	დასნეულდა	3	2	3.7	mrav-chrysostom-jonah|mrav-sulthmofenoba-1	VERB
დაამტკიცეს	დაამტკიცეს	3	2	3.7	mrav-chrysostom-jonah|mrav-epiphane-mary	VERB
არსვე	არსვე	3	3	5.6	inventio-stephani-lucian|mrav-chrysostom-jonah|mrav-new-sunday	VERB
გლოცავ	გლოცავ	3	3	5.6	ephr-markhva|mrav-sulthmofenoba-2|mrav-toma-chrysostom	VERB
შეუკრნეს	შეუკრნეს	3	3	5.6	mart-stepane|mrav-martyrs-chrysostom-2|mrav-sinai-fathers-amonios	VERB
აღიარებენ	აღიარებენ	3	2	3.7	mrav-epiphane-mary|mrav-martyrs-chrysostom-2	VERB
განძლიერდა	განძლიერდა	3	3	5.6	mrav-martyrs-chrysostom-3|mrav-peter-martyrdom|mrav-timote-1	VERB
მოწამეთანი	მოწამეთანი	3	2	3.7	mrav-martyrs-chrysostom|mrav-sinai-fathers-amonios	VERB
განუმზადე	განუმზადე	3	3	5.6	cyril-epiphany-homily|hesych-hypapante-01|mrav-timote-1	VERB
განვიდეს	განვიდეს	3	3	5.6	hesych-hypapante-01|mrav-paul-martyrdom|mrav-sulthmofenoba-1	VERB
წარწყმდა	წარწყმდა	3	2	3.7	mrav-timote-1|proclus-hom-theotokos	VERB
მიიქუა	მიიქუა	3	2	3.7	mrav-epiphane-mary|mrav-timote-1	VERB
აღასრულეს	აღასრულეს	3	2	3.7	inventio-stephani-lucian|mrav-timote-1	VERB
მოგცეს	მოგცეს	3	2	3.7	mrav-sulthmofenoba-2|mrav-timote-1	VERB
სულიცა	სულიცა	3	3	5.6	mrav-natlisgeba-okropiri|mrav-new-sunday|mrav-timote-1	VERB
მოწევნად	მოწევნად	3	3	5.6	inventio-stephani-lucian|mrav-timote-1|proclus-hom-theotokos	VERB
მიიქცეს	მიიქცეს	3	3	5.6	mrav-epiphane-mary|mrav-sinai-fathers-amonios|mrav-timote-1	VERB
აღმოჴდის	აღმოხდის	3	1	1.9	mrav-natlisgeba-okropiri	VERB
იღებდეს	იღებდეს	3	3	5.6	cyril-epiphany-homily|mrav-natlisgeba-1|mrav-sinai-fathers-amonios	VERB
მოსცემდა	მოსცემდა	3	3	5.6	cyril-epiphany-homily|mrav-sinai-fathers-amonios|mrav-sulthmofenoba-2	VERB
დაჰბეჭდა	დაჰბეჭდა	3	2	3.7	mrav-new-sunday|mrav-sulthmofenoba-1	VERB
მოყუარებითა	მოყუარებითა	3	2	3.7	mrav-epiphane-mary|mrav-peter-martyrdom	VERB
განხეთქნა	განხეთქნა	3	2	3.7	mrav-epiphane-mary|mrav-shoba-athanasi	VERB
შეხუეულ	შეხუეულ	3	1	1.9	mrav-shoba-athanasi	VERB
მიზეზ	მიზეზ	3	3	5.6	mrav-epiphane-mary|mrav-sulthmofenoba-1|proclus-hom-theotokos	VERB
გამოიცადა	გამოიცადა	3	1	1.9	mrav-epiphane-mary	VERB
დაებეჭდა	დაებეჭდა	3	2	3.7	mrav-epiphane-mary|mrav-sulthmofenoba-1	VERB
მოძღურებისა	მოძღურებისა	3	3	5.6	inventio-stephani-lucian|mrav-epiphane-mary|mrav-sulthmofenoba-2	VERB
უთესლოდ	უთესლოდ	3	2	3.7	mrav-toma-chrysostom|proclus-hom-theotokos	VERB
მოწყალებით	მოწყალებით	3	2	3.7	mrav-sulthmofenoba-1|proclus-hom-theotokos	VERB
წარვიდე	წარვიდე	3	2	3.7	mrav-sinai-fathers-amonios|mrav-sulthmofenoba-2	VERB
აგრძნეს	აგრძნეს	3	2	3.7	inventio-stephani-lucian|mrav-sinai-fathers-amonios	VERB
მონაზონთაგანი	მონაზონთაგანი	3	1	1.9	mrav-sinai-fathers-amonios	VERB
ჰმადლობდეს	ჰმადლობდეს	3	1	1.9	mrav-sinai-fathers-amonios	VERB
დაყო	დაყო	3	3	5.6	inventio-stephani-lucian|mart-stepane|mrav-sinai-fathers-amonios	VERB
შეისუენა	შეისუენა	3	2	3.7	inventio-stephani-lucian|mrav-sinai-fathers-amonios	VERB
ესროდეს	ესროდეს	3	1	1.9	mrav-sinai-fathers-amonios	VERB
მოიცალეს	მოიცალეს	3	1	1.9	mrav-sinai-fathers-amonios	VERB
აღიმაღლა	აღიმაღლა	3	2	3.7	inventio-stephani-lucian|mrav-sulthmofenoba-2	VERB
მოვიღე	მოვიღე	3	2	3.7	inventio-stephani-lucian|mrav-toma-chrysostom	VERB
სრულითა	სრულითა	3	2	3.7	mrav-sulthmofenoba-1|mrav-toma-chrysostom	VERB
მოვალნ	მოვალნ	3	2	3.7	mrav-sulthmofenoba-1|mrav-sulthmofenoba-2	VERB
მივჰფინო	მივჰფინო	3	1	1.9	mrav-sulthmofenoba-2	VERB
არს	არს	951	49	90.7	chrys-epiphany-homily|cyril-epiphany-homily|ephr-markhva|hesych-hypapante-01|inventio-stephani-lucian|mart-iaqob-up-dzma|mart-stepane|mrav-aghdgoma-kyrile|mrav-aghdgoma-meletios|mrav-amaghleba|mrav-antipater-bostrensis-1|mrav-basili-1|mrav-basili-2|mrav-bzoba-iohannes|mrav-bzoba-severian|mrav-chrysostom-jonah|mrav-colophon-makari|mrav-cross-vision|mrav-departed-ephrem|mrav-dormition-1|mrav-dormition-2|mrav-enkenia-1|mrav-enkenia-2|mrav-epiphane-mary|mrav-exaltation-cross|mrav-feristsvaleba|mrav-forty-martyrs|mrav-ioane-zosime|mrav-john-baptist-decollatio|mrav-john-baptist-decollatio-2|mrav-kharbeba-1|mrav-kharbeba-2|mrav-kharbeba-3|mrav-lazare|mrav-martyrs-chrysostom|mrav-martyrs-chrysostom-2|mrav-martyrs-chrysostom-3|mrav-natlisgeba-1|mrav-natlisgeba-okropiri|mrav-new-sunday|mrav-paul-martyrdom|mrav-peter-martyrdom|mrav-shoba-athanasi|mrav-sinai-fathers-amonios|mrav-sulthmofenoba-1|mrav-sulthmofenoba-2|mrav-timote-1|mrav-toma-chrysostom|proclus-hom-theotokos	FUNCTION
იყო	იყო	501	47	87.0	cyril-epiphany-homily|hesych-hypapante-01|inventio-stephani-lucian|mart-iaqob-up-dzma|mart-stepane|mrav-aghdgoma-kyrile|mrav-aghdgoma-meletios|mrav-amaghleba|mrav-antipater-bostrensis-1|mrav-basili-1|mrav-basili-2|mrav-bzoba-iohannes|mrav-bzoba-meletios|mrav-bzoba-severian|mrav-chrysostom-jonah|mrav-colophon-makari|mrav-cross-vision|mrav-departed-ephrem|mrav-dormition-2|mrav-enkenia-1|mrav-enkenia-2|mrav-epiphane-mary|mrav-exaltation-cross|mrav-feristsvaleba|mrav-forty-martyrs|mrav-john-baptist-decollatio|mrav-john-baptist-decollatio-2|mrav-kharbeba-1|mrav-kharbeba-2|mrav-kharbeba-3|mrav-lazare|mrav-martyrs-chrysostom|mrav-martyrs-chrysostom-2|mrav-martyrs-chrysostom-3|mrav-nails-inventio|mrav-natlisgeba-1|mrav-natlisgeba-okropiri|mrav-new-sunday|mrav-paul-martyrdom|mrav-peter-martyrdom|mrav-shoba-athanasi|mrav-sinai-fathers-amonios|mrav-sulthmofenoba-1|mrav-sulthmofenoba-2|mrav-timote-1|mrav-toma-chrysostom|proclus-hom-theotokos	FUNCTION
თქუა	თქუა	224	43	79.6	cyril-epiphany-homily|ephr-markhva|hesych-hypapante-01|inventio-stephani-lucian|mart-iaqob-up-dzma|mart-stepane|mrav-aghdgoma-kyrile|mrav-amaghleba|mrav-antipater-bostrensis-1|mrav-basili-1|mrav-basili-2|mrav-bzoba-iohannes|mrav-bzoba-meletios|mrav-bzoba-severian|mrav-cross-vision|mrav-departed-ephrem|mrav-dormition-1|mrav-dormition-2|mrav-enkenia-1|mrav-enkenia-2|mrav-epiphane-mary|mrav-exaltation-cross|mrav-feristsvaleba|mrav-forty-martyrs|mrav-holymonday|mrav-ioane-zosime|mrav-john-baptist-decollatio|mrav-john-baptist-decollatio-2|mrav-kharbeba-2|mrav-lazare|mrav-martyrs-chrysostom-2|mrav-nails-inventio|mrav-natlisgeba-1|mrav-new-sunday|mrav-paul-martyrdom|mrav-peter-martyrdom|mrav-shoba-athanasi|mrav-sinai-fathers-amonios|mrav-sulthmofenoba-1|mrav-sulthmofenoba-2|mrav-timote-1|mrav-toma-chrysostom|proclus-hom-theotokos	FUNCTION
რომელ	რომელ	209	45	83.3	chrys-epiphany-homily|cyril-epiphany-homily|ephr-markhva|hesych-hypapante-01|inventio-stephani-lucian|mart-iaqob-up-dzma|mart-stepane|mrav-aghdgoma-kyrile|mrav-aghdgoma-meletios|mrav-amaghleba|mrav-antipater-bostrensis-1|mrav-basili-1|mrav-bzoba-iohannes|mrav-bzoba-meletios|mrav-bzoba-severian|mrav-chrysostom-jonah|mrav-cross-vision|mrav-departed-ephrem|mrav-dormition-1|mrav-enkenia-1|mrav-enkenia-2|mrav-epiphane-mary|mrav-exaltation-cross|mrav-feristsvaleba|mrav-forty-martyrs|mrav-ioane-zosime|mrav-john-baptist-decollatio|mrav-john-baptist-decollatio-2|mrav-kharbeba-2|mrav-kharbeba-3|mrav-lazare|mrav-martyrs-chrysostom-2|mrav-martyrs-chrysostom-3|mrav-nails-inventio|mrav-natlisgeba-1|mrav-natlisgeba-okropiri|mrav-new-sunday|mrav-paul-martyrdom|mrav-shoba-athanasi|mrav-sinai-fathers-amonios|mrav-sulthmofenoba-1|mrav-sulthmofenoba-2|mrav-timote-1|mrav-toma-chrysostom|proclus-hom-theotokos	FUNCTION
იტყჳს	იტყვს	200	34	63.0	chrys-epiphany-homily|cyril-epiphany-homily|hesych-hypapante-01|mart-stepane|mrav-aghdgoma-kyrile|mrav-basili-1|mrav-bzoba-iohannes|mrav-bzoba-severian|mrav-chrysostom-jonah|mrav-cross-vision|mrav-departed-ephrem|mrav-dormition-1|mrav-dormition-2|mrav-enkenia-1|mrav-enkenia-2|mrav-epiphane-mary|mrav-exaltation-cross|mrav-feristsvaleba|mrav-ioane-zosime|mrav-john-baptist-decollatio|mrav-john-baptist-decollatio-2|mrav-kharbeba-1|mrav-kharbeba-2|mrav-kharbeba-3|mrav-lazare|mrav-natlisgeba-1|mrav-natlisgeba-okropiri|mrav-new-sunday|mrav-shoba-athanasi|mrav-sinai-fathers-amonios|mrav-sulthmofenoba-2|mrav-timote-1|mrav-toma-chrysostom|proclus-hom-theotokos	FUNCTION
არიან	არიან	165	35	64.8	cyril-epiphany-homily|ephr-markhva|inventio-stephani-lucian|mart-iaqob-up-dzma|mart-stepane|mrav-aghdgoma-kyrile|mrav-aghdgoma-meletios|mrav-bzoba-iohannes|mrav-bzoba-severian|mrav-chrysostom-jonah|mrav-cross-vision|mrav-departed-ephrem|mrav-enkenia-1|mrav-enkenia-2|mrav-epiphane-mary|mrav-exaltation-cross|mrav-feristsvaleba|mrav-forty-martyrs|mrav-ioane-zosime|mrav-john-baptist-decollatio|mrav-john-baptist-decollatio-2|mrav-kharbeba-1|mrav-kharbeba-3|mrav-lazare|mrav-martyrs-chrysostom|mrav-martyrs-chrysostom-2|mrav-martyrs-chrysostom-3|mrav-natlisgeba-1|mrav-natlisgeba-okropiri|mrav-paul-martyrdom|mrav-shoba-athanasi|mrav-sinai-fathers-amonios|mrav-sulthmofenoba-1|mrav-sulthmofenoba-2|mrav-toma-chrysostom	FUNCTION
ჰრქუა	ჰრქუა	141	29	53.7	hesych-hypapante-01|inventio-stephani-lucian|mart-stepane|mrav-aghdgoma-kyrile|mrav-aghdgoma-meletios|mrav-amaghleba|mrav-antipater-bostrensis-1|mrav-basili-1|mrav-basili-2|mrav-bzoba-severian|mrav-chrysostom-jonah|mrav-cross-vision|mrav-enkenia-1|mrav-enkenia-2|mrav-feristsvaleba|mrav-john-baptist-decollatio|mrav-kharbeba-1|mrav-kharbeba-2|mrav-kharbeba-3|mrav-lazare|mrav-nails-inventio|mrav-natlisgeba-okropiri|mrav-paul-martyrdom|mrav-peter-martyrdom|mrav-shoba-athanasi|mrav-sinai-fathers-amonios|mrav-sulthmofenoba-2|mrav-timote-1|mrav-toma-chrysostom	FUNCTION
იყვნეს	იყვნეს	141	31	57.4	hesych-hypapante-01|inventio-stephani-lucian|mart-stepane|mrav-aghdgoma-kyrile|mrav-aghdgoma-meletios|mrav-amaghleba|mrav-antipater-bostrensis-1|mrav-bzoba-iohannes|mrav-bzoba-severian|mrav-chrysostom-jonah|mrav-cross-vision|mrav-enkenia-1|mrav-epiphane-mary|mrav-exaltation-cross|mrav-feristsvaleba|mrav-forty-martyrs|mrav-john-baptist-decollatio|mrav-john-baptist-decollatio-2|mrav-kharbeba-1|mrav-kharbeba-2|mrav-kharbeba-3|mrav-martyrs-chrysostom|mrav-martyrs-chrysostom-2|mrav-natlisgeba-1|mrav-new-sunday|mrav-paul-martyrdom|mrav-shoba-athanasi|mrav-sinai-fathers-amonios|mrav-sulthmofenoba-1|mrav-sulthmofenoba-2|proclus-hom-theotokos	FUNCTION
იგინი	იგინი	134	33	61.1	ephr-markhva|hesych-hypapante-01|inventio-stephani-lucian|mart-stepane|mrav-aghdgoma-kyrile|mrav-aghdgoma-meletios|mrav-basili-1|mrav-bzoba-iohannes|mrav-bzoba-meletios|mrav-bzoba-severian|mrav-chrysostom-jonah|mrav-cross-vision|mrav-departed-ephrem|mrav-enkenia-1|mrav-epiphane-mary|mrav-exaltation-cross|mrav-feristsvaleba|mrav-forty-martyrs|mrav-john-baptist-decollatio|mrav-lazare|mrav-martyrs-chrysostom|mrav-martyrs-chrysostom-2|mrav-martyrs-chrysostom-3|mrav-nails-inventio|mrav-natlisgeba-1|mrav-natlisgeba-okropiri|mrav-new-sunday|mrav-paul-martyrdom|mrav-shoba-athanasi|mrav-sinai-fathers-amonios|mrav-sulthmofenoba-1|mrav-sulthmofenoba-2|mrav-timote-1	FUNCTION
იქმნა	იქმნა	130	36	66.7	chrys-epiphany-homily|cyril-epiphany-homily|ephr-markhva|hesych-hypapante-01|mart-iaqob-up-dzma|mrav-aghdgoma-kyrile|mrav-aghdgoma-meletios|mrav-antipater-bostrensis-1|mrav-basili-1|mrav-bzoba-iohannes|mrav-chrysostom-jonah|mrav-cross-vision|mrav-departed-ephrem|mrav-dormition-1|mrav-dormition-2|mrav-enkenia-1|mrav-enkenia-2|mrav-epiphane-mary|mrav-feristsvaleba|mrav-forty-martyrs|mrav-kharbeba-1|mrav-kharbeba-2|mrav-kharbeba-3|mrav-lazare|mrav-martyrs-chrysostom-2|mrav-martyrs-chrysostom-3|mrav-nails-inventio|mrav-new-sunday|mrav-paul-martyrdom|mrav-peter-martyrdom|mrav-shoba-athanasi|mrav-sinai-fathers-amonios|mrav-sulthmofenoba-1|mrav-sulthmofenoba-2|mrav-toma-chrysostom|proclus-hom-theotokos	FUNCTION
მისა	მისა	116	38	70.4	cyril-epiphany-homily|ephr-markhva|inventio-stephani-lucian|mart-iaqob-up-dzma|mart-stepane|mrav-aghdgoma-kyrile|mrav-aghdgoma-meletios|mrav-antipater-bostrensis-1|mrav-basili-1|mrav-bzoba-iohannes|mrav-bzoba-severian|mrav-chrysostom-jonah|mrav-cross-vision|mrav-departed-ephrem|mrav-dormition-1|mrav-enkenia-1|mrav-enkenia-2|mrav-epiphane-mary|mrav-exaltation-cross|mrav-feristsvaleba|mrav-forty-martyrs|mrav-john-baptist-decollatio-2|mrav-kharbeba-1|mrav-kharbeba-2|mrav-kharbeba-3|mrav-lazare|mrav-martyrs-chrysostom|mrav-martyrs-chrysostom-2|mrav-martyrs-chrysostom-3|mrav-natlisgeba-1|mrav-natlisgeba-okropiri|mrav-paul-martyrdom|mrav-shoba-athanasi|mrav-sinai-fathers-amonios|mrav-sulthmofenoba-1|mrav-timote-1|mrav-toma-chrysostom|proclus-hom-theotokos	FUNCTION
უფლისა	უფლისა	111	37	68.5	cyril-epiphany-homily|inventio-stephani-lucian|mart-iaqob-up-dzma|mart-stepane|mrav-aghdgoma-kyrile|mrav-antipater-bostrensis-1|mrav-basili-1|mrav-basili-2|mrav-bzoba-iohannes|mrav-bzoba-severian|mrav-chrysostom-jonah|mrav-colophon-makari|mrav-cross-vision|mrav-dormition-1|mrav-enkenia-1|mrav-enkenia-2|mrav-exaltation-cross|mrav-feristsvaleba|mrav-forty-martyrs|mrav-john-baptist-decollatio|mrav-kharbeba-1|mrav-kharbeba-2|mrav-kharbeba-3|mrav-lazare|mrav-martyrs-chrysostom|mrav-martyrs-chrysostom-2|mrav-martyrs-chrysostom-3|mrav-nails-inventio|mrav-natlisgeba-okropiri|mrav-new-sunday|mrav-paul-martyrdom|mrav-peter-martyrdom|mrav-shoba-athanasi|mrav-sinai-fathers-amonios|mrav-timote-1|mrav-toma-chrysostom|proclus-hom-theotokos	FUNCTION
იყოს	იყოს	100	33	61.1	cyril-epiphany-homily|hesych-hypapante-01|inventio-stephani-lucian|mart-stepane|mrav-aghdgoma-kyrile|mrav-aghdgoma-meletios|mrav-antipater-bostrensis-1|mrav-basili-1|mrav-basili-2|mrav-bzoba-iohannes|mrav-chrysostom-jonah|mrav-cross-vision|mrav-enkenia-1|mrav-enkenia-2|mrav-epiphane-mary|mrav-exaltation-cross|mrav-feristsvaleba|mrav-forty-martyrs|mrav-john-baptist-decollatio|mrav-john-baptist-decollatio-2|mrav-kharbeba-1|mrav-kharbeba-2|mrav-kharbeba-3|mrav-lazare|mrav-martyrs-chrysostom|mrav-martyrs-chrysostom-2|mrav-martyrs-chrysostom-3|mrav-nails-inventio|mrav-paul-martyrdom|mrav-shoba-athanasi|mrav-sinai-fathers-amonios|mrav-sulthmofenoba-2|proclus-hom-theotokos	FUNCTION
ღმრთისა	ღმრთისა	99	28	51.9	cyril-epiphany-homily|mart-iaqob-up-dzma|mrav-aghdgoma-kyrile|mrav-basili-1|mrav-bzoba-iohannes|mrav-bzoba-severian|mrav-chrysostom-jonah|mrav-colophon-makari|mrav-cross-vision|mrav-dormition-1|mrav-enkenia-1|mrav-exaltation-cross|mrav-feristsvaleba|mrav-forty-martyrs|mrav-john-baptist-decollatio-2|mrav-kharbeba-2|mrav-kharbeba-3|mrav-lazare|mrav-martyrs-chrysostom|mrav-nails-inventio|mrav-natlisgeba-1|mrav-paul-martyrdom|mrav-peter-martyrdom|mrav-sinai-fathers-amonios|mrav-sulthmofenoba-1|mrav-sulthmofenoba-2|mrav-timote-1|mrav-toma-chrysostom	FUNCTION
მათი	მათი	92	28	51.9	cyril-epiphany-homily|ephr-markhva|inventio-stephani-lucian|mrav-aghdgoma-kyrile|mrav-antipater-bostrensis-1|mrav-bzoba-iohannes|mrav-bzoba-severian|mrav-chrysostom-jonah|mrav-cross-vision|mrav-departed-ephrem|mrav-dormition-2|mrav-enkenia-1|mrav-enkenia-2|mrav-epiphane-mary|mrav-exaltation-cross|mrav-feristsvaleba|mrav-forty-martyrs|mrav-john-baptist-decollatio-2|mrav-kharbeba-2|mrav-martyrs-chrysostom|mrav-martyrs-chrysostom-2|mrav-martyrs-chrysostom-3|mrav-natlisgeba-1|mrav-shoba-athanasi|mrav-sinai-fathers-amonios|mrav-sulthmofenoba-1|mrav-sulthmofenoba-2|mrav-timote-1	FUNCTION
მოვიდა	მოვიდა	89	33	61.1	chrys-epiphany-homily|cyril-epiphany-homily|hesych-hypapante-01|inventio-stephani-lucian|mart-iaqob-up-dzma|mart-stepane|mrav-aghdgoma-kyrile|mrav-aghdgoma-meletios|mrav-amaghleba|mrav-antipater-bostrensis-1|mrav-basili-2|mrav-bzoba-iohannes|mrav-bzoba-meletios|mrav-bzoba-severian|mrav-cross-vision|mrav-enkenia-2|mrav-epiphane-mary|mrav-exaltation-cross|mrav-feristsvaleba|mrav-john-baptist-decollatio|mrav-kharbeba-1|mrav-kharbeba-2|mrav-kharbeba-3|mrav-lazare|mrav-natlisgeba-1|mrav-paul-martyrdom|mrav-peter-martyrdom|mrav-shoba-athanasi|mrav-sinai-fathers-amonios|mrav-sulthmofenoba-1|mrav-timote-1|mrav-toma-chrysostom|proclus-hom-theotokos	FUNCTION
ყო	ყო	76	31	57.4	mart-iaqob-up-dzma|mart-stepane|mrav-aghdgoma-kyrile|mrav-amaghleba|mrav-antipater-bostrensis-1|mrav-basili-1|mrav-basili-2|mrav-chrysostom-jonah|mrav-cross-vision|mrav-departed-ephrem|mrav-dormition-1|mrav-enkenia-1|mrav-enkenia-2|mrav-exaltation-cross|mrav-feristsvaleba|mrav-forty-martyrs|mrav-john-baptist-decollatio|mrav-kharbeba-1|mrav-kharbeba-2|mrav-kharbeba-3|mrav-lazare|mrav-martyrs-chrysostom|mrav-natlisgeba-1|mrav-natlisgeba-okropiri|mrav-paul-martyrdom|mrav-peter-martyrdom|mrav-shoba-athanasi|mrav-sinai-fathers-amonios|mrav-sulthmofenoba-1|mrav-toma-chrysostom|proclus-hom-theotokos	FUNCTION
ღმრთისაჲ	ღმრთისაი	76	28	51.9	chrys-epiphany-homily|cyril-epiphany-homily|ephr-markhva|hesych-hypapante-01|mart-iaqob-up-dzma|mrav-aghdgoma-kyrile|mrav-aghdgoma-meletios|mrav-amaghleba|mrav-basili-2|mrav-bzoba-iohannes|mrav-bzoba-severian|mrav-cross-vision|mrav-dormition-2|mrav-enkenia-1|mrav-enkenia-2|mrav-exaltation-cross|mrav-feristsvaleba|mrav-forty-martyrs|mrav-john-baptist-decollatio|mrav-kharbeba-2|mrav-kharbeba-3|mrav-lazare|mrav-natlisgeba-1|mrav-new-sunday|mrav-shoba-athanasi|mrav-sinai-fathers-amonios|mrav-timote-1|proclus-hom-theotokos	FUNCTION
წმიდაჲ	წმიდაი	75	29	53.7	chrys-epiphany-homily|cyril-epiphany-homily|hesych-hypapante-01|mart-iaqob-up-dzma|mrav-aghdgoma-kyrile|mrav-aghdgoma-meletios|mrav-basili-1|mrav-basili-2|mrav-bound-ioane-zosime|mrav-bzoba-iohannes|mrav-bzoba-severian|mrav-colophon-makari|mrav-dormition-1|mrav-dormition-2|mrav-enkenia-1|mrav-enkenia-2|mrav-exaltation-cross|mrav-feristsvaleba|mrav-forty-martyrs|mrav-john-baptist-decollatio-2|mrav-martyrs-chrysostom-2|mrav-nails-inventio|mrav-natlisgeba-1|mrav-paul-martyrdom|mrav-peter-martyrdom|mrav-sinai-fathers-amonios|mrav-sulthmofenoba-2|mrav-timote-1|mrav-toma-chrysostom	FUNCTION
იტყოდა	იტყოდა	74	31	57.4	chrys-epiphany-homily|cyril-epiphany-homily|hesych-hypapante-01|mart-iaqob-up-dzma|mrav-aghdgoma-kyrile|mrav-antipater-bostrensis-1|mrav-basili-1|mrav-basili-2|mrav-bzoba-severian|mrav-chrysostom-jonah|mrav-cross-vision|mrav-departed-ephrem|mrav-dormition-2|mrav-enkenia-2|mrav-epiphane-mary|mrav-feristsvaleba|mrav-forty-martyrs|mrav-john-baptist-decollatio|mrav-john-baptist-decollatio-2|mrav-kharbeba-1|mrav-kharbeba-2|mrav-kharbeba-3|mrav-lazare|mrav-natlisgeba-1|mrav-natlisgeba-okropiri|mrav-paul-martyrdom|mrav-sinai-fathers-amonios|mrav-sulthmofenoba-2|mrav-timote-1|mrav-toma-chrysostom|proclus-hom-theotokos	FUNCTION
იხილა	იხილა	66	25	46.3	ephr-markhva|inventio-stephani-lucian|mart-stepane|mrav-aghdgoma-kyrile|mrav-antipater-bostrensis-1|mrav-basili-2|mrav-bzoba-meletios|mrav-bzoba-severian|mrav-cross-vision|mrav-departed-ephrem|mrav-dormition-1|mrav-dormition-2|mrav-enkenia-2|mrav-epiphane-mary|mrav-feristsvaleba|mrav-forty-martyrs|mrav-holymonday|mrav-kharbeba-2|mrav-lazare|mrav-martyrs-chrysostom-3|mrav-natlisgeba-okropiri|mrav-peter-martyrdom|mrav-sinai-fathers-amonios|mrav-timote-1|proclus-hom-theotokos	FUNCTION
დღეს	დღეს	66	23	42.6	chrys-epiphany-homily|mrav-aghdgoma-meletios|mrav-amaghleba|mrav-bzoba-iohannes|mrav-bzoba-severian|mrav-chrysostom-jonah|mrav-dormition-1|mrav-dormition-2|mrav-enkenia-1|mrav-exaltation-cross|mrav-feristsvaleba|mrav-forty-martyrs|mrav-john-baptist-decollatio|mrav-john-baptist-decollatio-2|mrav-martyrs-chrysostom|mrav-martyrs-chrysostom-2|mrav-martyrs-chrysostom-3|mrav-natlisgeba-okropiri|mrav-shoba-athanasi|mrav-sinai-fathers-amonios|mrav-sulthmofenoba-2|mrav-toma-chrysostom|proclus-hom-theotokos	FUNCTION
ჩუენდა	ჩუენდა	60	25	46.3	inventio-stephani-lucian|mart-iaqob-up-dzma|mrav-aghdgoma-kyrile|mrav-aghdgoma-meletios|mrav-amaghleba|mrav-bzoba-severian|mrav-chrysostom-jonah|mrav-departed-ephrem|mrav-enkenia-2|mrav-epiphane-mary|mrav-exaltation-cross|mrav-feristsvaleba|mrav-forty-martyrs|mrav-kharbeba-1|mrav-kharbeba-2|mrav-kharbeba-3|mrav-martyrs-chrysostom-2|mrav-martyrs-chrysostom-3|mrav-natlisgeba-1|mrav-shoba-athanasi|mrav-sinai-fathers-amonios|mrav-sulthmofenoba-1|mrav-sulthmofenoba-2|mrav-toma-chrysostom|proclus-hom-theotokos	FUNCTION
მათსა	მათსა	59	22	40.7	cyril-epiphany-homily|inventio-stephani-lucian|mrav-aghdgoma-kyrile|mrav-aghdgoma-meletios|mrav-bzoba-iohannes|mrav-bzoba-severian|mrav-cross-vision|mrav-enkenia-1|mrav-epiphane-mary|mrav-feristsvaleba|mrav-forty-martyrs|mrav-john-baptist-decollatio|mrav-kharbeba-2|mrav-martyrs-chrysostom|mrav-martyrs-chrysostom-2|mrav-martyrs-chrysostom-3|mrav-natlisgeba-okropiri|mrav-paul-martyrdom|mrav-shoba-athanasi|mrav-sinai-fathers-amonios|mrav-sulthmofenoba-2|mrav-timote-1	FUNCTION
დღესა	დღესა	58	26	48.1	chrys-epiphany-homily|hesych-hypapante-01|mart-stepane|mrav-aghdgoma-kyrile|mrav-aghdgoma-meletios|mrav-amaghleba|mrav-bzoba-iohannes|mrav-bzoba-meletios|mrav-chrysostom-jonah|mrav-colophon-makari|mrav-cross-vision|mrav-enkenia-1|mrav-exaltation-cross|mrav-feristsvaleba|mrav-ioane-zosime|mrav-lazare|mrav-nails-inventio|mrav-natlisgeba-1|mrav-natlisgeba-okropiri|mrav-new-sunday|mrav-shoba-athanasi|mrav-sinai-fathers-amonios|mrav-sulthmofenoba-1|mrav-sulthmofenoba-2|mrav-timote-1|mrav-toma-chrysostom	FUNCTION
წმიდისა	წმიდისა	57	26	48.1	chrys-epiphany-homily|cyril-epiphany-homily|ephr-markhva|hesych-hypapante-01|mart-iaqob-up-dzma|mrav-aghdgoma-kyrile|mrav-basili-1|mrav-basili-2|mrav-bzoba-iohannes|mrav-bzoba-severian|mrav-colophon-makari|mrav-departed-ephrem|mrav-dormition-1|mrav-feristsvaleba|mrav-forty-martyrs|mrav-john-baptist-decollatio|mrav-john-baptist-decollatio-2|mrav-martyrs-chrysostom-2|mrav-martyrs-chrysostom-3|mrav-nails-inventio|mrav-paul-martyrdom|mrav-peter-martyrdom|mrav-sinai-fathers-amonios|mrav-sulthmofenoba-2|mrav-timote-1|mrav-toma-chrysostom	FUNCTION
მამისა	მამისა	57	20	37.0	chrys-epiphany-homily|cyril-epiphany-homily|mrav-aghdgoma-kyrile|mrav-amaghleba|mrav-bzoba-iohannes|mrav-bzoba-severian|mrav-colophon-makari|mrav-departed-ephrem|mrav-dormition-1|mrav-dormition-2|mrav-feristsvaleba|mrav-forty-martyrs|mrav-john-baptist-decollatio|mrav-kharbeba-1|mrav-nails-inventio|mrav-paul-martyrdom|mrav-peter-martyrdom|mrav-sulthmofenoba-2|mrav-timote-1|mrav-toma-chrysostom	FUNCTION
ვარ	ვარ	54	22	40.7	hesych-hypapante-01|inventio-stephani-lucian|mart-stepane|mrav-aghdgoma-kyrile|mrav-amaghleba|mrav-antipater-bostrensis-1|mrav-bzoba-iohannes|mrav-bzoba-severian|mrav-dormition-1|mrav-dormition-2|mrav-enkenia-1|mrav-enkenia-2|mrav-forty-martyrs|mrav-john-baptist-decollatio-2|mrav-lazare|mrav-natlisgeba-1|mrav-new-sunday|mrav-paul-martyrdom|mrav-peter-martyrdom|mrav-sinai-fathers-amonios|mrav-sulthmofenoba-2|mrav-toma-chrysostom	FUNCTION
უკუნისამდე	უკუნისამდე	52	35	64.8	ephr-markhva|mrav-aghdgoma-kyrile|mrav-aghdgoma-meletios|mrav-amaghleba|mrav-antipater-bostrensis-1|mrav-bzoba-iohannes|mrav-bzoba-meletios|mrav-bzoba-severian|mrav-cross-vision|mrav-dormition-1|mrav-dormition-2|mrav-enkenia-1|mrav-enkenia-2|mrav-epiphane-mary|mrav-exaltation-cross|mrav-feristsvaleba|mrav-forty-martyrs|mrav-holymonday|mrav-john-baptist-decollatio|mrav-kharbeba-1|mrav-martyrs-chrysostom|mrav-martyrs-chrysostom-2|mrav-martyrs-chrysostom-3|mrav-nails-inventio|mrav-natlisgeba-1|mrav-new-sunday|mrav-paul-martyrdom|mrav-peter-martyrdom|mrav-shoba-athanasi|mrav-sinai-fathers-amonios|mrav-sulthmofenoba-1|mrav-sulthmofenoba-2|mrav-timote-1|mrav-toma-chrysostom|proclus-hom-theotokos	FUNCTION
ესმა	ესმა	51	23	42.6	mart-stepane|mrav-aghdgoma-kyrile|mrav-antipater-bostrensis-1|mrav-bzoba-meletios|mrav-bzoba-severian|mrav-chrysostom-jonah|mrav-cross-vision|mrav-departed-ephrem|mrav-enkenia-2|mrav-epiphane-mary|mrav-exaltation-cross|mrav-forty-martyrs|mrav-john-baptist-decollatio|mrav-john-baptist-decollatio-2|mrav-kharbeba-2|mrav-lazare|mrav-natlisgeba-1|mrav-natlisgeba-okropiri|mrav-paul-martyrdom|mrav-sinai-fathers-amonios|mrav-sulthmofenoba-2|mrav-timote-1|proclus-hom-theotokos	FUNCTION
მოვიდეს	მოვიდეს	49	26	48.1	cyril-epiphany-homily|ephr-markhva|inventio-stephani-lucian|mrav-aghdgoma-kyrile|mrav-aghdgoma-meletios|mrav-antipater-bostrensis-1|mrav-basili-1|mrav-basili-2|mrav-bzoba-meletios|mrav-bzoba-severian|mrav-chrysostom-jonah|mrav-cross-vision|mrav-forty-martyrs|mrav-john-baptist-decollatio|mrav-kharbeba-1|mrav-kharbeba-2|mrav-kharbeba-3|mrav-lazare|mrav-natlisgeba-okropiri|mrav-paul-martyrdom|mrav-shoba-athanasi|mrav-sinai-fathers-amonios|mrav-sulthmofenoba-2|mrav-timote-1|mrav-toma-chrysostom|proclus-hom-theotokos	FUNCTION
შევიდა	შევიდა	46	19	35.2	cyril-epiphany-homily|mrav-aghdgoma-kyrile|mrav-aghdgoma-meletios|mrav-antipater-bostrensis-1|mrav-basili-1|mrav-bzoba-iohannes|mrav-bzoba-meletios|mrav-bzoba-severian|mrav-cross-vision|mrav-dormition-2|mrav-epiphane-mary|mrav-john-baptist-decollatio|mrav-kharbeba-2|mrav-lazare|mrav-paul-martyrdom|mrav-shoba-athanasi|mrav-timote-1|mrav-toma-chrysostom|proclus-hom-theotokos	FUNCTION
რომლისა	რომლისა	46	25	46.3	chrys-epiphany-homily|cyril-epiphany-homily|mart-iaqob-up-dzma|mrav-aghdgoma-kyrile|mrav-antipater-bostrensis-1|mrav-bzoba-severian|mrav-chrysostom-jonah|mrav-cross-vision|mrav-dormition-2|mrav-enkenia-2|mrav-epiphane-mary|mrav-feristsvaleba|mrav-forty-martyrs|mrav-john-baptist-decollatio-2|mrav-kharbeba-1|mrav-kharbeba-2|mrav-lazare|mrav-martyrs-chrysostom-3|mrav-nails-inventio|mrav-shoba-athanasi|mrav-sinai-fathers-amonios|mrav-sulthmofenoba-2|mrav-timote-1|mrav-toma-chrysostom|proclus-hom-theotokos	FUNCTION
ყოფად	ყოფად	45	21	38.9	cyril-epiphany-homily|inventio-stephani-lucian|mrav-aghdgoma-kyrile|mrav-basili-2|mrav-chrysostom-jonah|mrav-cross-vision|mrav-dormition-1|mrav-enkenia-1|mrav-enkenia-2|mrav-epiphane-mary|mrav-feristsvaleba|mrav-forty-martyrs|mrav-john-baptist-decollatio|mrav-kharbeba-3|mrav-lazare|mrav-martyrs-chrysostom|mrav-nails-inventio|mrav-paul-martyrdom|mrav-shoba-athanasi|mrav-sinai-fathers-amonios|proclus-hom-theotokos	FUNCTION
იტყოდეს	იტყოდეს	44	21	38.9	cyril-epiphany-homily|mart-iaqob-up-dzma|mart-stepane|mrav-aghdgoma-kyrile|mrav-basili-1|mrav-bzoba-iohannes|mrav-bzoba-meletios|mrav-bzoba-severian|mrav-chrysostom-jonah|mrav-cross-vision|mrav-dormition-2|mrav-forty-martyrs|mrav-john-baptist-decollatio|mrav-kharbeba-1|mrav-lazare|mrav-martyrs-chrysostom-2|mrav-martyrs-chrysostom-3|mrav-natlisgeba-1|mrav-paul-martyrdom|mrav-shoba-athanasi|mrav-sulthmofenoba-2	FUNCTION
ამათ	ამათ	43	21	38.9	chrys-epiphany-homily|cyril-epiphany-homily|inventio-stephani-lucian|mart-iaqob-up-dzma|mrav-aghdgoma-kyrile|mrav-antipater-bostrensis-1|mrav-bzoba-iohannes|mrav-bzoba-severian|mrav-chrysostom-jonah|mrav-colophon-makari|mrav-enkenia-1|mrav-epiphane-mary|mrav-feristsvaleba|mrav-forty-martyrs|mrav-kharbeba-2|mrav-lazare|mrav-shoba-athanasi|mrav-sinai-fathers-amonios|mrav-sulthmofenoba-2|mrav-toma-chrysostom|proclus-hom-theotokos	FUNCTION
წერილ	წერილ	39	20	37.0	chrys-epiphany-homily|cyril-epiphany-homily|ephr-markhva|inventio-stephani-lucian|mrav-aghdgoma-kyrile|mrav-aghdgoma-meletios|mrav-basili-1|mrav-bzoba-iohannes|mrav-chrysostom-jonah|mrav-cross-vision|mrav-departed-ephrem|mrav-enkenia-2|mrav-epiphane-mary|mrav-exaltation-cross|mrav-ioane-zosime|mrav-john-baptist-decollatio|mrav-kharbeba-3|mrav-new-sunday|mrav-sulthmofenoba-2|mrav-timote-1	FUNCTION
იხილეს	იხილეს	39	19	35.2	hesych-hypapante-01|inventio-stephani-lucian|mrav-aghdgoma-kyrile|mrav-aghdgoma-meletios|mrav-amaghleba|mrav-bzoba-iohannes|mrav-bzoba-meletios|mrav-bzoba-severian|mrav-dormition-2|mrav-exaltation-cross|mrav-feristsvaleba|mrav-john-baptist-decollatio|mrav-kharbeba-1|mrav-kharbeba-3|mrav-nails-inventio|mrav-paul-martyrdom|mrav-sinai-fathers-amonios|mrav-timote-1|proclus-hom-theotokos	FUNCTION
შემძლებელ	შემძლებელ	39	18	33.3	cyril-epiphany-homily|mart-stepane|mrav-aghdgoma-kyrile|mrav-antipater-bostrensis-1|mrav-basili-2|mrav-bzoba-severian|mrav-chrysostom-jonah|mrav-cross-vision|mrav-enkenia-1|mrav-feristsvaleba|mrav-john-baptist-decollatio|mrav-kharbeba-2|mrav-lazare|mrav-martyrs-chrysostom|mrav-new-sunday|mrav-sinai-fathers-amonios|mrav-toma-chrysostom|proclus-hom-theotokos	FUNCTION
სახედ	სახედ	37	24	44.4	chrys-epiphany-homily|cyril-epiphany-homily|ephr-markhva|hesych-hypapante-01|inventio-stephani-lucian|mart-stepane|mrav-aghdgoma-kyrile|mrav-antipater-bostrensis-1|mrav-bzoba-severian|mrav-chrysostom-jonah|mrav-cross-vision|mrav-enkenia-1|mrav-epiphane-mary|mrav-exaltation-cross|mrav-forty-martyrs|mrav-john-baptist-decollatio|mrav-kharbeba-2|mrav-lazare|mrav-martyrs-chrysostom-2|mrav-natlisgeba-1|mrav-new-sunday|mrav-shoba-athanasi|mrav-sulthmofenoba-2|mrav-timote-1	FUNCTION
მათგან	მათგან	36	18	33.3	mrav-aghdgoma-kyrile|mrav-aghdgoma-meletios|mrav-amaghleba|mrav-basili-1|mrav-bzoba-iohannes|mrav-bzoba-meletios|mrav-bzoba-severian|mrav-chrysostom-jonah|mrav-cross-vision|mrav-departed-ephrem|mrav-exaltation-cross|mrav-feristsvaleba|mrav-forty-martyrs|mrav-john-baptist-decollatio|mrav-kharbeba-2|mrav-martyrs-chrysostom-2|mrav-paul-martyrdom|mrav-sinai-fathers-amonios	FUNCTION
ჩუენცა	ჩუენცა	35	20	37.0	chrys-epiphany-homily|mart-stepane|mrav-aghdgoma-kyrile|mrav-bzoba-iohannes|mrav-bzoba-severian|mrav-chrysostom-jonah|mrav-cross-vision|mrav-kharbeba-1|mrav-kharbeba-2|mrav-kharbeba-3|mrav-lazare|mrav-martyrs-chrysostom-3|mrav-natlisgeba-1|mrav-natlisgeba-okropiri|mrav-paul-martyrdom|mrav-peter-martyrdom|mrav-sinai-fathers-amonios|mrav-sulthmofenoba-1|mrav-sulthmofenoba-2|mrav-toma-chrysostom	FUNCTION
ცათა	ცათა	35	18	33.3	cyril-epiphany-homily|ephr-markhva|mart-stepane|mrav-aghdgoma-kyrile|mrav-amaghleba|mrav-antipater-bostrensis-1|mrav-bzoba-severian|mrav-dormition-1|mrav-enkenia-1|mrav-enkenia-2|mrav-epiphane-mary|mrav-feristsvaleba|mrav-kharbeba-2|mrav-shoba-athanasi|mrav-sinai-fathers-amonios|mrav-timote-1|mrav-toma-chrysostom|proclus-hom-theotokos	FUNCTION
ეტყოდა	ეტყოდა	35	20	37.0	chrys-epiphany-homily|cyril-epiphany-homily|mart-stepane|mrav-aghdgoma-kyrile|mrav-aghdgoma-meletios|mrav-dormition-1|mrav-feristsvaleba|mrav-forty-martyrs|mrav-john-baptist-decollatio|mrav-john-baptist-decollatio-2|mrav-kharbeba-1|mrav-kharbeba-2|mrav-kharbeba-3|mrav-lazare|mrav-natlisgeba-1|mrav-natlisgeba-okropiri|mrav-paul-martyrdom|mrav-sinai-fathers-amonios|mrav-sulthmofenoba-2|mrav-timote-1	FUNCTION
შენდა	შენდა	35	18	33.3	cyril-epiphany-homily|inventio-stephani-lucian|mart-stepane|mrav-antipater-bostrensis-1|mrav-basili-1|mrav-bzoba-meletios|mrav-bzoba-severian|mrav-colophon-makari|mrav-cross-vision|mrav-enkenia-1|mrav-feristsvaleba|mrav-john-baptist-decollatio|mrav-kharbeba-1|mrav-kharbeba-2|mrav-kharbeba-3|mrav-lazare|mrav-paul-martyrdom|mrav-toma-chrysostom	FUNCTION
უკუნითი	უკუნითი	34	32	59.3	ephr-markhva|mrav-aghdgoma-kyrile|mrav-aghdgoma-meletios|mrav-amaghleba|mrav-antipater-bostrensis-1|mrav-bzoba-iohannes|mrav-bzoba-meletios|mrav-bzoba-severian|mrav-dormition-1|mrav-dormition-2|mrav-enkenia-2|mrav-epiphane-mary|mrav-exaltation-cross|mrav-feristsvaleba|mrav-forty-martyrs|mrav-john-baptist-decollatio|mrav-kharbeba-1|mrav-martyrs-chrysostom|mrav-martyrs-chrysostom-2|mrav-martyrs-chrysostom-3|mrav-nails-inventio|mrav-natlisgeba-1|mrav-new-sunday|mrav-paul-martyrdom|mrav-peter-martyrdom|mrav-shoba-athanasi|mrav-sinai-fathers-amonios|mrav-sulthmofenoba-1|mrav-sulthmofenoba-2|mrav-timote-1|mrav-toma-chrysostom|proclus-hom-theotokos	FUNCTION
საყუარელნო	საყუარელნო	34	20	37.0	ephr-markhva|mrav-bzoba-iohannes|mrav-bzoba-severian|mrav-dormition-1|mrav-dormition-2|mrav-enkenia-2|mrav-exaltation-cross|mrav-feristsvaleba|mrav-holymonday|mrav-john-baptist-decollatio|mrav-kharbeba-1|mrav-kharbeba-2|mrav-kharbeba-3|mrav-lazare|mrav-natlisgeba-1|mrav-natlisgeba-okropiri|mrav-peter-martyrdom|mrav-sinai-fathers-amonios|mrav-sulthmofenoba-2|mrav-toma-chrysostom	FUNCTION
ზეცით	ზეცით	33	24	44.4	chrys-epiphany-homily|cyril-epiphany-homily|hesych-hypapante-01|mart-stepane|mrav-aghdgoma-kyrile|mrav-antipater-bostrensis-1|mrav-bzoba-meletios|mrav-dormition-2|mrav-enkenia-1|mrav-enkenia-2|mrav-epiphane-mary|mrav-feristsvaleba|mrav-forty-martyrs|mrav-john-baptist-decollatio-2|mrav-kharbeba-1|mrav-kharbeba-2|mrav-kharbeba-3|mrav-natlisgeba-1|mrav-natlisgeba-okropiri|mrav-paul-martyrdom|mrav-shoba-athanasi|mrav-sinai-fathers-amonios|mrav-sulthmofenoba-2|proclus-hom-theotokos	FUNCTION
მათთჳს	მათთვს	33	20	37.0	cyril-epiphany-homily|inventio-stephani-lucian|mrav-aghdgoma-kyrile|mrav-aghdgoma-meletios|mrav-basili-1|mrav-bzoba-iohannes|mrav-departed-ephrem|mrav-enkenia-2|mrav-exaltation-cross|mrav-feristsvaleba|mrav-forty-martyrs|mrav-john-baptist-decollatio|mrav-john-baptist-decollatio-2|mrav-lazare|mrav-martyrs-chrysostom|mrav-martyrs-chrysostom-2|mrav-nails-inventio|mrav-sinai-fathers-amonios|mrav-sulthmofenoba-2|proclus-hom-theotokos	FUNCTION
წმიდასა	წმიდასა	31	19	35.2	hesych-hypapante-01|mrav-aghdgoma-kyrile|mrav-aghdgoma-meletios|mrav-bound-ioane-zosime|mrav-bzoba-iohannes|mrav-bzoba-severian|mrav-colophon-makari|mrav-dormition-2|mrav-enkenia-1|mrav-feristsvaleba|mrav-john-baptist-decollatio|mrav-nails-inventio|mrav-natlisgeba-1|mrav-paul-martyrdom|mrav-peter-martyrdom|mrav-sinai-fathers-amonios|mrav-sulthmofenoba-2|mrav-timote-1|mrav-toma-chrysostom	FUNCTION
შეურაცხ	შეურაცხ	29	18	33.3	cyril-epiphany-homily|hesych-hypapante-01|mrav-antipater-bostrensis-1|mrav-bzoba-iohannes|mrav-chrysostom-jonah|mrav-enkenia-1|mrav-enkenia-2|mrav-exaltation-cross|mrav-feristsvaleba|mrav-forty-martyrs|mrav-john-baptist-decollatio|mrav-john-baptist-decollatio-2|mrav-martyrs-chrysostom-2|mrav-natlisgeba-1|mrav-natlisgeba-okropiri|mrav-sinai-fathers-amonios|mrav-sulthmofenoba-2|mrav-toma-chrysostom	FUNCTION
იხილე	იხილე	28	18	33.3	cyril-epiphany-homily|inventio-stephani-lucian|mrav-aghdgoma-kyrile|mrav-bzoba-severian|mrav-chrysostom-jonah|mrav-cross-vision|mrav-enkenia-1|mrav-enkenia-2|mrav-exaltation-cross|mrav-forty-martyrs|mrav-john-baptist-decollatio|mrav-kharbeba-1|mrav-lazare|mrav-martyrs-chrysostom|mrav-natlisgeba-okropiri|mrav-timote-1|mrav-toma-chrysostom|proclus-hom-theotokos	FUNCTION
ზეცად	ზეცად	27	19	35.2	cyril-epiphany-homily|mart-stepane|mrav-aghdgoma-kyrile|mrav-amaghleba|mrav-bzoba-iohannes|mrav-chrysostom-jonah|mrav-cross-vision|mrav-dormition-1|mrav-dormition-2|mrav-epiphane-mary|mrav-martyrs-chrysostom-2|mrav-nails-inventio|mrav-paul-martyrdom|mrav-peter-martyrdom|mrav-shoba-athanasi|mrav-sinai-fathers-amonios|mrav-sulthmofenoba-2|mrav-timote-1|mrav-toma-chrysostom	FUNCTION
ჩუენგან	ჩუენგან	17	9	16.7	hesych-hypapante-01|mart-iaqob-up-dzma|mrav-aghdgoma-kyrile|mrav-amaghleba|mrav-departed-ephrem|mrav-epiphane-mary|mrav-martyrs-chrysostom-2|mrav-martyrs-chrysostom-3|mrav-new-sunday	FUNCTION
თქუენგან	თქუენგან	5	5	9.3	mrav-kharbeba-1|mrav-kharbeba-2|mrav-lazare|mrav-shoba-athanasi|mrav-sinai-fathers-amonios	FUNCTION
იოვანე	იოვანე	57	16	29.6	chrys-epiphany-homily|cyril-epiphany-homily|inventio-stephani-lucian|mrav-aghdgoma-kyrile|mrav-antipater-bostrensis-1|mrav-bound-ioane-zosime|mrav-bzoba-severian|mrav-dormition-2|mrav-enkenia-2|mrav-feristsvaleba|mrav-ioane-zosime|mrav-john-baptist-decollatio|mrav-john-baptist-decollatio-2|mrav-natlisgeba-1|mrav-natlisgeba-okropiri|mrav-sulthmofenoba-2	RARE
მათნი	მათნი	56	17	31.5	ephr-markhva|mart-iaqob-up-dzma|mrav-aghdgoma-kyrile|mrav-aghdgoma-meletios|mrav-bzoba-iohannes|mrav-bzoba-severian|mrav-chrysostom-jonah|mrav-departed-ephrem|mrav-enkenia-1|mrav-exaltation-cross|mrav-feristsvaleba|mrav-forty-martyrs|mrav-kharbeba-2|mrav-martyrs-chrysostom|mrav-martyrs-chrysostom-2|mrav-nails-inventio|mrav-sinai-fathers-amonios	RARE
ნათელ	ნათელ	44	16	29.6	chrys-epiphany-homily|cyril-epiphany-homily|mrav-aghdgoma-meletios|mrav-basili-2|mrav-dormition-2|mrav-enkenia-1|mrav-enkenia-2|mrav-feristsvaleba|mrav-forty-martyrs|mrav-natlisgeba-1|mrav-natlisgeba-okropiri|mrav-new-sunday|mrav-sinai-fathers-amonios|mrav-sulthmofenoba-2|mrav-toma-chrysostom|proclus-hom-theotokos	RARE
დღეთა	დღეთა	40	17	31.5	chrys-epiphany-homily|inventio-stephani-lucian|mart-iaqob-up-dzma|mrav-aghdgoma-kyrile|mrav-antipater-bostrensis-1|mrav-basili-1|mrav-bound-ioane-zosime|mrav-bzoba-iohannes|mrav-colophon-makari|mrav-cross-vision|mrav-enkenia-2|mrav-feristsvaleba|mrav-lazare|mrav-natlisgeba-1|mrav-paul-martyrdom|mrav-sinai-fathers-amonios|mrav-sulthmofenoba-2	RARE
წმიდამან	წმიდამან	40	16	29.6	cyril-epiphany-homily|mrav-basili-1|mrav-basili-2|mrav-bzoba-iohannes|mrav-dormition-1|mrav-enkenia-1|mrav-enkenia-2|mrav-kharbeba-2|mrav-kharbeba-3|mrav-paul-martyrdom|mrav-peter-martyrdom|mrav-shoba-athanasi|mrav-sinai-fathers-amonios|mrav-sulthmofenoba-2|mrav-timote-1|proclus-hom-theotokos	RARE
ჰურიათა	ჰურიათა	35	16	29.6	chrys-epiphany-homily|inventio-stephani-lucian|mart-iaqob-up-dzma|mrav-aghdgoma-kyrile|mrav-aghdgoma-meletios|mrav-basili-2|mrav-bzoba-meletios|mrav-exaltation-cross|mrav-kharbeba-2|mrav-lazare|mrav-martyrs-chrysostom-2|mrav-nails-inventio|mrav-shoba-athanasi|mrav-timote-1|mrav-toma-chrysostom|proclus-hom-theotokos	RARE
რასა	რასა	33	17	31.5	inventio-stephani-lucian|mart-iaqob-up-dzma|mrav-aghdgoma-kyrile|mrav-antipater-bostrensis-1|mrav-bzoba-iohannes|mrav-bzoba-meletios|mrav-bzoba-severian|mrav-chrysostom-jonah|mrav-departed-ephrem|mrav-enkenia-1|mrav-enkenia-2|mrav-feristsvaleba|mrav-john-baptist-decollatio-2|mrav-lazare|mrav-shoba-athanasi|mrav-sinai-fathers-amonios|mrav-timote-1	RARE
ესაია	ესაია	30	16	29.6	hesych-hypapante-01|mart-iaqob-up-dzma|mart-stepane|mrav-aghdgoma-kyrile|mrav-antipater-bostrensis-1|mrav-bzoba-iohannes|mrav-cross-vision|mrav-departed-ephrem|mrav-dormition-1|mrav-dormition-2|mrav-enkenia-2|mrav-kharbeba-1|mrav-kharbeba-3|mrav-shoba-athanasi|mrav-sinai-fathers-amonios|mrav-timote-1	RARE
სიტყჳთა	სიტყვთა	29	17	31.5	cyril-epiphany-homily|hesych-hypapante-01|mrav-aghdgoma-meletios|mrav-basili-2|mrav-bzoba-iohannes|mrav-bzoba-severian|mrav-chrysostom-jonah|mrav-cross-vision|mrav-enkenia-1|mrav-feristsvaleba|mrav-forty-martyrs|mrav-john-baptist-decollatio|mrav-john-baptist-decollatio-2|mrav-kharbeba-1|mrav-sinai-fathers-amonios|mrav-sulthmofenoba-2|mrav-toma-chrysostom	RARE
ჩუენთჳს	ჩუენთვს	28	16	29.6	chrys-epiphany-homily|hesych-hypapante-01|inventio-stephani-lucian|mrav-bound-ioane-zosime|mrav-bzoba-iohannes|mrav-enkenia-1|mrav-epiphane-mary|mrav-kharbeba-1|mrav-kharbeba-2|mrav-kharbeba-3|mrav-natlisgeba-1|mrav-shoba-athanasi|mrav-sinai-fathers-amonios|mrav-sulthmofenoba-1|mrav-toma-chrysostom|proclus-hom-theotokos	RARE
ხილვად	ხილვად	24	16	29.6	mrav-aghdgoma-kyrile|mrav-chrysostom-jonah|mrav-enkenia-2|mrav-feristsvaleba|mrav-forty-martyrs|mrav-john-baptist-decollatio|mrav-john-baptist-decollatio-2|mrav-kharbeba-1|mrav-martyrs-chrysostom-2|mrav-natlisgeba-1|mrav-natlisgeba-okropiri|mrav-paul-martyrdom|mrav-shoba-athanasi|mrav-sinai-fathers-amonios|mrav-timote-1|mrav-toma-chrysostom	RARE
ქრისტემან	ქრისტემან	22	16	29.6	mrav-aghdgoma-kyrile|mrav-antipater-bostrensis-1|mrav-bound-ioane-zosime|mrav-bzoba-iohannes|mrav-cross-vision|mrav-enkenia-1|mrav-exaltation-cross|mrav-kharbeba-1|mrav-kharbeba-2|mrav-kharbeba-3|mrav-lazare|mrav-natlisgeba-okropiri|mrav-paul-martyrdom|mrav-shoba-athanasi|mrav-sinai-fathers-amonios|mrav-toma-chrysostom	RARE
რომლისაჲ	რომლისაი	22	17	31.5	mrav-aghdgoma-kyrile|mrav-antipater-bostrensis-1|mrav-chrysostom-jonah|mrav-cross-vision|mrav-dormition-1|mrav-exaltation-cross|mrav-feristsvaleba|mrav-forty-martyrs|mrav-john-baptist-decollatio|mrav-kharbeba-2|mrav-paul-martyrdom|mrav-peter-martyrdom|mrav-shoba-athanasi|mrav-sinai-fathers-amonios|mrav-timote-1|mrav-toma-chrysostom|proclus-hom-theotokos	RARE
საქმენი	საქმენი	21	16	29.6	chrys-epiphany-homily|cyril-epiphany-homily|mrav-bzoba-iohannes|mrav-bzoba-severian|mrav-chrysostom-jonah|mrav-cross-vision|mrav-enkenia-1|mrav-enkenia-2|mrav-exaltation-cross|mrav-feristsvaleba|mrav-forty-martyrs|mrav-martyrs-chrysostom|mrav-natlisgeba-okropiri|mrav-shoba-athanasi|mrav-sinai-fathers-amonios|mrav-sulthmofenoba-1	RARE
ყოველთაჲ	ყოველთაი	19	16	29.6	hesych-hypapante-01|inventio-stephani-lucian|mrav-aghdgoma-kyrile|mrav-colophon-makari|mrav-cross-vision|mrav-dormition-2|mrav-feristsvaleba|mrav-forty-martyrs|mrav-kharbeba-2|mrav-kharbeba-3|mrav-lazare|mrav-new-sunday|mrav-paul-martyrdom|mrav-sulthmofenoba-1|mrav-timote-1|mrav-toma-chrysostom	RARE
იესუჲსნი	იესუისნი	2	1	1.9	mrav-aghdgoma-kyrile	RARE
გესმოდა	გესმოდა	2	2	3.7	hesych-hypapante-01|mrav-aghdgoma-kyrile	RARE
მწუხარებით	მწუხარებით	2	2	3.7	chrys-epiphany-homily|mrav-aghdgoma-kyrile	RARE
გალობითა	გალობითა	2	2	3.7	mrav-aghdgoma-kyrile|mrav-bzoba-iohannes	RARE
სასურველსა	სასურველსა	2	2	3.7	mrav-aghdgoma-kyrile|mrav-timote-1	RARE
შეურაცხებით	შეურაცხებით	2	2	3.7	mrav-aghdgoma-kyrile|mrav-bzoba-severian	RARE
მოგუასწავა	მოგუასწავა	2	2	3.7	mrav-aghdgoma-kyrile|mrav-kharbeba-2	RARE
ვისწაოთ	ვისწაოთ	2	2	3.7	mrav-aghdgoma-kyrile|mrav-feristsvaleba	RARE
ზამთრისა	ზამთრისა	2	1	1.9	mrav-aghdgoma-kyrile	RARE
წარუდგინნა	წარუდგინნა	2	2	3.7	mrav-aghdgoma-kyrile|mrav-bzoba-severian	RARE
სიცრუვისა	სიცრუვისა	2	2	3.7	mrav-aghdgoma-kyrile|mrav-bzoba-severian	RARE
დაიძინა	დაიძინა	2	2	3.7	mart-stepane|mrav-aghdgoma-kyrile	RARE
გჳსწავიეს	გვსწავიეს	2	2	3.7	mrav-aghdgoma-kyrile|mrav-antipater-bostrensis-1	RARE
მეათრვამეტესა	მეათრვამეტესა	2	2	3.7	mrav-aghdgoma-kyrile|mrav-sinai-fathers-amonios	RARE
ჭირისათჳს	ჭირისათვს	2	2	3.7	mrav-aghdgoma-kyrile|mrav-lazare	RARE
აღვდგე	აღვდგე	2	2	3.7	mrav-aghdgoma-kyrile|mrav-paul-martyrdom	RARE
ოვედ	მოვედ	2	2	3.7	mrav-aghdgoma-kyrile|mrav-enkenia-1	RARE
მეათხუთმეტესა	მეათხუთმეტესა	2	2	3.7	inventio-stephani-lucian|mrav-aghdgoma-kyrile	RARE
შევკრიბო	შევკრიბო	2	1	1.9	mrav-aghdgoma-kyrile	RARE
კრებულები	კრებულები	2	1	1.9	mrav-aghdgoma-kyrile	RARE
შევიძრა	შევიძრა	2	2	3.7	mrav-aghdgoma-kyrile|mrav-cross-vision	RARE
დაუტეო	დაუტეო	2	1	1.9	mrav-aghdgoma-kyrile	RARE
აღმომიყვანე	აღმომიყვანე	2	2	3.7	mrav-aghdgoma-kyrile|mrav-toma-chrysostom	RARE
მიჴსენ	მიხსენ	2	2	3.7	mrav-aghdgoma-kyrile|mrav-lazare	RARE
შთავლენან	შთავლენან	2	2	3.7	mrav-aghdgoma-kyrile|mrav-natlisgeba-okropiri	RARE
უწყებად	უწყებად	2	2	3.7	mrav-aghdgoma-kyrile|mrav-sinai-fathers-amonios	RARE
ჯუარსაცუეს	ჯუარსაცუეს	2	2	3.7	mrav-aghdgoma-kyrile|mrav-sulthmofenoba-1	RARE
აღშჱნებულ	აღშენებულ	2	2	3.7	mrav-aghdgoma-kyrile|mrav-feristsvaleba	RARE
აღვდგეო	აღვდგეო	2	2	3.7	mrav-aghdgoma-kyrile|mrav-toma-chrysostom	RARE
ბრძანე	ბრძანე	2	2	3.7	inventio-stephani-lucian|mrav-aghdgoma-kyrile	RARE
დაკრძალვად	დაკრძალვად	2	2	3.7	mrav-aghdgoma-kyrile|mrav-basili-1	RARE
განემზადე	განემზადე	2	1	1.9	mrav-aghdgoma-kyrile	RARE
ენათაჲ	ენათაი	2	2	3.7	mrav-aghdgoma-kyrile|mrav-enkenia-1	RARE
ცი	ცი	2	2	3.7	mrav-aghdgoma-kyrile|mrav-antipater-bostrensis-1	RARE
ჩემისაო	ჩემისაო	2	2	3.7	mart-stepane|mrav-aghdgoma-kyrile	RARE
შენდამი	შენდამი	2	2	3.7	mrav-aghdgoma-kyrile|mrav-dormition-2	RARE
ვნებისაჲ	ვნებისაი	2	2	3.7	mrav-aghdgoma-kyrile|mrav-antipater-bostrensis-1	RARE
სევე	ესევე	2	2	3.7	mrav-aghdgoma-kyrile|mrav-feristsvaleba	RARE
ვქმნეთ	ვქმნეთ	2	2	3.7	mrav-aghdgoma-kyrile|mrav-feristsvaleba	RARE
გამოვარდა	გამოვარდა	2	2	3.7	mrav-aghdgoma-kyrile|mrav-john-baptist-decollatio-2	RARE
ეკლითა	ეკლითა	2	2	3.7	mrav-aghdgoma-kyrile|proclus-hom-theotokos	RARE
ვჭამე	ვჭამე	2	1	1.9	mrav-aghdgoma-kyrile	RARE
აღრაჲდგა	აღრაიდგა	2	1	1.9	mrav-aghdgoma-kyrile	RARE
შემახეთ	შემახეთ	2	2	3.7	mrav-aghdgoma-kyrile|mrav-toma-chrysostom	RARE
მიუპყრეს	მიუპყრეს	2	2	3.7	mrav-aghdgoma-kyrile|mrav-lazare	RARE
აღდგომილსა	აღდგომილსა	2	2	3.7	hesych-hypapante-01|mrav-aghdgoma-kyrile	RARE
ცრემლნი	ცრემლნი	2	2	3.7	mrav-aghdgoma-kyrile|mrav-forty-martyrs	RARE
ოვიდა	მოვიდა	2	2	3.7	mrav-aghdgoma-kyrile|mrav-sulthmofenoba-1	RARE
აღიღეს	აღიღეს	2	2	3.7	mrav-aghdgoma-kyrile|mrav-sinai-fathers-amonios	RARE
ეძიებთ	ეძიებთ	2	2	3.7	mrav-aghdgoma-kyrile|mrav-shoba-athanasi	RARE
აღმოიყვანნა	აღმოიყვანნა	2	2	3.7	mrav-aghdgoma-kyrile|mrav-bzoba-iohannes	RARE
ეცნობა	ეცნობა	2	2	3.7	mrav-aghdgoma-kyrile|mrav-bzoba-severian	RARE
ვპოვო	ვპოვო	2	2	3.7	mrav-aghdgoma-kyrile|mrav-cross-vision	RARE
შეურდეს	შეურდეს	2	1	1.9	mrav-aghdgoma-kyrile	RARE
გამოცდილებითა	გამოცდილებითა	2	2	3.7	mrav-aghdgoma-kyrile|mrav-forty-martyrs	RARE
ელვის	ელვის	2	2	3.7	mrav-aghdgoma-kyrile|mrav-kharbeba-2	RARE
თჳთმხილველ	თვთმხილველ	2	2	3.7	mrav-aghdgoma-kyrile|mrav-feristsvaleba	RARE
მეძინა	მეძინა	2	2	3.7	inventio-stephani-lucian|mrav-aghdgoma-kyrile	RARE
ვეცხლისათჳს	ვეცხლისათვს	2	1	1.9	mrav-aghdgoma-kyrile	RARE
არწმუნოთ	არწმუნოთ	2	1	1.9	mrav-aghdgoma-kyrile	RARE
დამალეს	დამალეს	2	1	1.9	mrav-aghdgoma-kyrile	RARE
განერნეს	განერნეს	2	2	3.7	ephr-markhva|mrav-aghdgoma-kyrile	RARE
ოსე	ოსე	2	2	3.7	mrav-aghdgoma-kyrile|mrav-dormition-1	RARE
აღვდგეთ	აღვდგეთ	2	2	3.7	mrav-aghdgoma-kyrile|mrav-epiphane-mary	RARE
გებად	გებად	2	2	3.7	mrav-aghdgoma-kyrile|mrav-basili-1	RARE
ელიაჲსსა	ელიაისსა	2	2	3.7	mrav-aghdgoma-kyrile|mrav-lazare	RARE
შეიწყნარებთ	შეიწყნარებთ	2	1	1.9	mrav-aghdgoma-kyrile	RARE
განაგდებთ	განაგდებთ	2	1	1.9	mrav-aghdgoma-kyrile	RARE
მოციქულნიცა	მოციქულნიცა	2	2	3.7	mrav-aghdgoma-kyrile|mrav-sulthmofenoba-1	RARE
ელისე	ელისე	2	1	1.9	mrav-aghdgoma-kyrile	RARE
ვადიდებთ	ვადიდებთ	2	2	3.7	mrav-aghdgoma-kyrile|mrav-toma-chrysostom	RARE
იონაცა	იონაცა	2	1	1.9	mrav-aghdgoma-kyrile	RARE
მიივლინა	მიივლინა	2	2	3.7	mrav-aghdgoma-kyrile|mrav-lazare	RARE
ნინევედ	ნინევედ	2	2	3.7	mrav-aghdgoma-kyrile|mrav-chrysostom-jonah	RARE
იონას	იონას	2	1	1.9	mrav-aghdgoma-kyrile	RARE
ეძინა	ეძინა	2	2	3.7	mrav-aghdgoma-kyrile|mrav-epiphane-mary	RARE
ეტყჳან	ეტყვან	2	2	3.7	mrav-aghdgoma-kyrile|mrav-feristsvaleba	RARE
აღმიღეთ	აღმიღეთ	2	2	3.7	mrav-aghdgoma-kyrile|mrav-chrysostom-jonah	RARE
შთამაგდეთ	შთამაგდეთ	2	2	3.7	mrav-aghdgoma-kyrile|mrav-chrysostom-jonah	RARE
დასცხრეს	დასცხრეს	2	2	3.7	mrav-aghdgoma-kyrile|mrav-bzoba-iohannes	RARE
შთაენთქნეს	შთაენთქნეს	2	1	1.9	mrav-aghdgoma-kyrile	RARE
ჯოჯოხეთისათა	ჯოჯოხეთისათა	2	2	3.7	mrav-aghdgoma-kyrile|mrav-lazare	RARE
ორივე	ორივე	2	2	3.7	mrav-aghdgoma-kyrile|proclus-hom-theotokos	RARE
განჰკრთა	განჰკრთა	2	2	3.7	mrav-aghdgoma-kyrile|mrav-epiphane-mary	RARE
შთასლვად	შთასლვად	2	1	1.9	mrav-aghdgoma-kyrile	RARE
აბრაჰამ	აბრაჰამ	2	2	3.7	mrav-aghdgoma-kyrile|mrav-timote-1	RARE
ისაკ	ისაკ	2	2	3.7	mrav-aghdgoma-kyrile|mrav-enkenia-2	RARE
ხარა	ხარა	2	2	3.7	mrav-aghdgoma-kyrile|mrav-paul-martyrdom	RARE
ჯოჯოხეთისასა	ჯოჯოხეთისასა	2	2	3.7	ephr-markhva|mrav-aghdgoma-kyrile	RARE
მთათასა	მთათასა	2	2	3.7	mrav-aghdgoma-kyrile|mrav-chrysostom-jonah	RARE
მისცნა	მისცნა	2	2	3.7	mrav-aghdgoma-kyrile|mrav-martyrs-chrysostom	RARE
ისმინეს	ისმინეს	2	2	3.7	mrav-aghdgoma-kyrile|mrav-sulthmofenoba-1	RARE
თესლისაგან	თესლისაგან	2	2	3.7	mrav-aghdgoma-kyrile|mrav-epiphane-mary	RARE
აღადგინაო	აღადგინაო	2	2	3.7	mrav-aghdgoma-kyrile|mrav-lazare	RARE
მოწმისაჲ	მოწმისაი	2	2	3.7	mrav-aghdgoma-kyrile|mrav-john-baptist-decollatio	RARE
წამებისა	წამებისა	2	2	3.7	mrav-aghdgoma-kyrile|mrav-new-sunday	RARE
მთოვარისაჲ	მთოვარისაი	2	2	3.7	mrav-aghdgoma-kyrile|mrav-new-sunday	RARE
დაუდგეს	დაუდგეს	2	2	3.7	mrav-aghdgoma-kyrile|mrav-sinai-fathers-amonios	RARE
წამეს	წამეს	2	1	1.9	mrav-aghdgoma-kyrile	RARE
სახენი	სახენი	2	2	3.7	mrav-aghdgoma-kyrile|mrav-kharbeba-3	RARE
ცოდვათასა	ცოდვათასა	2	2	3.7	cyril-epiphany-homily|mrav-aghdgoma-kyrile	RARE
მოყუარებისა	მოყუარებისა	2	2	3.7	mrav-aghdgoma-kyrile|mrav-chrysostom-jonah	RARE
აღადგინებს	აღადგინებს	2	2	3.7	mrav-aghdgoma-kyrile|mrav-lazare	RARE
აღდგომისანი	აღდგომისანი	2	2	3.7	mrav-aghdgoma-kyrile|mrav-amaghleba	RARE
ვდგათ	ვდგათ	2	2	3.7	mrav-aghdgoma-kyrile|mrav-kharbeba-2	RARE
გარდამოვიდოდეს	გარდამოვიდოდეს	2	2	3.7	mrav-aghdgoma-kyrile|mrav-martyrs-chrysostom-2	RARE
ბრძანებად	ბრძანებად	2	2	3.7	mrav-aghdgoma-kyrile|mrav-john-baptist-decollatio	RARE
აღმაღლებისა	აღმაღლებისა	2	1	1.9	mrav-aghdgoma-kyrile	RARE
მოღუაწებითა	მოღუაწებითა	2	2	3.7	mrav-aghdgoma-kyrile|mrav-bound-ioane-zosime	RARE
ყოველთათჳს	ყოველთათვს	2	2	3.7	mrav-aghdgoma-kyrile|mrav-nails-inventio	RARE
თქუმულთაჲ	თქუმულთაი	2	2	3.7	mrav-aghdgoma-kyrile|mrav-sulthmofenoba-2	RARE
ანგელოზთანი	ანგელოზთანი	2	2	3.7	ephr-markhva|mrav-aghdgoma-kyrile	RARE
განეხუნენ	განეხუნენ	2	2	3.7	mrav-aghdgoma-kyrile|mrav-basili-1	RARE
მიიცვალა	მიიცვალა	2	1	1.9	mrav-aghdgoma-kyrile	RARE
საკჳრველებათაჲ	ჵსაკვრველებათაი	2	2	3.7	mrav-aghdgoma-kyrile|proclus-hom-theotokos	RARE
ცეცხლისაჲთა	ცეცხლისაითა	2	2	3.7	ephr-markhva|mrav-aghdgoma-kyrile	RARE
წარუმართებენ	წარუმართებენ	2	2	3.7	mrav-aghdgoma-kyrile|mrav-bzoba-severian	RARE
მისცემდეს	მისცემდეს	2	2	3.7	mrav-aghdgoma-kyrile|mrav-exaltation-cross	RARE
მოიჴსენო	მოიხსენო	2	2	3.7	mrav-aghdgoma-kyrile|mrav-bzoba-severian	RARE
ცადმდე	ცადმდე	2	2	3.7	mrav-aghdgoma-kyrile|mrav-sinai-fathers-amonios	RARE
ჰქონან	ჰქონან	2	2	3.7	mrav-aghdgoma-kyrile|mrav-shoba-athanasi	RARE
სასუფეველისანი	სასუფეველისანი	2	2	3.7	mrav-aghdgoma-kyrile|mrav-feristsvaleba	RARE
იესუჲსთა	იესუისთა	2	2	3.7	mrav-aghdgoma-kyrile|mrav-lazare	RARE
პატიოსნად	პატიოსნად	2	2	3.7	mrav-aghdgoma-kyrile|mrav-martyrs-chrysostom-2	RARE
ქადაგოს	ქადაგოს	2	2	3.7	mrav-aghdgoma-kyrile|mrav-epiphane-mary	RARE
მოიღოს	მოიღოს	2	2	3.7	mrav-aghdgoma-kyrile|mrav-toma-chrysostom	RARE
გონიერთა	გონიერთა	2	2	3.7	mrav-aghdgoma-kyrile|mrav-nails-inventio	RARE
ჯდომისა	ჯდომისა	2	1	1.9	mrav-aghdgoma-kyrile	RARE
მოსლვადმდე	მოსლვადმდე	2	1	1.9	mrav-aghdgoma-kyrile	RARE
უწესს	უწესს	2	2	3.7	cyril-epiphany-homily|mrav-aghdgoma-kyrile	RARE
მათჱს	მათეს	2	2	3.7	mrav-aghdgoma-kyrile|mrav-basili-1	RARE
ამისავე	ამისავე	2	2	3.7	mrav-aghdgoma-kyrile|mrav-lazare	RARE
მოველით	მოველით	2	2	3.7	mrav-aghdgoma-kyrile|mrav-chrysostom-jonah	RARE
დასხნეს	დასხნეს	2	2	3.7	mrav-aghdgoma-kyrile|mrav-cross-vision	RARE
სხუანიცა	სხუანიცა	2	2	3.7	mrav-aghdgoma-kyrile|mrav-sinai-fathers-amonios	RARE
ცოდვათაჲსა	ცოდვათაისა	2	2	3.7	mrav-aghdgoma-kyrile|mrav-kharbeba-3	RARE
დაწერენ	დაწერენ	2	1	1.9	mrav-aghdgoma-kyrile	RARE
მოელოდეთ	მოელოდეთ	2	2	3.7	mrav-aghdgoma-kyrile|mrav-sulthmofenoba-2	RARE
ჰგონებდე	ჰგონებდე	2	2	3.7	mrav-aghdgoma-kyrile|mrav-enkenia-2	RARE
განიკითხავს	განიკითხავს	2	2	3.7	cyril-epiphany-homily|mrav-aghdgoma-kyrile	RARE
წარდგინებად	წარდგინებად	2	2	3.7	mrav-aghdgoma-kyrile|mrav-enkenia-1	RARE
მომცნა	მომცნა	2	2	3.7	mrav-aghdgoma-kyrile|mrav-sinai-fathers-amonios	RARE
დაცვად	დაცვად	2	2	3.7	mrav-aghdgoma-meletios|mrav-cross-vision	RARE
მივიდენ	მივიდენ	2	1	1.9	mrav-aghdgoma-meletios	RARE
მიუთხრან	მიუთხრან	2	1	1.9	mrav-aghdgoma-meletios	RARE
ეს	ეს	2	2	3.7	mrav-aghdgoma-meletios|mrav-enkenia-2	RARE
დავფაროთ	დავფაროთ	2	1	1.9	mrav-aghdgoma-meletios	RARE
ოქროჲთა	ოქროითა	2	2	3.7	mrav-aghdgoma-meletios|mrav-cross-vision	RARE
იპოვნენ	იპოვნენ	2	2	3.7	mrav-aghdgoma-meletios|mrav-paul-martyrdom	RARE
მაგის	მაგის	2	2	3.7	mart-iaqob-up-dzma|mrav-aghdgoma-meletios	RARE
გცეს	გცეს	2	2	3.7	mrav-aghdgoma-meletios|mrav-cross-vision	RARE
მწუხარებითა	მწუხარებითა	2	2	3.7	mrav-aghdgoma-meletios|mrav-sinai-fathers-amonios	RARE
კურთხევითა	კურთხევითა	2	2	3.7	mrav-aghdgoma-meletios|mrav-martyrs-chrysostom-3	RARE
მისცნეს	მისცნეს	2	2	3.7	mrav-aghdgoma-meletios|mrav-forty-martyrs	RARE
სამარესა	სამარესა	2	2	3.7	mrav-aghdgoma-meletios|mrav-toma-chrysostom	RARE
დაემორჩილნეს	დაემორჩილნეს	2	2	3.7	mrav-aghdgoma-meletios|mrav-bzoba-meletios	RARE
განჴდეს	განხდეს	2	2	3.7	mrav-aghdgoma-meletios|mrav-chrysostom-jonah	RARE
მიეღო	მიეღო	2	2	3.7	mrav-aghdgoma-meletios|mrav-antipater-bostrensis-1	RARE
ჭურჭლისა	ჭურჭლისა	2	1	1.9	mrav-aghdgoma-meletios	RARE
იტყოდაღა	იტყოდაღა	2	2	3.7	mrav-aghdgoma-meletios|mrav-john-baptist-decollatio	RARE
უთხრობდეს	უთხრობდეს	2	1	1.9	mrav-aghdgoma-meletios	RARE
კლეოპაეთნი	კლეოპაეთნი	2	1	1.9	mrav-aghdgoma-meletios	RARE
ჰურიათაჲსა	ჰურიათაისა	2	2	3.7	mrav-aghdgoma-meletios|mrav-lazare	RARE
მოითხოვა	მოითხოვა	2	2	3.7	mrav-aghdgoma-meletios|mrav-antipater-bostrensis-1	RARE
საქმითურთ	საქმითურთ	2	2	3.7	cyril-epiphany-homily|mrav-aghdgoma-meletios	RARE
შობილ	შობილ	2	2	3.7	mrav-aghdgoma-meletios|mrav-kharbeba-2	RARE
მოჰფინა	მოჰფინა	2	2	3.7	mrav-aghdgoma-meletios|mrav-bzoba-severian	RARE
აცილობდეს	აცილობდეს	2	2	3.7	mrav-aghdgoma-meletios|mrav-bzoba-severian	RARE
განცხოველდა	განცხოველდა	2	2	3.7	mrav-aghdgoma-meletios|mrav-new-sunday	RARE
მამისასა	მამისასა	2	2	3.7	mrav-aghdgoma-meletios|mrav-feristsvaleba	RARE
აღჴდეს	აღხდეს	2	2	3.7	mart-iaqob-up-dzma|mrav-amaghleba	RARE
შეიმოსეს	შეიმოსეს	2	2	3.7	mrav-amaghleba|mrav-natlisgeba-okropiri	RARE
ეზიარა	ეზიარა	2	2	3.7	mrav-amaghleba|mrav-natlisgeba-1	RARE
შთავიდოდა	შთავიდოდა	2	2	3.7	mrav-amaghleba|mrav-natlisgeba-okropiri	RARE
ღელვათაგან	ღელვათაგან	2	2	3.7	mrav-amaghleba|proclus-hom-theotokos	RARE
რავდენმეღა	რავდენმეღა	2	2	3.7	mrav-amaghleba|mrav-feristsvaleba	RARE
მათისანი	მათისანი	2	2	3.7	mrav-amaghleba|mrav-enkenia-1	RARE
მძლემან	მძლემან	2	2	3.7	mrav-amaghleba|mrav-martyrs-chrysostom-2	RARE
მაცხოვრისამან	მაცხოვრისამან	2	2	3.7	mrav-antipater-bostrensis-1|proclus-hom-theotokos	RARE
გამოცხადებად	გამოცხადებად	2	2	3.7	inventio-stephani-lucian|mrav-antipater-bostrensis-1	RARE
გამოაჩინა	გამოაჩინა	2	2	3.7	mrav-antipater-bostrensis-1|mrav-john-baptist-decollatio	RARE
ებ	ებ	2	1	1.9	mrav-antipater-bostrensis-1	RARE
ლი	ლი	2	2	3.7	mrav-antipater-bostrensis-1|mrav-kharbeba-1	RARE
ხედვით	ხედვით	2	2	3.7	mrav-antipater-bostrensis-1|mrav-bzoba-iohannes	RARE
ხლდებოდა	ხლდებოდა	2	2	3.7	cyril-epiphany-homily|mrav-antipater-bostrensis-1	RARE
დამკჳდრებად	დამკვდრებად	2	2	3.7	mrav-antipater-bostrensis-1|mrav-natlisgeba-okropiri	RARE
მწუხარებისა	მწუხარებისა	2	2	3.7	mrav-antipater-bostrensis-1|mrav-sinai-fathers-amonios	RARE
დაეფარა	დაეფარა	2	2	3.7	mrav-antipater-bostrensis-1|mrav-kharbeba-3	RARE
შემუსრნა	შემუსრნა	2	2	3.7	mrav-antipater-bostrensis-1|mrav-epiphane-mary	RARE
ჟა	ჟა	2	1	1.9	mrav-antipater-bostrensis-1	RARE
უ	სუ	2	2	3.7	cyril-epiphany-homily|mrav-antipater-bostrensis-1	RARE
ვიპოო	ვიპოო	2	2	3.7	mrav-antipater-bostrensis-1|mrav-toma-chrysostom	RARE
მომმადლე	მომმადლე	2	1	1.9	mrav-antipater-bostrensis-1	RARE
ურწმუნოდ	ურწმუნოდ	2	1	1.9	mrav-antipater-bostrensis-1	RARE
შევსწირავ	შევსწირავ	2	2	3.7	mrav-antipater-bostrensis-1|mrav-dormition-1	RARE
სასოებით	სასოებით	2	2	3.7	hesych-hypapante-01|mrav-antipater-bostrensis-1	RARE
ვიწყო	ვიწყო	2	2	3.7	mrav-antipater-bostrensis-1|mrav-chrysostom-jonah	RARE
სახარებისაგან	სახარებისაგან	2	2	3.7	mrav-antipater-bostrensis-1|mrav-lazare	RARE
მსახურებისანი	მსახურებისანი	2	2	3.7	mrav-antipater-bostrensis-1|mrav-bzoba-iohannes	RARE
ელისაბედ	ელისაბედ	2	2	3.7	mrav-antipater-bostrensis-1|mrav-kharbeba-2	RARE
ვიდოდეს	ვიდოდეს	2	2	3.7	mrav-antipater-bostrensis-1|mrav-feristsvaleba	RARE
სიმართლესა	სიმართლესა	2	2	3.7	mrav-antipater-bostrensis-1|proclus-hom-theotokos	RARE
დაყენებულ	დაყენებულ	2	2	3.7	ephr-markhva|mrav-antipater-bostrensis-1	RARE
ელისაბეთ	ელისაბეთ	2	2	3.7	mrav-antipater-bostrensis-1|mrav-kharbeba-2	RARE
გარდასრულ	გარდასრულ	2	1	1.9	mrav-antipater-bostrensis-1	RARE
იერ	იერ	2	2	3.7	mrav-antipater-bostrensis-1|mrav-exaltation-cross	RARE
სამღდელოჲ	სამღდელოი	2	2	3.7	mrav-antipater-bostrensis-1|mrav-kharbeba-3	RARE
აქებდა	აქებდა	2	2	3.7	mrav-antipater-bostrensis-1|mrav-enkenia-2	RARE
უძლო	უძლო	2	2	3.7	mrav-antipater-bostrensis-1|mrav-sulthmofenoba-2	RARE
რს	რს	2	1	1.9	mrav-antipater-bostrensis-1	RARE
მიუშუა	მიუშუა	2	2	3.7	mrav-antipater-bostrensis-1|mrav-enkenia-1	RARE
მივეახლო	მივეახლო	2	2	3.7	mrav-antipater-bostrensis-1|mrav-timote-1	RARE
მსახურთათჳს	მსახურთათვს	2	2	3.7	mrav-antipater-bostrensis-1|mrav-forty-martyrs	RARE
მოიწევის	მოიწევის	2	2	3.7	mrav-antipater-bostrensis-1|mrav-sulthmofenoba-2	RARE
უწოდი	უწოდი	2	2	3.7	mrav-antipater-bostrensis-1|mrav-kharbeba-3	RARE
გი	გი	2	2	3.7	mrav-antipater-bostrensis-1|mrav-kharbeba-3	RARE
ზაქარიაჲსი	ზაქარიაისი	2	2	3.7	mrav-antipater-bostrensis-1|mrav-bzoba-severian	RARE
ვცნაო	ვცნაო	2	1	1.9	mrav-antipater-bostrensis-1	RARE
თა	თა	2	2	3.7	mrav-antipater-bostrensis-1|proclus-hom-theotokos	RARE
ჟამთაჲ	ჟამთაი	2	2	3.7	mrav-antipater-bostrensis-1|mrav-kharbeba-2	RARE
გაუწყო	გაუწყო	2	2	3.7	mrav-antipater-bostrensis-1|mrav-sinai-fathers-amonios	RARE
გარწმუნო	გარწმუნო	2	2	3.7	mrav-antipater-bostrensis-1|mrav-john-baptist-decollatio	RARE
მრავლად	მრავლად	2	2	3.7	mrav-antipater-bostrensis-1|mrav-exaltation-cross	RARE
ევნო	ევნო	2	2	3.7	mrav-antipater-bostrensis-1|mrav-dormition-2	RARE
გჳნდეს	გვნდეს	2	2	3.7	mrav-antipater-bostrensis-1|mrav-sulthmofenoba-1	RARE
შობ	შობ	2	2	3.7	mrav-antipater-bostrensis-1|mrav-dormition-2	RARE
მოგაქუს	მოგაქუს	2	1	1.9	mrav-antipater-bostrensis-1	RARE
დაჰკჳრდა	დაჰკვრდა	2	2	3.7	mrav-antipater-bostrensis-1|mrav-kharbeba-3	RARE
თქჳან	თქვან	2	2	3.7	mrav-antipater-bostrensis-1|mrav-forty-martyrs	RARE
ცთომისა	ცთომისა	2	2	3.7	mrav-antipater-bostrensis-1|mrav-dormition-2	RARE
მოგიღებიეს	მოგიღებიეს	2	2	3.7	mrav-antipater-bostrensis-1|mrav-forty-martyrs	RARE
ვი	ვი	2	1	1.9	mrav-antipater-bostrensis-1	RARE
ასა	რასა	2	2	3.7	mrav-antipater-bostrensis-1|mrav-lazare	RARE
თ	თ	2	2	3.7	mrav-antipater-bostrensis-1|mrav-kharbeba-1	RARE
მოძღურად	მოძღურად	2	2	3.7	mrav-antipater-bostrensis-1|mrav-john-baptist-decollatio	RARE
დამტკეცილი	დამტკეცილი	2	2	3.7	mrav-antipater-bostrensis-1|mrav-epiphane-mary	RARE
ელისაბეტ	ელისაბეტ	2	1	1.9	mrav-antipater-bostrensis-1	RARE
შობილისათჳს	შობილისათვს	2	2	3.7	mrav-antipater-bostrensis-1|mrav-bzoba-severian	RARE
დედისაჲ	დედისაი	2	2	3.7	mrav-antipater-bostrensis-1|mrav-john-baptist-decollatio	RARE
იოვანჱსთჳს	იოვანესთვს	2	2	3.7	mrav-antipater-bostrensis-1|mrav-john-baptist-decollatio-2	RARE
გამოშჩნდი	გამოშჩნდი	2	2	3.7	mrav-antipater-bostrensis-1|mrav-kharbeba-2	RARE
ჭამოს	ჭამოს	2	2	3.7	mrav-antipater-bostrensis-1|mrav-enkenia-1	RARE
ურწმუნოებისათჳს	ურწმუნოებისათვს	2	2	3.7	mrav-antipater-bostrensis-1|mrav-exaltation-cross	RARE
დაშჯისა	დაშჯისა	2	2	3.7	mrav-antipater-bostrensis-1|mrav-chrysostom-jonah	RARE
მოყუარეთასა	მოყუარეთასა	2	2	3.7	mrav-antipater-bostrensis-1|mrav-bzoba-iohannes	RARE
შემოსილ	შემოსილ	2	2	3.7	mrav-antipater-bostrensis-1|mrav-enkenia-2	RARE
იტყოდე	იტყოდე	2	1	1.9	mrav-antipater-bostrensis-1	RARE
სიბერესა	სიბერესა	2	2	3.7	cyril-epiphany-homily|mrav-antipater-bostrensis-1	RARE
სიძემან	სიძემან	2	2	3.7	cyril-epiphany-homily|mrav-antipater-bostrensis-1	RARE
განჰკურნე	განჰკურნე	2	2	3.7	mrav-antipater-bostrensis-1|mrav-dormition-2	RARE
მწვალებელთაჲ	მწვალებელთაი	2	2	3.7	mrav-basili-1|mrav-epiphane-mary	RARE
ბასილი	ბასილი	2	2	3.7	mrav-basili-1|mrav-basili-2	RARE
დადგომად	დადგომად	2	2	3.7	mrav-basili-1|mrav-basili-2	RARE
განიზრახვიდეს	განიზრახვიდეს	2	2	3.7	mrav-basili-1|mrav-john-baptist-decollatio	RARE
სახლისათჳს	სახლისათვს	2	2	3.7	mrav-basili-1|mrav-lazare	RARE
რომელსაცა	რომელსაცა	2	2	3.7	mrav-basili-1|mrav-enkenia-1	RARE
დაჰკრძალეს	დაჰკრძალეს	2	2	3.7	mrav-basili-1|mrav-john-baptist-decollatio-2	RARE
წარმოჴდა	წარმოხდა	2	2	3.7	mrav-basili-1|mrav-enkenia-1	RARE
შევიდე	შევიდე	2	1	1.9	mrav-basili-1	RARE
შესხმისა	შესხმისა	2	2	3.7	mrav-basili-1|mrav-kharbeba-2	RARE
ბაგეთა	ბაგეთა	2	2	3.7	mrav-basili-1|mrav-epiphane-mary	RARE
თავისაჲ	თავისაი	2	2	3.7	mrav-basili-1|mrav-lazare	RARE
დაირღუეს	დაირღუეს	2	2	3.7	mrav-basili-1|mrav-forty-martyrs	RARE
დასცჳვეს	დასცვვეს	2	2	3.7	mrav-basili-1|mrav-enkenia-1	RARE
აღუდგებოდა	აღუდგებოდა	2	2	3.7	mrav-basili-2|mrav-peter-martyrdom	RARE
მოვიდის	მოვიდის	2	2	3.7	mrav-basili-2|mrav-shoba-athanasi	RARE
სასუფეველისათჳს	სასუფეველისათვს	2	2	3.7	chrys-epiphany-homily|mrav-basili-2	RARE
ცხორებისათჳს	ცხორებისათვს	2	2	3.7	mrav-basili-2|mrav-kharbeba-1	RARE
ჩუეულებისაებრ	ჩუეულებისაებრ	2	2	3.7	mrav-basili-2|mrav-sinai-fathers-amonios	RARE
ჰრქუას	ჰრქუას	2	2	3.7	mrav-basili-2|mrav-lazare	RARE
იცვალე	იცვალე	2	1	1.9	mrav-basili-2	RARE
განძლიერდებოდა	განძლიერდებოდა	2	2	3.7	mrav-basili-2|mrav-chrysostom-jonah	RARE
აღუთქუმიდა	აღუთქუმიდა	2	2	3.7	mrav-basili-2|mrav-forty-martyrs	RARE
მოიდრიკნა	მოიდრიკნა	2	2	3.7	mrav-basili-2|mrav-lazare	RARE
ხადოდა	ხადოდა	2	2	3.7	mrav-basili-2|mrav-natlisgeba-okropiri	RARE
ძლიერებისაჲ	ძლიერებისაი	2	2	3.7	mrav-basili-2|mrav-enkenia-1	RARE
შემინდვე	შემინდვე	2	2	3.7	inventio-stephani-lucian|mrav-basili-2	RARE
დამოკიდებულ	დამოკიდებულ	2	2	3.7	mrav-basili-2|mrav-natlisgeba-1	RARE
მოეგო	მოეგო	2	2	3.7	mrav-basili-2|mrav-shoba-athanasi	RARE
ჰმადლობდა	ჰმადლობდა	2	2	3.7	mrav-basili-2|mrav-sinai-fathers-amonios	RARE
ცოდვილისა	ცოდვილისა	2	2	3.7	mrav-bound-ioane-zosime|mrav-sinai-fathers-amonios	RARE
ხ	ხ	2	2	3.7	mrav-bound-ioane-zosime|mrav-colophon-makari	RARE
შეიწყალე	შეიწყალე	2	2	3.7	mrav-bound-ioane-zosime|mrav-ioane-zosime	RARE
გიორგი	გიორგი	2	2	3.7	mrav-bound-ioane-zosime|mrav-colophon-makari	RARE
წმიდანო	წმიდანო	2	2	3.7	mrav-bound-ioane-zosime|mrav-ioane-zosime	RARE
მორჩილებით	მორჩილებით	2	2	3.7	mrav-bzoba-iohannes|mrav-kharbeba-2	RARE
გურქუა	გურქუა	2	2	3.7	ephr-markhva|mrav-bzoba-iohannes	RARE
მისთასა	მისთასა	2	2	3.7	mrav-bzoba-iohannes|mrav-toma-chrysostom	RARE
ქმნეს	ქმნეს	2	2	3.7	mrav-bzoba-iohannes|mrav-shoba-athanasi	RARE
მისცემენ	მისცემენ	2	2	3.7	mrav-bzoba-iohannes|mrav-forty-martyrs	RARE
მეუფისასა	მეუფისასა	2	2	3.7	mrav-bzoba-iohannes|mrav-dormition-2	RARE
მოქალაქეთა	მოქალაქეთა	2	1	1.9	mrav-bzoba-iohannes	RARE
შეიწყნაროთ	შეიწყნაროთ	2	2	3.7	mrav-bzoba-iohannes|mrav-enkenia-1	RARE
მადლობით	მადლობით	2	2	3.7	mrav-bzoba-iohannes|mrav-lazare	RARE
დავაცადო	დავაცადო	2	2	3.7	mrav-bzoba-iohannes|mrav-shoba-athanasi	RARE
კურთხეული	კურთხეული	2	2	3.7	mrav-bzoba-iohannes|mrav-ioane-zosime	RARE
ათ	ათ	2	2	3.7	inventio-stephani-lucian|mrav-bzoba-iohannes	RARE
გალობს	გალობს	2	1	1.9	mrav-bzoba-iohannes	RARE
გჳთხარ	გვთხარ	2	2	3.7	mart-iaqob-up-dzma|mrav-bzoba-iohannes	RARE
დაჰჴსნდეს	დაჰხსნდეს	2	2	3.7	mrav-bzoba-iohannes|mrav-shoba-athanasi	RARE
გესწაოს	გესწაოს	2	1	1.9	mrav-bzoba-iohannes	RARE
ვგალობდეთ	ვგალობდეთ	2	1	1.9	mrav-bzoba-iohannes	RARE
გამოაბას	გამოაბას	2	2	3.7	mrav-bzoba-iohannes|mrav-bzoba-severian	RARE
კიცუი	კიცუი	2	2	3.7	mrav-bzoba-iohannes|mrav-bzoba-severian	RARE
დაუმორჩილებელ	დაუმორჩილებელ	2	2	3.7	mrav-bzoba-iohannes|mrav-bzoba-severian	RARE
სარწმუნოებად	სარწმუნოებად	2	2	3.7	mrav-bzoba-iohannes|mrav-peter-martyrdom	RARE
ორთაგან	ორთაგან	2	2	3.7	mrav-bzoba-iohannes|mrav-kharbeba-1	RARE
უთხრობენ	უთხრობენ	2	2	3.7	mrav-bzoba-iohannes|mrav-feristsvaleba	RARE
გალობით	გალობით	2	1	1.9	mrav-bzoba-iohannes	RARE
საბაოთ	საბაოთ	2	2	3.7	mrav-bzoba-iohannes|mrav-bzoba-severian	RARE
ვიტყუი	ვიტყუი	2	2	3.7	mrav-bzoba-iohannes|mrav-lazare	RARE
აღიხილენთ	აღიხილენთ	2	1	1.9	mrav-bzoba-iohannes	RARE
დაიმარხეთ	დაიმარხეთ	2	2	3.7	mrav-bzoba-iohannes|mrav-epiphane-mary	RARE
ხედავთა	ჰხედავთა	2	2	3.7	mrav-bzoba-iohannes|mrav-martyrs-chrysostom	RARE
დაეყო	დაეყო	2	2	3.7	mrav-bzoba-iohannes|mrav-sinai-fathers-amonios	RARE
კანას	კანას	2	2	3.7	mrav-bzoba-iohannes|mrav-enkenia-2	RARE
გამოზარდა	გამოზარდა	2	2	3.7	mrav-bzoba-iohannes|mrav-lazare	RARE
განიკურნებოდეს	განიკურნებოდეს	2	2	3.7	mrav-bzoba-iohannes|mrav-natlisgeba-okropiri	RARE
მცირენი	მცირენი	2	1	1.9	mrav-bzoba-iohannes	RARE
შესწირვენ	შესწირვენ	2	2	3.7	mrav-bzoba-iohannes|mrav-forty-martyrs	RARE
უგუნურ	უგუნურ	2	2	3.7	ephr-markhva|mrav-bzoba-iohannes	RARE
მოაქციენთ	მოაქციენთ	2	1	1.9	mrav-bzoba-iohannes	RARE
ისწავეთ	ისწავეთ	2	2	3.7	mrav-bzoba-iohannes|mrav-bzoba-severian	RARE
ჩჩჳლთაგან	ჩჩვლთაგან	2	2	3.7	mrav-bzoba-iohannes|mrav-bzoba-severian	RARE
მშჳდ	მშვდ	2	2	3.7	mrav-bzoba-iohannes|mrav-bzoba-severian	RARE
აყენებთ	აყენებთ	2	2	3.7	mrav-bzoba-iohannes|mrav-paul-martyrdom	RARE
ცანთ	ცანთ	2	2	3.7	cyril-epiphany-homily|mrav-bzoba-iohannes	RARE
მამად	მამად	2	2	3.7	mrav-bzoba-iohannes|mrav-shoba-athanasi	RARE
სმენით	სმენით	2	2	3.7	mrav-bzoba-iohannes|mrav-lazare	RARE
ჰრცხუენის	ჰრცხუენის	2	2	3.7	mrav-bzoba-iohannes|mrav-martyrs-chrysostom-2	RARE
ეშინოდის	ეშინოდის	2	2	3.7	mrav-bzoba-iohannes|mrav-kharbeba-2	RARE
ყრმათაჲ	ყრმათაი	2	1	1.9	mrav-bzoba-iohannes	RARE
მჯდომარესა	მჯდომარესა	2	2	3.7	mrav-bzoba-iohannes|mrav-bzoba-severian	RARE
ჩუენისანი	ჩუენისანი	2	2	3.7	mrav-bzoba-iohannes|mrav-toma-chrysostom	RARE
მეუფისაგან	მეუფისაგან	2	2	3.7	mrav-bzoba-iohannes|mrav-forty-martyrs	RARE
შევსწირავთ	შევსწირავთ	2	2	3.7	mrav-bzoba-iohannes|mrav-lazare	RARE
განუცადებელ	განუცადებელ	2	2	3.7	mrav-bzoba-iohannes|mrav-epiphane-mary	RARE
განკაცებისათჳს	განკაცებისათვს	2	2	3.7	mrav-bzoba-iohannes|mrav-kharbeba-3	RARE
ეკრძალებინ	ეკრძალებინ	2	2	3.7	mrav-bzoba-iohannes|mrav-kharbeba-2	RARE
კურთხეულსა	კურთხეულსა	2	2	3.7	mrav-bzoba-iohannes|mrav-martyrs-chrysostom-2	RARE
განსთქდებოდეს	განსთქდებოდეს	2	2	3.7	mrav-bzoba-iohannes|mrav-enkenia-1	RARE
იდვეს	იდვეს	2	2	3.7	inventio-stephani-lucian|mrav-bzoba-iohannes	RARE
გესმის	გესმის	2	2	3.7	mrav-bzoba-iohannes|mrav-martyrs-chrysostom-2	RARE
გიყოფიეს	გიყოფიეს	2	2	3.7	mrav-bzoba-iohannes|mrav-cross-vision	RARE
სცნათ	სცნათ	2	2	3.7	mrav-bzoba-iohannes|mrav-john-baptist-decollatio	RARE
მოვედი	მოვედი	2	2	3.7	mrav-bzoba-iohannes|mrav-natlisgeba-1	RARE
ჩუენისაგან	ჩუენისაგან	2	2	3.7	ephr-markhva|mrav-bzoba-iohannes	RARE
ჯუარისასა	ჯუარისასა	2	2	3.7	mrav-bzoba-iohannes|mrav-nails-inventio	RARE
დაიკლა	დაიკლა	2	2	3.7	mrav-bzoba-iohannes|mrav-new-sunday	RARE
აღუვაროს	აღუვაროს	2	2	3.7	mrav-bzoba-iohannes|mrav-feristsvaleba	RARE
ჴმობდენ	ხმობდენ	2	1	1.9	mrav-bzoba-meletios	RARE
რომელთაგან	რომელთაგან	2	2	3.7	mrav-bzoba-meletios|mrav-bzoba-severian	RARE
აკურთხევდეს	აკურთხევდეს	2	2	3.7	mrav-bzoba-meletios|mrav-bzoba-severian	RARE
ეხილვა	ეხილვა	2	2	3.7	inventio-stephani-lucian|mrav-bzoba-meletios	RARE
ეშინოდა	ეშინოდა	2	2	3.7	mrav-bzoba-meletios|mrav-paul-martyrdom	RARE
გესმისა	გესმისა	2	2	3.7	mrav-bzoba-meletios|mrav-bzoba-severian	RARE
მესმის	მესმის	2	2	3.7	mrav-bzoba-meletios|mrav-sulthmofenoba-2	RARE
ღმრთისად	ღმრთისად	2	1	1.9	mrav-bzoba-meletios	RARE
აეხილნეს	აეხილნეს	2	2	3.7	mrav-bzoba-meletios|mrav-chrysostom-jonah	RARE
ოხრიდა	ოხრიდა	2	2	3.7	mrav-bzoba-meletios|mrav-sulthmofenoba-2	RARE
ქებისა	ქებისა	2	2	3.7	mrav-bzoba-meletios|mrav-kharbeba-2	RARE
გადიდე	გადიდე	2	2	3.7	mrav-bzoba-meletios|mrav-feristsvaleba	RARE
გადიდო	გადიდო	2	2	3.7	mrav-bzoba-meletios|mrav-feristsvaleba	RARE
შეირცხუინეს	შეირცხუინეს	2	2	3.7	mrav-bzoba-meletios|mrav-bzoba-severian	RARE
ურწმუნოებისაჲ	ურწმუნოებისაი	2	2	3.7	mrav-bzoba-meletios|mrav-shoba-athanasi	RARE
აღვიმსთოთ	აღვიმსთოთ	2	2	3.7	mrav-bzoba-meletios|mrav-new-sunday	RARE
მამით	მამით	2	2	3.7	mrav-bzoba-meletios|mrav-timote-1	RARE
სხჳსათჳს	სხვსათვს	2	2	3.7	chrys-epiphany-homily|mrav-bzoba-severian	RARE
კიცჳთა	კიცვთა	2	1	1.9	mrav-bzoba-severian	RARE
ეტლები	ეტლები	2	1	1.9	mrav-bzoba-severian	RARE
ცხენები	ცხენები	2	1	1.9	mrav-bzoba-severian	RARE
ქადაგებდ	ქადაგებდ	2	1	1.9	mrav-bzoba-severian	RARE
სუფევნ	სუფევნ	2	1	1.9	mrav-bzoba-severian	RARE
ფრთეთა	ფრთეთა	2	2	3.7	mrav-bzoba-severian|mrav-enkenia-2	RARE
შებრკოლდა	შებრკოლდა	2	2	3.7	mrav-bzoba-severian|mrav-lazare	RARE
დასხნა	დასხნა	2	2	3.7	mrav-bzoba-severian|mrav-exaltation-cross	RARE
განპებულ	განპებულ	2	1	1.9	mrav-bzoba-severian	RARE
შესულად	შესულად	2	2	3.7	mrav-bzoba-severian|mrav-natlisgeba-okropiri	RARE
სახარებისასა	სახარებისასა	2	2	3.7	mrav-bzoba-severian|mrav-lazare	RARE
საულ	საულ	2	1	1.9	mrav-bzoba-severian	RARE
სიმართლისასა	სიმართლისასა	2	2	3.7	mrav-bzoba-severian|mrav-enkenia-1	RARE
მოსცის	მოსცის	2	2	3.7	inventio-stephani-lucian|mrav-bzoba-severian	RARE
ზინ	ზინ	2	2	3.7	mrav-bzoba-severian|mrav-sinai-fathers-amonios	RARE
ვალნ	ვალნ	2	2	3.7	mrav-bzoba-severian|mrav-sulthmofenoba-2	RARE
იპოვე	იპოვე	2	2	3.7	mrav-bzoba-severian|mrav-kharbeba-2	RARE
ვიტჳრთით	ვიტვრთით	2	1	1.9	mrav-bzoba-severian	RARE
მოვისწრაფოთ	მოვისწრაფოთ	2	2	3.7	mrav-bzoba-severian|mrav-kharbeba-1	RARE
აჯდა	დაჯდა	2	1	1.9	mrav-bzoba-severian	RARE
სასურველ	სასურველ	2	1	1.9	mrav-bzoba-severian	RARE
მაცხოვნენ	მაცხოვნენ	2	1	1.9	mrav-bzoba-severian	RARE
უმანკოთანი	უმანკოთანი	2	2	3.7	mrav-bzoba-severian|mrav-epiphane-mary	RARE
აქებდეს	აქებდეს	2	1	1.9	mrav-bzoba-severian	RARE
არქუთ	არქუთ	2	2	3.7	mrav-bzoba-severian|mrav-john-baptist-decollatio	RARE
წინაწარმეტყუელისაგან	წინაწარმეტყუელისაგან	2	1	1.9	mrav-bzoba-severian	RARE
შჯულისასა	შჯულისასა	2	2	3.7	mrav-bzoba-severian|mrav-john-baptist-decollatio	RARE
აღახუნა	აღახუნა	2	1	1.9	mrav-bzoba-severian	RARE
უგუნურებით	უგუნურებით	2	2	3.7	mart-stepane|mrav-bzoba-severian	RARE
გუაც	გუაც	2	1	1.9	mrav-bzoba-severian	RARE
წერილისაჲ	წერილისაი	2	2	3.7	mrav-bzoba-severian|mrav-enkenia-2	RARE
ქადაგებულ	ქადაგებულ	2	2	3.7	mrav-bzoba-severian|mrav-epiphane-mary	RARE
ღრუბელმან	ღრუბელმან	2	2	3.7	mrav-bzoba-severian|proclus-hom-theotokos	RARE
დადუმნეს	დადუმნეს	2	2	3.7	chrys-epiphany-homily|mrav-bzoba-severian	RARE
მიეგებვოდეს	მიეგებვოდეს	2	2	3.7	mrav-bzoba-severian|mrav-lazare	RARE
უმეტჱსადრე	უმეტესადრე	2	2	3.7	mrav-bzoba-severian|mrav-sulthmofenoba-2	RARE
გუნებავს	გუნებავს	2	2	3.7	hesych-hypapante-01|mrav-bzoba-severian	RARE
ჰბრძოდა	ჰბრძოდა	2	1	1.9	mrav-bzoba-severian	RARE
შესწამებდა	შესწამებდა	2	2	3.7	mrav-bzoba-severian|mrav-chrysostom-jonah	RARE
იდიდებოდა	იდიდებოდა	2	1	1.9	mrav-bzoba-severian	RARE
ცისა	ცისა	2	2	3.7	mrav-bzoba-severian|mrav-martyrs-chrysostom-2	RARE
ჴორცთამან	ხორცთამან	2	2	3.7	mrav-bzoba-severian|mrav-exaltation-cross	RARE
დააკლე	დააკლე	2	1	1.9	mrav-bzoba-severian	RARE
ვერღა	ვერღა	2	2	3.7	mrav-bzoba-severian|mrav-sulthmofenoba-2	RARE
განმანათლებელ	განმანათლებელ	2	2	3.7	mrav-bzoba-severian|mrav-kharbeba-2	RARE
წინაწარმეტყუელისასა	წინაწარმეტყუელისასა	2	1	1.9	mrav-bzoba-severian	RARE
უმანკოთაგან	უმანკოთაგან	2	1	1.9	mrav-bzoba-severian	RARE
უმანკოჲ	უმანკოი	2	1	1.9	mrav-bzoba-severian	RARE
ძისაგან	ძისაგან	2	2	3.7	mrav-bzoba-severian|mrav-exaltation-cross	RARE
დიდისაჲ	დიდისაი	2	2	3.7	mrav-bzoba-severian|mrav-kharbeba-2	RARE
მეუფისაჲ	მეუფისაი	2	2	3.7	mrav-bzoba-severian|mrav-sinai-fathers-amonios	RARE
ერთობისაჲ	ერთობისაი	2	2	3.7	mrav-bzoba-severian|mrav-enkenia-2	RARE
განაქარვა	განაქარვა	2	2	3.7	mrav-bzoba-severian|proclus-hom-theotokos	RARE
ძჱცა	ძეცა	2	2	3.7	mrav-bzoba-severian|mrav-natlisgeba-1	RARE
აღვასრულოთ	აღვასრულოთ	2	2	3.7	mrav-bzoba-severian|mrav-martyrs-chrysostom-2	RARE
მეგონოს	მეგონოს	2	1	1.9	mrav-bzoba-severian	RARE
თესლითი	თესლითი	2	2	3.7	mrav-bzoba-severian|mrav-kharbeba-2	RARE
ჴორციელობისათჳს	ხორციელობისათვს	2	1	1.9	mrav-bzoba-severian	RARE
მაქუნდა	მაქუნდა	2	2	3.7	inventio-stephani-lucian|mrav-bzoba-severian	RARE
დავდეგ	დავდეგ	2	2	3.7	inventio-stephani-lucian|mrav-bzoba-severian	RARE
შესხმად	შესხმად	2	2	3.7	mart-stepane|mrav-bzoba-severian	RARE
ითხოვენ	ითხოვენ	2	1	1.9	mrav-bzoba-severian	RARE
ჩემგანო	ჩემგანო	2	1	1.9	mrav-bzoba-severian	RARE
სთხოვდა	სთხოვდა	2	2	3.7	mrav-bzoba-severian|mrav-john-baptist-decollatio	RARE
გნებავსა	გნებავსა	2	2	3.7	mrav-bzoba-severian|mrav-toma-chrysostom	RARE
დაგუბადენ	დაგუბადენ	2	1	1.9	mrav-bzoba-severian	RARE
სრჱთცა	ესრეთცა	2	2	3.7	mrav-bzoba-severian|mrav-exaltation-cross	RARE
უცნ	უცნ	2	2	3.7	mrav-bzoba-severian|mrav-sinai-fathers-amonios	RARE
წარავლინნა	წარავლინნა	2	1	1.9	mrav-bzoba-severian	RARE
სცემენ	სცემენ	2	2	3.7	mrav-bzoba-severian|mrav-martyrs-chrysostom	RARE
ხეთაჲ	ხეთაი	2	2	3.7	mrav-bzoba-severian|mrav-lazare	RARE
შევიმოსოთ	შევიმოსოთ	2	2	3.7	mrav-bzoba-severian|mrav-kharbeba-3	RARE
მეოხებითა	მეოხებითა	2	1	1.9	mrav-colophon-makari	RARE
ადგომისა	ადგომისა	2	2	3.7	mrav-colophon-makari|mrav-toma-chrysostom	RARE
მოწამეთაჲთა	მოწამეთაითა	2	2	3.7	mrav-colophon-makari|mrav-martyrs-chrysostom-2	RARE
მოსჱსითა	მოსესითა	2	2	3.7	mrav-colophon-makari|mrav-sinai-fathers-amonios	RARE
მაკარი	მაკარი	2	1	1.9	mrav-colophon-makari	RARE
დედის	დედის	2	2	3.7	mrav-colophon-makari|mrav-enkenia-1	RARE
დაგაჯეროს	დაგაჯეროს	2	2	3.7	mrav-colophon-makari|mrav-epiphane-mary	RARE
მყავ	მყავ	2	2	3.7	mrav-colophon-makari|mrav-cross-vision	RARE
წყლისასა	წყლისასა	2	2	3.7	mrav-cross-vision|mrav-epiphane-mary	RARE
აყენებდა	აყენებდა	2	2	3.7	mrav-cross-vision|mrav-sulthmofenoba-2	RARE
ბრწყინვიდა	ბრწყინვიდა	2	2	3.7	mrav-cross-vision|mrav-sinai-fathers-amonios	RARE
ტაძრისა	ტაძრისა	2	2	3.7	mart-iaqob-up-dzma|mrav-cross-vision	RARE
მისისათა	მისისათა	2	2	3.7	ephr-markhva|mrav-cross-vision	RARE
დაჰჴსნის	დაჰხსნის	2	2	3.7	ephr-markhva|mrav-cross-vision	RARE
ვევედრებით	ვევედრებით	2	1	1.9	mrav-cross-vision	RARE
წარწყმედული	წარწყმედული	2	2	3.7	mrav-cross-vision|mrav-dormition-1	RARE
სახიერებითა	სახიერებითა	2	2	3.7	mrav-cross-vision|mrav-kharbeba-3	RARE
აცხოვნნა	აცხოვნნა	2	2	3.7	hesych-hypapante-01|mrav-cross-vision	RARE
ჰრომისასა	ჰრომისასა	2	1	1.9	mrav-cross-vision	RARE
აღშჱნებად	აღშენებად	2	2	3.7	hesych-hypapante-01|mrav-cross-vision	RARE
სასოჲ	სასოი	2	2	3.7	mrav-cross-vision|mrav-sinai-fathers-amonios	RARE
შრომით	შრომით	2	2	3.7	mrav-cross-vision|mrav-sinai-fathers-amonios	RARE
კაცობისა	კაცობისა	2	2	3.7	mrav-cross-vision|mrav-timote-1	RARE
გამოჩინებად	გამოჩინებად	2	2	3.7	mrav-cross-vision|mrav-natlisgeba-1	RARE
ათას	ათას	2	1	1.9	mrav-cross-vision	RARE
ბნელ	ბნელ	2	2	3.7	mrav-cross-vision|proclus-hom-theotokos	RARE
გინდა	გინდა	2	2	3.7	mrav-cross-vision|mrav-toma-chrysostom	RARE
დედოფლისა	დედოფლისა	2	1	1.9	mrav-cross-vision	RARE
კაცისათჳს	კაცისათვს	2	2	3.7	cyril-epiphany-homily|mrav-cross-vision	RARE
მაცხოვრისაჲ	მაცხოვრისაი	2	2	3.7	mrav-cross-vision|proclus-hom-theotokos	RARE
მეგულების	მეგულების	2	2	3.7	mrav-cross-vision|mrav-shoba-athanasi	RARE
ვისხენ	ვისხენ	2	2	3.7	mrav-cross-vision|mrav-toma-chrysostom	RARE
აღვიზარდენ	აღვიზარდენ	2	2	3.7	mrav-cross-vision|mrav-toma-chrysostom	RARE
იკითხავთ	იკითხავთ	2	2	3.7	mart-stepane|mrav-cross-vision	RARE
ვბრძანო	ვბრძანო	2	1	1.9	mrav-cross-vision	RARE
თქუენთაჲ	თქუენთაი	2	2	3.7	mrav-cross-vision|mrav-martyrs-chrysostom-2	RARE
წიგნები	წიგნები	2	2	3.7	mrav-cross-vision|mrav-paul-martyrdom	RARE
ერთმან	ერთმან	2	2	3.7	mrav-cross-vision|mrav-sinai-fathers-amonios	RARE
მათგანმან	მათგანმან	2	2	3.7	mrav-cross-vision|mrav-sinai-fathers-amonios	RARE
ძელისაჲ	ძელისაი	2	1	1.9	mrav-cross-vision	RARE
ზაქეოს	ზაქეოს	2	2	3.7	mart-stepane|mrav-cross-vision	RARE
მამცნო	მამცნო	2	1	1.9	mrav-cross-vision	RARE
სცემდენ	სცემდენ	2	2	3.7	hesych-hypapante-01|mrav-cross-vision	RARE
ერისათა	ერისათა	2	2	3.7	mrav-cross-vision|mrav-martyrs-chrysostom-3	RARE
საჯეს	საჯეს	2	1	1.9	mrav-cross-vision	RARE
მოაკუდინეს	მოაკუდინეს	2	2	3.7	mrav-cross-vision|mrav-john-baptist-decollatio-2	RARE
სდევნიდა	სდევნიდა	2	2	3.7	mrav-cross-vision|mrav-john-baptist-decollatio-2	RARE
გაქუნდეს	გაქუნდეს	2	2	3.7	cyril-epiphany-homily|mrav-cross-vision	RARE
დაიყენა	დაიყენა	2	2	3.7	mrav-chrysostom-jonah|mrav-cross-vision	RARE
იჴსენებიან	იხსენებიან	2	2	3.7	mrav-cross-vision|mrav-enkenia-1	RARE
აღიარე	აღიარე	2	2	3.7	mrav-cross-vision|mrav-shoba-athanasi	RARE
ჴელმწიფებითა	ხელმწიფებითა	2	2	3.7	mrav-cross-vision|mrav-lazare	RARE
ადგილისაჲ	ადგილისაი	2	2	3.7	mrav-cross-vision|mrav-forty-martyrs	RARE
შჳდ	შვდ	2	2	3.7	mrav-chrysostom-jonah|mrav-cross-vision	RARE
ჯდომაჲ	ჯდომაი	2	2	3.7	mrav-cross-vision|mrav-john-baptist-decollatio	RARE
მეშჳდესა	მეშვდესა	2	2	3.7	mart-stepane|mrav-cross-vision	RARE
ფრინვენ	ფრინვენ	2	1	1.9	mrav-cross-vision	RARE
სრბით	სრბით	2	2	3.7	mrav-cross-vision|mrav-sinai-fathers-amonios	RARE
ცხორებისაჲსა	ცხორებისაისა	2	2	3.7	mrav-cross-vision|mrav-dormition-2	RARE
უფსკრულთაგან	უფსკრულთაგან	2	2	3.7	mrav-cross-vision|mrav-toma-chrysostom	RARE
აღადგინე	აღადგინე	2	2	3.7	mrav-cross-vision|mrav-toma-chrysostom	RARE
სულნელებისაჲ	სულნელებისაი	2	1	1.9	mrav-cross-vision	RARE
აღმოსლვად	აღმოსლვად	2	2	3.7	mrav-cross-vision|mrav-enkenia-2	RARE
აღმოვიდოდა	აღმოვიდოდა	2	2	3.7	mrav-cross-vision|mrav-natlisgeba-okropiri	RARE
გმადლობ	გმადლობ	2	2	3.7	mart-stepane|mrav-cross-vision	RARE
შენისათა	შენისათა	2	2	3.7	mrav-cross-vision|mrav-toma-chrysostom	RARE
ყვენ	ყვენ	2	2	3.7	mrav-cross-vision|mrav-kharbeba-3	RARE
მჴნემან	მხნემან	2	2	3.7	mrav-cross-vision|mrav-forty-martyrs	RARE
გამოაჩინე	გამოაჩინე	2	2	3.7	mrav-cross-vision|mrav-toma-chrysostom	RARE
შეჩუენებულ	შეჩუენებულ	2	2	3.7	inventio-stephani-lucian|mrav-cross-vision	RARE
იუდაჲსი	იუდაისი	2	2	3.7	mrav-cross-vision|mrav-dormition-2	RARE
ჰურიასტანით	ჰურიასტანით	2	2	3.7	mrav-cross-vision|mrav-nails-inventio	RARE
ცემისათჳს	ცემისათვს	2	1	1.9	mrav-departed-ephrem	RARE
ეუფლა	ეუფლა	2	1	1.9	mrav-departed-ephrem	RARE
დააბრკოლნეს	დააბრკოლნეს	2	1	1.9	mrav-departed-ephrem	RARE
ისმენენ	ისმენენ	2	1	1.9	mrav-departed-ephrem	RARE
იგლოვენ	იგლოვენ	2	1	1.9	mrav-departed-ephrem	RARE
წიგნთაჲთა	წიგნთაითა	2	1	1.9	mrav-departed-ephrem	RARE
განცხოველებისათჳს	განცხოველებისათვს	2	1	1.9	mrav-departed-ephrem	RARE
წინაწარმეტყუელთაგანი	წინაწარმეტყუელთაგანი	2	1	1.9	mrav-departed-ephrem	RARE
მოაკლდიან	მოაკლდიან	2	1	1.9	mrav-departed-ephrem	RARE
მიიქციან	მიიქციან	2	1	1.9	mrav-departed-ephrem	RARE
გამოავლინი	გამოავლინი	2	1	1.9	mrav-departed-ephrem	RARE
დაამტკიცნი	დაამტკიცნი	2	1	1.9	mrav-departed-ephrem	RARE
განისუენონ	განისუენონ	2	1	1.9	mrav-departed-ephrem	RARE
აკურთხევდენ	აკურთხევდენ	2	1	1.9	mrav-departed-ephrem	RARE
დაძინებულ	დაძინებულ	2	1	1.9	mrav-departed-ephrem	RARE
ძუალთაჲთა	ძუალთაითა	2	1	1.9	mrav-departed-ephrem	RARE
განისუენე	განისუენე	2	1	1.9	mrav-departed-ephrem	RARE
ასდგე	ასდგე	2	1	1.9	mrav-departed-ephrem	RARE
განირყუნეს	განირყუნეს	2	1	1.9	mrav-departed-ephrem	RARE
განცხოველდენ	განცხოველდენ	2	1	1.9	mrav-departed-ephrem	RARE
განდიდნენ	განდიდნენ	2	1	1.9	mrav-departed-ephrem	RARE
აღმაღლდენ	აღმაღლდენ	2	1	1.9	mrav-departed-ephrem	RARE
ჴორცთაჲსა	ხორცთაისა	2	1	1.9	mrav-departed-ephrem	RARE
თქუენგანნი	თქუენგანნი	2	1	1.9	mrav-departed-ephrem	RARE
დაჰბრკოლდა	დაჰბრკოლდა	2	1	1.9	mrav-departed-ephrem	RARE
მოციქულივე	მოციქულივე	2	1	1.9	mrav-departed-ephrem	RARE
შეისუენეს	შეისუენეს	2	1	1.9	mrav-departed-ephrem	RARE
განცხოველებად	განცხოველებად	2	1	1.9	mrav-departed-ephrem	RARE
იჯმნა	იჯმნა	2	1	1.9	mrav-departed-ephrem	RARE
განჴრწნილისაჲ	განხრწნილისაი	2	1	1.9	mrav-departed-ephrem	RARE
განვკუეთით	განვკუეთით	2	1	1.9	mrav-departed-ephrem	RARE
აღმოვიღით	აღმოვიღით	2	1	1.9	mrav-departed-ephrem	RARE
ყოეელსავე	ყოეელსავე	2	1	1.9	mrav-departed-ephrem	RARE
შეარწყუნა	შეარწყუნა	2	1	1.9	mrav-departed-ephrem	RARE
აღვიხილნეთ	აღვიხილნეთ	2	1	1.9	mrav-departed-ephrem	RARE
ზრახვითა	ზრახვითა	2	1	1.9	mrav-departed-ephrem	RARE
სიცრუვით	სიცრუვით	2	1	1.9	mrav-departed-ephrem	RARE
ნაკლულეეან	ნაკლულეეან	2	1	1.9	mrav-departed-ephrem	RARE
ჩუენთაჲთა	ჩუენთაითა	2	1	1.9	mrav-departed-ephrem	RARE
განშორებისა	განშორებისა	2	1	1.9	mrav-departed-ephrem	RARE
ნუმც	ნუმც	2	1	1.9	mrav-departed-ephrem	RARE
განვამრავლებთ	განვამრავლებთ	2	1	1.9	mrav-departed-ephrem	RARE
ვიცეთ	ვიცეთ	2	1	1.9	mrav-departed-ephrem	RARE
შევიკრძალნეთ	შევიკრძალნეთ	2	1	1.9	mrav-departed-ephrem	RARE
წარგჳქცინა	წარგვქცინა	2	1	1.9	mrav-departed-ephrem	RARE
წარგუტყუენნა	წარგუტყუენნა	2	1	1.9	mrav-departed-ephrem	RARE
მომიყვანნა	მომიყვანნა	2	1	1.9	mrav-departed-ephrem	RARE
ვიცოდეთ	ვიცოდეთ	2	1	1.9	mrav-departed-ephrem	RARE
წარგჳყვანნეს	წარგვყვანნეს	2	1	1.9	mrav-departed-ephrem	RARE
შობისაჲთა	შობისაითა	2	1	1.9	mrav-departed-ephrem	RARE
სიკუდილისაჲთა	სიკუდილისაითა	2	1	1.9	mrav-departed-ephrem	RARE
მივიცვალნეთ	მივიცვალნეთ	2	1	1.9	mrav-departed-ephrem	RARE
მიიცვალებიან	მიიცვალებიან	2	1	1.9	mrav-departed-ephrem	RARE
დაიჴრწნეს	დაიხრწნეს	2	1	1.9	mrav-departed-ephrem	RARE
ნესტჳსაჲთა	ნესტვსაითა	2	1	1.9	mrav-departed-ephrem	RARE
აღემართნენ	აღემართნენ	2	1	1.9	mrav-departed-ephrem	RARE
მიწით	მიწით	2	1	1.9	mrav-departed-ephrem	RARE
მიეახლა	მიეახლა	2	1	1.9	mrav-departed-ephrem	RARE
იყნოსა	იყნოსა	2	1	1.9	mrav-departed-ephrem	RARE
გამოცადა	გამოცადა	2	1	1.9	mrav-departed-ephrem	RARE
გამოიცადოს	გამოიცადოს	2	1	1.9	mrav-departed-ephrem	RARE
სუფევდეს	სუფევდეს	2	1	1.9	mrav-departed-ephrem	RARE
ყოველთაჲვე	ყოველთაივე	2	1	1.9	mrav-departed-ephrem	RARE
დაადგინოს	დაადგინოს	2	1	1.9	mrav-departed-ephrem	RARE
ახაროს	ახაროს	2	1	1.9	mrav-departed-ephrem	RARE
დაწეროს	დაწეროს	2	1	1.9	mrav-departed-ephrem	RARE
დაივიწყების	დაივიწყების	2	1	1.9	mrav-departed-ephrem	RARE
განეწესენ	განეწესენ	2	1	1.9	mrav-departed-ephrem	RARE
შვილითი	შვილითი	2	1	1.9	mrav-departed-ephrem	RARE
მოავლინენ	მოავლინენ	2	1	1.9	mrav-departed-ephrem	RARE
აღასრულენ	აღასრულენ	2	1	1.9	mrav-departed-ephrem	RARE
მკჳდრობაჲ	მკვდრობაი	2	1	1.9	mrav-departed-ephrem	RARE
სასუფესელსა	სასუფესელსა	2	1	1.9	mrav-departed-ephrem	RARE
მისსამ	მისსამ	2	1	1.9	mrav-departed-ephrem	RARE
მოშუერით	მოშუერით	2	1	1.9	mrav-departed-ephrem	RARE
ტიროდეთ	ტიროდეთ	2	1	1.9	mrav-departed-ephrem	RARE
მოგაგენ	მოგაგენ	2	1	1.9	mrav-departed-ephrem	RARE
აყუარელნო	საყუარელნო	2	2	3.7	mrav-dormition-1|mrav-lazare	RARE
ადიდა	ადიდა	2	2	3.7	mrav-dormition-1|mrav-toma-chrysostom	RARE
ქებად	ქებად	2	2	3.7	mrav-dormition-1|proclus-hom-theotokos	RARE
შეუძლებს	შეუძლებს	2	1	1.9	mrav-dormition-1	RARE
მოვიდე	მოვიდე	2	2	3.7	mrav-dormition-1|mrav-paul-martyrdom	RARE
ქრისტჱსო	ქრისტესო	2	1	1.9	mrav-dormition-1	RARE
შჯულისაო	შჯულისაო	2	2	3.7	mrav-dormition-1|mrav-epiphane-mary	RARE
მანანაჲთა	მანანაითა	2	2	3.7	mrav-dormition-1|mrav-epiphane-mary	RARE
სიწმიდისაო	სიწმიდისაო	2	1	1.9	mrav-dormition-1	RARE
ცაო	ცაო	2	1	1.9	mrav-dormition-1	RARE
ღმრთისაო	ღმრთისაო	2	2	3.7	mrav-dormition-1|mrav-lazare	RARE
გქადაგა	გქადაგა	2	1	1.9	mrav-dormition-1	RARE
ბჭედ	ბჭედ	2	2	3.7	mrav-dormition-1|mrav-enkenia-1	RARE
ნათან	ნათან	2	2	3.7	mart-stepane|mrav-dormition-1	RARE
განიხაროს	განიხაროს	2	2	3.7	mart-stepane|mrav-dormition-1	RARE
გცემთ	გცემთ	2	2	3.7	mrav-dormition-1|mrav-dormition-2	RARE
ხესა	ხესა	2	2	3.7	mrav-dormition-1|mrav-dormition-2	RARE
დაცემისაგან	დაცემისაგან	2	2	3.7	mrav-dormition-1|mrav-dormition-2	RARE
მეუფისაო	მეუფისაო	2	2	3.7	mrav-dormition-1|mrav-paul-martyrdom	RARE
ინდა	მინდა	2	2	3.7	mrav-dormition-1|mrav-john-baptist-decollatio	RARE
ქერობინ	ქერობინ	2	2	3.7	mrav-dormition-1|mrav-dormition-2	RARE
იხილვების	იხილვების	2	2	3.7	mrav-dormition-1|mrav-feristsvaleba	RARE
გუასწავებს	გუასწავებს	2	2	3.7	mrav-dormition-1|mrav-feristsvaleba	RARE
განკჳრდებიან	განკვრდებიან	2	1	1.9	mrav-dormition-2	RARE
განკრთომით	განკრთომით	2	2	3.7	mrav-dormition-2|mrav-kharbeba-2	RARE
ცხორებისასა	ცხორებისასა	2	2	3.7	mrav-dormition-2|mrav-kharbeba-3	RARE
ვჰნატრი	ვჰნატრი	2	2	3.7	mrav-dormition-2|mrav-john-baptist-decollatio	RARE
ვადიდებ	ვადიდებ	2	2	3.7	mrav-dormition-2|mrav-toma-chrysostom	RARE
უბიწოო	უბიწოო	2	1	1.9	mrav-dormition-2	RARE
გადიდებენ	გადიდებენ	2	2	3.7	mrav-dormition-2|mrav-kharbeba-1	RARE
იშუებენ	იშუებენ	2	2	3.7	chrys-epiphany-homily|mrav-dormition-2	RARE
მაცხოვრად	მაცხოვრად	2	2	3.7	mrav-dormition-2|mrav-natlisgeba-1	RARE
ვიღეთ	ვიღეთ	2	2	3.7	mrav-dormition-2|mrav-epiphane-mary	RARE
ეშმაკთაჲ	ეშმაკთაი	2	2	3.7	mrav-dormition-2|mrav-nails-inventio	RARE
შეიწუებოდა	შეიწუებოდა	2	2	3.7	mrav-dormition-2|mrav-enkenia-1	RARE
დაშურა	დაშურა	2	2	3.7	mrav-dormition-2|mrav-epiphane-mary	RARE
გიწოდა	გიწოდა	2	1	1.9	mrav-dormition-2	RARE
დააკლდა	დააკლდა	2	2	3.7	mrav-dormition-2|mrav-shoba-athanasi	RARE
მიქეა	მიქეა	2	2	3.7	mrav-dormition-2|mrav-shoba-athanasi	RARE
იუდაჲსთა	იუდაისთა	2	2	3.7	mrav-dormition-2|mrav-shoba-athanasi	RARE
დამწყსოს	დამწყსოს	2	2	3.7	mrav-dormition-2|mrav-shoba-athanasi	RARE
ევას	ევას	2	2	3.7	mrav-dormition-2|mrav-kharbeba-3	RARE
ზღუდისაჲ	ზღუდისაი	2	2	3.7	mrav-dormition-2|mrav-sinai-fathers-amonios	RARE
დაითრგუნა	დაითრგუნა	2	2	3.7	mrav-dormition-2|mrav-toma-chrysostom	RARE
აღმოსცენდა	აღმოსცენდა	2	2	3.7	mrav-dormition-2|mrav-sulthmofenoba-2	RARE
წმიდისანი	წმიდისანი	2	1	1.9	mrav-enkenia-1	RARE
შეიქმნნეს	შეიქმნნეს	2	1	1.9	mrav-enkenia-1	RARE
შეამკვნა	შეამკვნა	2	2	3.7	mart-stepane|mrav-enkenia-1	RARE
დავდუმნე	დავდუმნე	2	2	3.7	mrav-enkenia-1|mrav-natlisgeba-okropiri	RARE
დაეფარნიან	დაეფარნიან	2	1	1.9	mrav-enkenia-1	RARE
ბრწყინვალებითა	ბრწყინვალებითა	2	2	3.7	mrav-enkenia-1|mrav-feristsvaleba	RARE
მზისასა	მზისასა	2	2	3.7	mrav-enkenia-1|mrav-forty-martyrs	RARE
მათისათჳს	მათისათვს	2	2	3.7	mrav-enkenia-1|mrav-paul-martyrdom	RARE
დაჰბრკოლდეს	დაჰბრკოლდეს	2	2	3.7	mrav-enkenia-1|mrav-forty-martyrs	RARE
ფურცლითა	ფურცლითა	2	2	3.7	mrav-enkenia-1|mrav-natlisgeba-1	RARE
დავდევ	დავდევ	2	2	3.7	mrav-enkenia-1|mrav-kharbeba-2	RARE
აღაშჱნოს	აღაშენოს	2	2	3.7	mrav-enkenia-1|mrav-feristsvaleba	RARE
განუყო	განუყო	2	2	3.7	mrav-enkenia-1|mrav-sulthmofenoba-1	RARE
გამოჴსნისა	გამოხსნისა	2	2	3.7	mrav-enkenia-1|proclus-hom-theotokos	RARE
სლვად	სლვად	2	2	3.7	mrav-enkenia-1|mrav-sinai-fathers-amonios	RARE
ჩემთაგანი	ჩემთაგანი	2	1	1.9	mrav-enkenia-1	RARE
შეიმოსის	შეიმოსის	2	2	3.7	mrav-enkenia-1|mrav-sulthmofenoba-2	RARE
წმიდისათა	წმიდისათა	2	1	1.9	mrav-enkenia-1	RARE
შეიწუნეს	შეიწუნეს	2	1	1.9	mrav-enkenia-1	RARE
შეწუვად	შეწუვად	2	1	1.9	mrav-enkenia-1	RARE
მათთაჲ	მათთაი	2	2	3.7	mrav-enkenia-1|mrav-martyrs-chrysostom-2	RARE
მოაქცინეს	მოაქცინეს	2	2	3.7	mart-stepane|mrav-enkenia-1	RARE
შიშუველ	შიშუველ	2	1	1.9	mrav-enkenia-1	RARE
მოსილ	მოსილ	2	1	1.9	mrav-enkenia-1	RARE
მდიდარ	მდიდარ	2	2	3.7	mrav-enkenia-1|mrav-shoba-athanasi	RARE
მოიქცეს	მოიქცეს	2	2	3.7	mrav-enkenia-1|mrav-martyrs-chrysostom-3	RARE
მიგავლინებ	მიგავლინებ	2	1	1.9	mrav-enkenia-1	RARE
ივლტოდიან	ივლტოდიან	2	2	3.7	mrav-enkenia-1|mrav-epiphane-mary	RARE
ბუნებითვე	ბუნებითვე	2	1	1.9	mrav-enkenia-1	RARE
მგელთაჲ	მგელთაი	2	1	1.9	mrav-enkenia-1	RARE
მიეც	მიეც	2	1	1.9	mrav-enkenia-1	RARE
მიგიღებდეს	მიგიღებდეს	2	1	1.9	mrav-enkenia-1	RARE
შიშუელიცა	შიშუელიცა	2	1	1.9	mrav-enkenia-1	RARE
განსთქდიან	განსთქდიან	2	1	1.9	mrav-enkenia-1	RARE
განემზადებოდა	განემზადებოდა	2	2	3.7	mrav-enkenia-1|mrav-forty-martyrs	RARE
ხემან	ხემან	2	2	3.7	cyril-epiphany-homily|mrav-enkenia-1	RARE
ერევიედ	ერევიედ	2	1	1.9	mrav-enkenia-1	RARE
ნერგღა	ნერგღა	2	1	1.9	mrav-enkenia-1	RARE
ვერეოდით	ვერეოდით	2	2	3.7	mrav-enkenia-1|mrav-martyrs-chrysostom-3	RARE
ცის	იცის	2	2	3.7	mrav-enkenia-1|mrav-toma-chrysostom	RARE
იყვნედ	იყვნედ	2	2	3.7	mrav-enkenia-1|proclus-hom-theotokos	RARE
დააყენებდა	დააყენებდა	2	2	3.7	cyril-epiphany-homily|mrav-enkenia-1	RARE
ცისაჲ	ცისაი	2	2	3.7	mrav-enkenia-1|mrav-timote-1	RARE
ანგელოზთაცა	ანგელოზთაცა	2	2	3.7	mrav-enkenia-1|proclus-hom-theotokos	RARE
ჭეშმარიტებით	ჭეშმარიტებით	2	2	3.7	mrav-enkenia-1|mrav-epiphane-mary	RARE
შემოვიღოთ	შემოვიღოთ	2	2	3.7	mrav-enkenia-1|mrav-enkenia-2	RARE
რაჲთ	რაით	2	2	3.7	inventio-stephani-lucian|mrav-enkenia-1	RARE
თქუნა	თქუნა	2	2	3.7	mrav-enkenia-1|mrav-enkenia-2	RARE
შთაჴდეს	შთახდეს	2	2	3.7	mrav-enkenia-1|mrav-natlisgeba-okropiri	RARE
შეუძლეს	შეუძლეს	2	2	3.7	mrav-chrysostom-jonah|mrav-enkenia-1	RARE
ედგნეს	ედგნეს	2	2	3.7	mrav-chrysostom-jonah|mrav-enkenia-1	RARE
უთქუმიდეს	უთქუმიდეს	2	2	3.7	mrav-enkenia-1|mrav-forty-martyrs	RARE
უშჯულოებითა	უშჯულოებითა	2	2	3.7	mrav-enkenia-1|mrav-exaltation-cross	RARE
მათისასა	მათისასა	2	2	3.7	mrav-enkenia-1|mrav-martyrs-chrysostom	RARE
ეროდიაჲსი	ეროდიაისი	2	2	3.7	mrav-enkenia-1|mrav-john-baptist-decollatio	RARE
იწრაფიან	იწრაფიან	2	2	3.7	mrav-enkenia-1|mrav-martyrs-chrysostom-2	RARE
უყოფიეს	უყოფიეს	2	2	3.7	mrav-enkenia-1|mrav-john-baptist-decollatio-2	RARE
თევდოსისი	თევდოსისი	2	1	1.9	mrav-enkenia-1	RARE
გურიტისათჳს	გურიტისათვს	2	1	1.9	mrav-enkenia-2	RARE
სმინეთ	ისმინეთ	2	2	3.7	mrav-enkenia-2|mrav-sulthmofenoba-2	RARE
ემსგავსენით	ემსგავსენით	2	2	3.7	mrav-enkenia-2|mrav-forty-martyrs	RARE
ბუდესა	ბუდესა	2	1	1.9	mrav-enkenia-2	RARE
დაისხნა	დაისხნა	2	1	1.9	mrav-enkenia-2	RARE
განერე	განერე	2	2	3.7	mrav-enkenia-2|mrav-timote-1	RARE
ხედ	ხედ	2	2	3.7	mrav-enkenia-2|mrav-kharbeba-1	RARE
ამსგავსა	ამსგავსა	2	1	1.9	mrav-enkenia-2	RARE
პირადითა	პირადითა	2	1	1.9	mrav-enkenia-2	RARE
აჴსენა	ახსენა	2	1	1.9	mrav-enkenia-2	RARE
ჰამოჲ	ჰამოი	2	2	3.7	mrav-enkenia-2|mrav-sinai-fathers-amonios	RARE
ცით	იცით	2	2	3.7	mrav-enkenia-2|mrav-forty-martyrs	RARE
მოსულად	მოსულად	2	2	3.7	mrav-enkenia-2|proclus-hom-theotokos	RARE
გუაუწყებდა	გუაუწყებდა	2	2	3.7	mrav-enkenia-2|mrav-kharbeba-2	RARE
ვისმინოთ	ვისმინოთ	2	2	3.7	mrav-chrysostom-jonah|mrav-enkenia-2	RARE
მრუმედ	მრუმედ	2	1	1.9	mrav-enkenia-2	RARE
მზემან	მზემან	2	1	1.9	mrav-enkenia-2	RARE
მარიამისაგან	მარიამისაგან	2	2	3.7	mrav-enkenia-2|mrav-kharbeba-3	RARE
აღმოსავალ	აღმოსავალ	2	2	3.7	mrav-enkenia-2|mrav-kharbeba-3	RARE
დაჰჴდეს	დაჰხდეს	2	2	3.7	mrav-enkenia-2|mrav-exaltation-cross	RARE
ცთომილი	ცთომილი	2	1	1.9	mrav-enkenia-2	RARE
ინანენ	ინანენ	2	1	1.9	mrav-enkenia-2	RARE
განიბანენინ	განიბანენინ	2	1	1.9	mrav-enkenia-2	RARE
ეუწყა	ეუწყა	2	2	3.7	mrav-enkenia-2|mrav-timote-1	RARE
ისრისაჲ	ისრისაი	2	1	1.9	mrav-enkenia-2	RARE
მარჯუენემან	მარჯუენემან	2	2	3.7	mrav-chrysostom-jonah|mrav-enkenia-2	RARE
თხოვილ	თხოვილ	2	2	3.7	mrav-enkenia-2|mrav-kharbeba-1	RARE
ესაიას	ესაიას	2	1	1.9	mrav-enkenia-2	RARE
მეტყოდენ	მეტყოდენ	2	1	1.9	mrav-enkenia-2	RARE
იცნას	იცნას	2	2	3.7	mrav-enkenia-2|mrav-shoba-athanasi	RARE
სარკუმლით	სარკუმლით	2	2	3.7	mrav-enkenia-2|mrav-paul-martyrdom	RARE
მოვიდესო	მოვიდესო	2	2	3.7	mrav-enkenia-2|mrav-feristsvaleba	RARE
იხილნის	იხილნის	2	1	1.9	mrav-enkenia-2	RARE
ჰგონებნ	ჰგონებნ	2	2	3.7	mrav-enkenia-2|mrav-martyrs-chrysostom-3	RARE
მითხართ	მითხართ	2	1	1.9	mrav-enkenia-2	RARE
სიწმიდისაჲთა	სიწმიდისაითა	2	2	3.7	mrav-enkenia-2|mrav-exaltation-cross	RARE
იყოფვის	იყოფვის	2	1	1.9	mrav-enkenia-2	RARE
ესაიაჲს	ესაიაის	2	2	3.7	chrys-epiphany-homily|mrav-enkenia-2	RARE
ღაღადებისაჲ	ღაღადებისაი	2	2	3.7	cyril-epiphany-homily|mrav-enkenia-2	RARE
განჰმზადენით	განჰმზადენით	2	2	3.7	cyril-epiphany-homily|mrav-enkenia-2	RARE
შეორგულდა	შეორგულდა	2	2	3.7	mart-stepane|mrav-enkenia-2	RARE
ისმინო	ისმინო	2	2	3.7	mrav-enkenia-2|mrav-natlisgeba-okropiri	RARE
მიართუენ	მიართუენ	2	1	1.9	mrav-enkenia-2	RARE
დამან	დამან	2	2	3.7	mrav-enkenia-2|mrav-lazare	RARE
მოსჱსმან	მოსესმან	2	2	3.7	mrav-enkenia-2|mrav-lazare	RARE
თარგმანებდეს	თარგმანებდეს	2	2	3.7	mrav-enkenia-2|mrav-shoba-athanasi	RARE
ვიდრეცა	ვიდრეცა	2	2	3.7	mrav-exaltation-cross|mrav-sulthmofenoba-2	RARE
მათაცა	მათაცა	2	2	3.7	mrav-exaltation-cross|mrav-sulthmofenoba-2	RARE
ყვიან	ყვიან	2	2	3.7	ephr-markhva|mrav-exaltation-cross	RARE
ამასცა	ამასცა	2	2	3.7	mrav-chrysostom-jonah|mrav-exaltation-cross	RARE
გამოიღის	გამოიღის	2	2	3.7	mrav-exaltation-cross|mrav-sulthmofenoba-2	RARE
საუნჯესა	საუნჯესა	2	1	1.9	mrav-exaltation-cross	RARE
შეახლებად	შეახლებად	2	2	3.7	mrav-exaltation-cross|mrav-natlisgeba-1	RARE
ხეთა	ხეთა	2	2	3.7	mrav-exaltation-cross|mrav-shoba-athanasi	RARE
მომატყუებელ	მომატყუებელ	2	2	3.7	mrav-exaltation-cross|mrav-shoba-athanasi	RARE
ესმინ	ესმინ	2	2	3.7	mrav-exaltation-cross|mrav-sulthmofenoba-2	RARE
უჩნ	უჩნ	2	2	3.7	mrav-chrysostom-jonah|mrav-exaltation-cross	RARE
მცუმელთა	მცუმელთა	2	2	3.7	mrav-exaltation-cross|mrav-martyrs-chrysostom	RARE
წუხდა	წუხდა	2	2	3.7	mrav-exaltation-cross|mrav-sinai-fathers-amonios	RARE
უწოდის	უწოდის	2	2	3.7	mrav-exaltation-cross|mrav-lazare	RARE
მეგობრად	მეგობრად	2	1	1.9	mrav-exaltation-cross	RARE
ცუმისა	ცუმისა	2	2	3.7	cyril-epiphany-homily|mrav-exaltation-cross	RARE
ჰპოვნე	ჰპოვნე	2	2	3.7	inventio-stephani-lucian|mrav-exaltation-cross	RARE
იცემებოდა	იცემებოდა	2	2	3.7	mrav-exaltation-cross|mrav-natlisgeba-1	RARE
ივლტიან	ივლტიან	2	2	3.7	mrav-exaltation-cross|mrav-shoba-athanasi	RARE
საუკუნოდ	საუკუნოდ	2	2	3.7	cyril-epiphany-homily|mrav-exaltation-cross	RARE
გამობრწყინდების	გამობრწყინდების	2	2	3.7	chrys-epiphany-homily|mrav-exaltation-cross	RARE
ურწმუნოებითა	ურწმუნოებითა	2	2	3.7	mrav-exaltation-cross|mrav-timote-1	RARE
მოგუეცა	მოგუეცა	2	2	3.7	chrys-epiphany-homily|mrav-exaltation-cross	RARE
მოყუსისა	მოყუსისა	2	2	3.7	mrav-exaltation-cross|mrav-sulthmofenoba-1	RARE
განმრავლდების	განმრავლდების	2	2	3.7	mrav-exaltation-cross|mrav-timote-1	RARE
იჩინების	იჩინების	2	2	3.7	hesych-hypapante-01|mrav-exaltation-cross	RARE
კადნიერებითა	კადნიერებითა	2	2	3.7	mrav-exaltation-cross|mrav-peter-martyrdom	RARE
გარდააქცინა	გარდააქცინა	2	2	3.7	mrav-exaltation-cross|mrav-kharbeba-2	RARE
სიძვისაჲ	სიძვისაი	2	1	1.9	mrav-exaltation-cross	RARE
უშჯულოებისაჲ	უშჯულოებისაი	2	2	3.7	chrys-epiphany-homily|mrav-exaltation-cross	RARE
აღმოჰფხურა	აღმოჰფხურა	2	2	3.7	mrav-exaltation-cross|mrav-kharbeba-3	RARE
განწმიდნა	განწმიდნა	2	2	3.7	mrav-exaltation-cross|mrav-natlisgeba-okropiri	RARE
განახუნა	განახუნა	2	2	3.7	mrav-exaltation-cross|mrav-toma-chrysostom	RARE
საუნჯენი	საუნჯენი	2	2	3.7	ephr-markhva|mrav-exaltation-cross	RARE
განაძღნა	განაძღნა	2	2	3.7	mrav-epiphane-mary|mrav-exaltation-cross	RARE
განიცადე	განიცადე	2	2	3.7	mrav-exaltation-cross|mrav-toma-chrysostom	RARE
ჰპოვო	ჰპოვო	2	2	3.7	mrav-exaltation-cross|mrav-forty-martyrs	RARE
ჯოჯოხეთისაგან	ჯოჯოხეთისაგან	2	2	3.7	mrav-exaltation-cross|mrav-natlisgeba-1	RARE
განარინა	განარინა	2	2	3.7	mrav-exaltation-cross|mrav-sinai-fathers-amonios	RARE
გარდავაქცინე	გარდავაქცინე	2	2	3.7	mrav-exaltation-cross|mrav-kharbeba-2	RARE
ურვად	ურვად	2	2	3.7	mrav-exaltation-cross|mrav-lazare	RARE
მოსლვითგან	მოსლვითგან	2	2	3.7	mrav-exaltation-cross|mrav-ioane-zosime	RARE
მოეღო	მოეღო	2	2	3.7	inventio-stephani-lucian|mrav-exaltation-cross	RARE
ღმრთისაჲსა	ღმრთისაისა	2	2	3.7	ephr-markhva|mrav-exaltation-cross	RARE
დიდებისათჳს	დიდებისათვს	2	2	3.7	mrav-exaltation-cross|mrav-forty-martyrs	RARE
ცოდვათათჳს	ცოდვათათვს	2	1	1.9	mrav-exaltation-cross	RARE
ყოვლისავე	ყოვლისავე	2	2	3.7	mrav-exaltation-cross|mrav-timote-1	RARE
ისმინოს	ისმინოს	2	2	3.7	mrav-exaltation-cross|mrav-sulthmofenoba-1	RARE
გუაქუნდეს	გუაქუნდეს	2	2	3.7	mrav-exaltation-cross|mrav-kharbeba-2	RARE
საწუთროჲ	საწუთროი	2	2	3.7	mrav-feristsvaleba|mrav-forty-martyrs	RARE
განმტკიცნების	განმტკიცნების	2	2	3.7	mrav-feristsvaleba|mrav-timote-1	RARE
ვდღესასწაულობთ	ვდღესასწაულობთ	2	1	1.9	mrav-feristsvaleba	RARE
მიუთხრობთ	მიუთხრობთ	2	2	3.7	mrav-feristsvaleba|mrav-sulthmofenoba-2	RARE
აღგიდგინოს	აღგიდგინოს	2	1	1.9	mrav-feristsvaleba	RARE
ძმათაგან	ძმათაგან	2	2	3.7	mrav-feristsvaleba|mrav-sinai-fathers-amonios	RARE
დაამტკიცებს	დაამტკიცებს	2	1	1.9	mrav-feristsvaleba	RARE
უწამებს	უწამებს	2	2	3.7	cyril-epiphany-homily|mrav-feristsvaleba	RARE
მიუწუდომელი	მიუწუდომელი	2	1	1.9	mrav-feristsvaleba	RARE
თანანი	თანანი	2	2	3.7	mart-stepane|mrav-feristsvaleba	RARE
შედგმად	შედგმად	2	1	1.9	mrav-feristsvaleba	RARE
წარიყვანნა	წარიყვანნა	2	1	1.9	mrav-feristsvaleba	RARE
თხრობითა	თხრობითა	2	2	3.7	mrav-feristsvaleba|mrav-john-baptist-decollatio	RARE
მოწაფეთაჲ	მოწაფეთაი	2	2	3.7	mrav-feristsvaleba|mrav-forty-martyrs	RARE
სხუათასა	სხუათასა	2	1	1.9	mrav-feristsvaleba	RARE
აღვიდოდა	აღვიდოდა	2	2	3.7	mrav-feristsvaleba|mrav-holymonday	RARE
სიკუდიდმდე	სიკუდიდმდე	2	1	1.9	mrav-feristsvaleba	RARE
სამებისაჲ	სამებისაი	2	2	3.7	mrav-feristsvaleba|mrav-sulthmofenoba-1	RARE
უყუარდეს	უყუარდეს	2	2	3.7	mrav-feristsvaleba|mrav-paul-martyrdom	RARE
ქუესკნელთაჲ	ქუესკნელთაი	2	2	3.7	mrav-feristsvaleba|mrav-kharbeba-2	RARE
შოვამდგომელ	შოვამდგომელ	2	2	3.7	hesych-hypapante-01|mrav-feristsvaleba	RARE
შეწყნარებულ	შეწყნარებულ	2	2	3.7	mrav-feristsvaleba|mrav-forty-martyrs	RARE
განახლებული	განახლებული	2	2	3.7	cyril-epiphany-homily|mrav-feristsvaleba	RARE
თაბორსა	თაბორსა	2	1	1.9	mrav-feristsvaleba	RARE
მოსჱსსა	მოსესსა	2	1	1.9	mrav-feristsvaleba	RARE
უხილავისაჲ	უხილავისაი	2	2	3.7	mrav-feristsvaleba|mrav-kharbeba-3	RARE
მოციქულთაჲ	მოციქულთაი	2	2	3.7	mrav-feristsvaleba|mrav-kharbeba-2	RARE
ეუწყების	ეუწყების	2	2	3.7	mrav-feristsvaleba|mrav-kharbeba-2	RARE
განკაცებითა	განკაცებითა	2	2	3.7	mrav-feristsvaleba|mrav-shoba-athanasi	RARE
ეკლესიაჲსასა	ეკლესიაისასა	2	2	3.7	mrav-feristsvaleba|mrav-lazare	RARE
ბეთელ	ბეთელ	2	1	1.9	mrav-feristsvaleba	RARE
მოასწავებს	მოასწავებს	2	2	3.7	mrav-feristsvaleba|mrav-kharbeba-1	RARE
შევლენან	შევლენან	2	2	3.7	mrav-feristsvaleba|mrav-martyrs-chrysostom-2	RARE
ომლისათჳსცა	რომლისათვსცა	2	2	3.7	mrav-feristsvaleba|mrav-kharbeba-1	RARE
დამყარებულ	დამყარებულ	2	1	1.9	mrav-feristsvaleba	RARE
ორგულებით	ორგულებით	2	2	3.7	mrav-feristsvaleba|mrav-kharbeba-2	RARE
ისმინენ	ისმინენ	2	2	3.7	cyril-epiphany-homily|mrav-feristsvaleba	RARE
მეცნიერებისა	მეცნიერებისა	2	2	3.7	mrav-feristsvaleba|mrav-kharbeba-2	RARE
გაუწყეთ	გაუწყეთ	2	2	3.7	mrav-feristsvaleba|mrav-toma-chrysostom	RARE
წარუპყრა	წარუპყრა	2	2	3.7	mrav-feristsvaleba|mrav-paul-martyrdom	RARE
აღმოივსო	აღმოივსო	2	2	3.7	mrav-chrysostom-jonah|mrav-feristsvaleba	RARE
ძისასა	ძისასა	2	1	1.9	mrav-feristsvaleba	RARE
არწმუნა	არწმუნა	2	2	3.7	mrav-feristsvaleba|mrav-sulthmofenoba-1	RARE
შეიყუარეს	შეიყუარეს	2	2	3.7	mrav-feristsvaleba|mrav-forty-martyrs	RARE
მოკუედინ	მოკუედინ	2	2	3.7	mart-stepane|mrav-feristsvaleba	RARE
სიტყჳსასა	სიტყვსასა	2	2	3.7	mrav-feristsvaleba|mrav-shoba-athanasi	RARE
ამცნებდა	ამცნებდა	2	2	3.7	mrav-feristsvaleba|mrav-sinai-fathers-amonios	RARE
სცემდით	სცემდით	2	2	3.7	mrav-epiphane-mary|mrav-feristsvaleba	RARE
მისწუდეს	მისწუდეს	2	2	3.7	mrav-feristsvaleba|mrav-forty-martyrs	RARE
შვილნო	შვილნო	2	2	3.7	cyril-epiphany-homily|mrav-feristsvaleba	RARE
ვერჩდეთ	ვერჩდეთ	2	2	3.7	mrav-feristsvaleba|mrav-sulthmofenoba-2	RARE
განუყოფელად	განუყოფელად	2	2	3.7	mrav-forty-martyrs|mrav-kharbeba-2	RARE
წარმოვიხუნეთ	წარმოვიხუნეთ	2	1	1.9	mrav-forty-martyrs	RARE
სახეთა	სახეთა	2	2	3.7	mrav-forty-martyrs|mrav-natlisgeba-okropiri	RARE
იდებს	იდებს	2	2	3.7	mrav-forty-martyrs|mrav-shoba-athanasi	RARE
სულიერთაჲ	სულიერთაი	2	2	3.7	ephr-markhva|mrav-forty-martyrs	RARE
ერთობისა	ერთობისა	2	2	3.7	mrav-forty-martyrs|proclus-hom-theotokos	RARE
ჴორცთაჲთა	ხორცთაითა	2	2	3.7	ephr-markhva|mrav-forty-martyrs	RARE
გულისაჲთა	გულისაითა	2	2	3.7	mrav-forty-martyrs|mrav-timote-1	RARE
ურმის	ურმის	2	1	1.9	mrav-forty-martyrs	RARE
დაემორჩილებოდეს	დაემორჩილებოდეს	2	1	1.9	mrav-forty-martyrs	RARE
შეშინდეს	შეშინდეს	2	2	3.7	mart-iaqob-up-dzma|mrav-forty-martyrs	RARE
დაითმინეს	დაითმინეს	2	1	1.9	mrav-forty-martyrs	RARE
განეშოვრნეს	განეშოვრნეს	2	2	3.7	hesych-hypapante-01|mrav-forty-martyrs	RARE
წარმოდგეს	წარმოდგეს	2	1	1.9	mrav-forty-martyrs	RARE
უჩუენებდა	უჩუენებდა	2	2	3.7	mrav-forty-martyrs|mrav-sinai-fathers-amonios	RARE
ქრისტიანედ	ქრისტიანედ	2	1	1.9	mrav-forty-martyrs	RARE
ქადაგნეს	ქადაგნეს	2	1	1.9	mrav-forty-martyrs	RARE
განიხარეს	განიხარეს	2	2	3.7	inventio-stephani-lucian|mrav-forty-martyrs	RARE
მაიძულებ	მაიძულებ	2	2	3.7	mrav-forty-martyrs|mrav-natlisgeba-1	RARE
გჳყოფ	გვყოფ	2	1	1.9	mrav-forty-martyrs	RARE
მქმნე	მქმნე	2	1	1.9	mrav-forty-martyrs	RARE
რთისა	ერთისა	2	1	1.9	mrav-forty-martyrs	RARE
სასინელისა	სასინელისა	2	2	3.7	cyril-epiphany-homily|mrav-forty-martyrs	RARE
გინებისა	გინებისა	2	2	3.7	mrav-forty-martyrs|mrav-shoba-athanasi	RARE
დათმენად	დათმენად	2	1	1.9	mrav-forty-martyrs	RARE
წყრომითა	წყრომითა	2	2	3.7	mrav-forty-martyrs|mrav-john-baptist-decollatio-2	RARE
განიზრახა	განიზრახა	2	2	3.7	mrav-forty-martyrs|mrav-john-baptist-decollatio	RARE
ჩრდილოჲთ	ჩრდილოით	2	2	3.7	inventio-stephani-lucian|mrav-forty-martyrs	RARE
შეყინებითა	შეყინებითა	2	1	1.9	mrav-forty-martyrs	RARE
სიტფოჲ	სიტფოი	2	1	1.9	mrav-forty-martyrs	RARE
ნეფხვისა	ნეფხვისა	2	1	1.9	mrav-forty-martyrs	RARE
შევიდოდეს	შევიდოდეს	2	2	3.7	mrav-chrysostom-jonah|mrav-forty-martyrs	RARE
განვიძარცუავთ	განვიძარცუავთ	2	1	1.9	mrav-forty-martyrs	RARE
მივაქცევთ	მივაქცევთ	2	1	1.9	mrav-forty-martyrs	RARE
ზედავე	ზედავე	2	2	3.7	cyril-epiphany-homily|mrav-forty-martyrs	RARE
მოვწყდეთ	მოვწყდეთ	2	2	3.7	mrav-forty-martyrs|mrav-martyrs-chrysostom-2	RARE
შეიწირენ	შეიწირენ	2	2	3.7	mrav-forty-martyrs|mrav-sinai-fathers-amonios	RARE
ეკიცხევდეს	ეკიცხევდეს	2	2	3.7	mrav-forty-martyrs|mrav-sulthmofenoba-2	RARE
შევედრებულ	შევედრებულ	2	2	3.7	mrav-chrysostom-jonah|mrav-forty-martyrs	RARE
იპოვოს	იპოვოს	2	2	3.7	cyril-epiphany-homily|mrav-forty-martyrs	RARE
მოღუაწეთა	მოღუაწეთა	2	1	1.9	mrav-forty-martyrs	RARE
გამოაჩინებდა	გამოაჩინებდა	2	2	3.7	mrav-forty-martyrs|mrav-john-baptist-decollatio	RARE
ვისგანმე	ვისგანმე	2	1	1.9	mrav-forty-martyrs	RARE
განუყოფდეს	განუყოფდეს	2	2	3.7	ephr-markhva|mrav-forty-martyrs	RARE
მოუძლურდა	მოუძლურდა	2	2	3.7	mrav-forty-martyrs|mrav-sinai-fathers-amonios	RARE
განაახლა	განაახლა	2	2	3.7	mrav-forty-martyrs|mrav-kharbeba-1	RARE
მატათია	მატათია	2	2	3.7	mrav-forty-martyrs|mrav-timote-1	RARE
შთასთხინეს	შთასთხინეს	2	2	3.7	mrav-forty-martyrs|mrav-martyrs-chrysostom-2	RARE
შესავედრებელ	შესავედრებელ	2	2	3.7	mrav-forty-martyrs|mrav-martyrs-chrysostom	RARE
მარტჳლთაჲ	მარტვლთაი	2	2	3.7	mrav-forty-martyrs|mrav-martyrs-chrysostom-2	RARE
მიივლტოდის	მიივლტოდის	2	2	3.7	mrav-chrysostom-jonah|mrav-forty-martyrs	RARE
მათავე	მათავე	2	1	1.9	mrav-forty-martyrs	RARE
რომელმანმე	რომელმანმე	2	2	3.7	mrav-forty-martyrs|mrav-john-baptist-decollatio-2	RARE
პოვოს	პოვოს	2	2	3.7	mrav-forty-martyrs|proclus-hom-theotokos	RARE
ჭირისაგან	ჭირისაგან	2	2	3.7	mrav-forty-martyrs|mrav-sulthmofenoba-2	RARE
ილოცავს	ილოცავს	2	2	3.7	mart-iaqob-up-dzma|mrav-forty-martyrs	RARE
ილოცევდით	ილოცევდით	2	2	3.7	mrav-forty-martyrs|mrav-kharbeba-2	RARE
განზრახვად	განზრახვად	2	2	3.7	mrav-forty-martyrs|mrav-john-baptist-decollatio	RARE
რაჲსმე	რაისმე	2	2	3.7	mrav-forty-martyrs|mrav-sinai-fathers-amonios	RARE
გარდამოსთხინა	გარდამოსთხინა	2	2	3.7	mrav-forty-martyrs|mrav-kharbeba-2	RARE
მოძღურებითა	მოძღურებითა	2	2	3.7	mrav-epiphane-mary|mrav-forty-martyrs	RARE
მამ	მამ	2	2	3.7	mrav-forty-martyrs|mrav-kharbeba-1	RARE
წმიდით	წმიდით	2	2	3.7	mrav-forty-martyrs|mrav-timote-1	RARE
შეემშია	შეემშია	2	2	3.7	mrav-epiphane-mary|mrav-holymonday	RARE
ნუღარამცა	ნუღარამცა	2	2	3.7	cyril-epiphany-homily|mrav-holymonday	RARE
ამასღა	ამასღა	2	2	3.7	mrav-holymonday|mrav-sinai-fathers-amonios	RARE
ეჭამა	ეჭამა	2	2	3.7	mart-iaqob-up-dzma|mrav-sinai-fathers-amonios	RARE
დადგმით	დადგმით	2	2	3.7	mart-iaqob-up-dzma|mrav-chrysostom-jonah	RARE
ჰკითხვიდეს	ჰკითხვიდეს	2	2	3.7	cyril-epiphany-homily|mart-iaqob-up-dzma	RARE
იაკობის	იაკობის	2	1	1.9	mart-iaqob-up-dzma	RARE
დააყენე	დააყენე	2	1	1.9	mart-iaqob-up-dzma	RARE
ისმინონ	ისმინონ	2	2	3.7	mart-iaqob-up-dzma|mrav-sulthmofenoba-1	RARE
ერისამან	ერისამან	2	2	3.7	mart-iaqob-up-dzma|mart-stepane	RARE
დაადგინეს	დაადგინეს	2	2	3.7	mart-iaqob-up-dzma|mrav-sinai-fathers-amonios	RARE
იესუჲსთჳს	იესუისთვს	2	1	1.9	mart-iaqob-up-dzma	RARE
დავითისსა	დავითისსა	2	2	3.7	mart-iaqob-up-dzma|mrav-kharbeba-1	RARE
მოვკლათ	მოვკლათ	2	2	3.7	mart-iaqob-up-dzma|mrav-sinai-fathers-amonios	RARE
გოდლისა	გოდლისა	2	2	3.7	mart-iaqob-up-dzma|mrav-sulthmofenoba-1	RARE
დაიდგინა	დაიდგინა	2	2	3.7	mart-iaqob-up-dzma|mart-stepane	RARE
იოსებცა	იოსებცა	2	2	3.7	mart-iaqob-up-dzma|mrav-shoba-athanasi	RARE
ამხილოს	ამხილოს	2	2	3.7	mrav-ioane-zosime|mrav-sulthmofenoba-2	RARE
დაფლული	დაფლული	2	2	3.7	mart-stepane|mrav-ioane-zosime	RARE
მოელის	მოელის	2	2	3.7	mrav-epiphane-mary|mrav-ioane-zosime	RARE
ოთხმეოც	ოთხმეოც	2	2	3.7	mrav-ioane-zosime|mrav-sinai-fathers-amonios	RARE
წარმოგითხარ	წარმოგითხარ	2	2	3.7	mrav-ioane-zosime|mrav-sinai-fathers-amonios	RARE
ღმრთისანო	ღმრთისანო	2	2	3.7	mrav-ioane-zosime|mrav-sinai-fathers-amonios	RARE
ჰეროდჱსი	ჰეროდესი	2	1	1.9	mrav-john-baptist-decollatio-2	RARE
მჴეცებრ	მხეცებრ	2	1	1.9	mrav-john-baptist-decollatio-2	RARE
შეიპყრა	შეიპყრა	2	2	3.7	mrav-john-baptist-decollatio-2|mrav-sinai-fathers-amonios	RARE
შესუა	შესუა	2	2	3.7	mrav-chrysostom-jonah|mrav-john-baptist-decollatio-2	RARE
ვჰგონებ	ვჰგონებ	2	2	3.7	mrav-john-baptist-decollatio|mrav-john-baptist-decollatio-2	RARE
კეთილთათჳს	კეთილთათვს	2	1	1.9	mrav-john-baptist-decollatio-2	RARE
დაჰყჳნა	დაჰყვნა	2	1	1.9	mrav-john-baptist-decollatio-2	RARE
მოჰკუეთა	მოჰკუეთა	2	2	3.7	mrav-john-baptist-decollatio-2|mrav-paul-martyrdom	RARE
უდაბნოდ	უდაბნოდ	2	2	3.7	mrav-john-baptist-decollatio-2|mrav-lazare	RARE
გიჩნდინ	გიჩნდინ	2	2	3.7	inventio-stephani-lucian|mrav-john-baptist-decollatio-2	RARE
ჩემთასა	ჩემთასა	2	2	3.7	mrav-john-baptist-decollatio-2|mrav-toma-chrysostom	RARE
დედაკაცისაჲსა	დედაკაცისაისა	2	1	1.9	mrav-john-baptist-decollatio-2	RARE
დედათაგან	დედათაგან	2	2	3.7	cyril-epiphany-homily|mrav-john-baptist-decollatio-2	RARE
საპყრობილედ	საპყრობილედ	2	2	3.7	mrav-john-baptist-decollatio|mrav-john-baptist-decollatio-2	RARE
რომელსავე	რომელსავე	2	2	3.7	mrav-john-baptist-decollatio-2|mrav-kharbeba-2	RARE
ერიდების	ერიდების	2	2	3.7	mrav-chrysostom-jonah|mrav-john-baptist-decollatio-2	RARE
ჰეროდიადა	ჰეროდიადა	2	2	3.7	mrav-john-baptist-decollatio|mrav-john-baptist-decollatio-2	RARE
სიკუდიდ	სიკუდიდ	2	1	1.9	mrav-john-baptist-decollatio-2	RARE
ნურაჲ	ნურაი	2	1	1.9	mrav-john-baptist-decollatio-2	RARE
შეწყალებად	შეწყალებად	2	1	1.9	mrav-john-baptist-decollatio-2	RARE
სუფევდა	სუფევდა	2	2	3.7	mrav-john-baptist-decollatio-2|mrav-kharbeba-2	RARE
ყუაოდა	ყუაოდა	2	1	1.9	mrav-john-baptist-decollatio-2	RARE
აწუევდა	აწუევდა	2	2	3.7	mrav-chrysostom-jonah|mrav-john-baptist-decollatio-2	RARE
გმობისაჲ	გმობისაი	2	2	3.7	mrav-john-baptist-decollatio-2|mrav-shoba-athanasi	RARE
მეუღლისაჲ	მეუღლისაი	2	2	3.7	mrav-john-baptist-decollatio-2|mrav-shoba-athanasi	RARE
გმობითა	გმობითა	2	2	3.7	mrav-epiphane-mary|mrav-john-baptist-decollatio-2	RARE
მიეტეოს	მიეტეოს	2	1	1.9	mrav-john-baptist-decollatio-2	RARE
ნებავს	გნებავს	2	2	3.7	mrav-john-baptist-decollatio|mrav-john-baptist-decollatio-2	RARE
ეცრუვა	ეცრუვა	2	2	3.7	mrav-john-baptist-decollatio-2|mrav-lazare	RARE
აცთუნებდა	აცთუნებდა	2	2	3.7	mrav-john-baptist-decollatio-2|mrav-peter-martyrdom	RARE
დამოეკიდნეს	დამოეკიდნეს	2	2	3.7	inventio-stephani-lucian|mrav-john-baptist-decollatio-2	RARE
დასცა	დასცა	2	2	3.7	mrav-john-baptist-decollatio-2|mrav-timote-1	RARE
უთხრობ	უთხრობ	2	2	3.7	mrav-john-baptist-decollatio|mrav-john-baptist-decollatio-2	RARE
ბოროტისაჲ	ბოროტისაი	2	2	3.7	mrav-john-baptist-decollatio-2|proclus-hom-theotokos	RARE
მზაკუვარისა	მზაკუვარისა	2	2	3.7	mrav-john-baptist-decollatio|mrav-kharbeba-3	RARE
ურწმუნოთაჲ	ურწმუნოთაი	2	2	3.7	mrav-john-baptist-decollatio|mrav-shoba-athanasi	RARE
დასხდეს	დასხდეს	2	2	3.7	mrav-john-baptist-decollatio|mrav-martyrs-chrysostom-3	RARE
ეროდია	ეროდია	2	1	1.9	mrav-john-baptist-decollatio	RARE
მოიწიის	მოიწიის	2	2	3.7	mrav-john-baptist-decollatio|mrav-sinai-fathers-amonios	RARE
ჰკრთოდა	ჰკრთოდა	2	1	1.9	mrav-john-baptist-decollatio	RARE
მაცხოვრებაჲ	მაცხოვრებაი	2	2	3.7	hesych-hypapante-01|mrav-john-baptist-decollatio	RARE
კაცადსა	კაცადსა	2	2	3.7	cyril-epiphany-homily|mrav-john-baptist-decollatio	RARE
გესუა	გესუა	2	2	3.7	mrav-john-baptist-decollatio|mrav-timote-1	RARE
სძლევს	სძლევს	2	2	3.7	mrav-john-baptist-decollatio|mrav-shoba-athanasi	RARE
ღირსებით	ღირსებით	2	2	3.7	hesych-hypapante-01|mrav-john-baptist-decollatio	RARE
შეუმოსიეს	შეუმოსიეს	2	2	3.7	ephr-markhva|mrav-john-baptist-decollatio	RARE
ტაბლისა	ტაბლისა	2	2	3.7	mrav-john-baptist-decollatio|mrav-lazare	RARE
მსხდომარეთა	მსხდომარეთა	2	2	3.7	mrav-john-baptist-decollatio|proclus-hom-theotokos	RARE
შეჰრაცხა	შეჰრაცხა	2	2	3.7	mrav-john-baptist-decollatio|mrav-sinai-fathers-amonios	RARE
ასწავებ	ასწავებ	2	2	3.7	mrav-john-baptist-decollatio|mrav-timote-1	RARE
განიშორე	განიშორე	2	2	3.7	cyril-epiphany-homily|mrav-john-baptist-decollatio	RARE
წინამძღურად	წინამძღურად	2	2	3.7	cyril-epiphany-homily|mrav-john-baptist-decollatio	RARE
იჴმია	იხმია	2	2	3.7	mrav-epiphane-mary|mrav-john-baptist-decollatio	RARE
ღჳნისაჲთა	ღვნისაითა	2	2	3.7	ephr-markhva|mrav-john-baptist-decollatio	RARE
როკავს	როკავს	2	1	1.9	mrav-john-baptist-decollatio	RARE
იფარვიდა	იფარვიდა	2	2	3.7	mrav-john-baptist-decollatio|mrav-natlisgeba-1	RARE
მროკვალსა	მროკვალსა	2	1	1.9	mrav-john-baptist-decollatio	RARE
ჰრცხუენოდა	ჰრცხუენოდა	2	2	3.7	cyril-epiphany-homily|mrav-john-baptist-decollatio	RARE
მიქცე	მიქცე	2	1	1.9	mrav-john-baptist-decollatio	RARE
ჰხედავთა	ჰხედავთა	2	2	3.7	mrav-john-baptist-decollatio|mrav-kharbeba-2	RARE
მთხოო	მთხოო	2	1	1.9	mrav-john-baptist-decollatio	RARE
განაგდო	განაგდო	2	2	3.7	mrav-john-baptist-decollatio|mrav-sinai-fathers-amonios	RARE
განიძარცუე	განიძარცუე	2	2	3.7	cyril-epiphany-homily|mrav-john-baptist-decollatio	RARE
სიმდიდრენი	სიმდიდრენი	2	2	3.7	mrav-john-baptist-decollatio|mrav-martyrs-chrysostom-2	RARE
ილოცე	ილოცე	2	2	3.7	mart-stepane|mrav-john-baptist-decollatio	RARE
მროკვალისა	მროკვალისა	2	1	1.9	mrav-john-baptist-decollatio	RARE
მდებ	მდებ	2	2	3.7	mrav-john-baptist-decollatio|mrav-martyrs-chrysostom	RARE
ერწმუნა	ერწმუნა	2	2	3.7	mrav-john-baptist-decollatio|mrav-toma-chrysostom	RARE
მიეცემის	მიეცემის	2	2	3.7	mrav-chrysostom-jonah|mrav-john-baptist-decollatio	RARE
უკეთურებისა	უკეთურებისა	2	2	3.7	mrav-john-baptist-decollatio|mrav-lazare	RARE
მოძღურებისათჳს	მოძღურებისათვს	2	2	3.7	mrav-john-baptist-decollatio|mrav-sulthmofenoba-2	RARE
ინაჴ	ინახ	2	1	1.9	mrav-john-baptist-decollatio	RARE
თმითა	თმითა	2	2	3.7	mrav-john-baptist-decollatio|mrav-lazare	RARE
მიუთხრობდა	მიუთხრობდა	2	2	3.7	mrav-john-baptist-decollatio|mrav-kharbeba-2	RARE
მივის	მივის	2	2	3.7	mrav-john-baptist-decollatio|mrav-timote-1	RARE
განჰკურნებს	განჰკურნებს	2	2	3.7	mrav-john-baptist-decollatio|mrav-kharbeba-2	RARE
მიუტევა	მიუტევა	2	1	1.9	mrav-john-baptist-decollatio	RARE
ვჰნატრიდეთ	ვჰნატრიდეთ	2	2	3.7	mrav-john-baptist-decollatio|mrav-kharbeba-1	RARE
იესუჲსა	იესუისა	2	2	3.7	mrav-john-baptist-decollatio|mrav-lazare	RARE
იქმს	იქმს	2	1	1.9	mrav-john-baptist-decollatio	RARE
მოსულისაჲ	მოსულისაი	2	2	3.7	mrav-kharbeba-1|proclus-hom-theotokos	RARE
გამოუბრწყინდების	გამოუბრწყინდების	2	2	3.7	chrys-epiphany-homily|mrav-kharbeba-1	RARE
არჱ	არე	2	2	3.7	mrav-kharbeba-1|mrav-kharbeba-3	RARE
გამოგჳბრწყინდა	გამოგვბრწყინდა	2	2	3.7	chrys-epiphany-homily|mrav-kharbeba-1	RARE
იხარებდენ	იხარებდენ	2	2	3.7	cyril-epiphany-homily|mrav-kharbeba-1	RARE
გიხილნე	გიხილნე	2	2	3.7	mrav-kharbeba-1|mrav-kharbeba-2	RARE
გიხაროდის	გიხაროდის	2	2	3.7	mrav-kharbeba-1|mrav-kharbeba-2	RARE
მიგიღოს	მიგიღოს	2	2	3.7	mrav-kharbeba-1|mrav-kharbeba-2	RARE
მიაგება	მიაგება	2	2	3.7	mrav-kharbeba-1|mrav-kharbeba-3	RARE
მაღლის	მაღლის	2	2	3.7	mrav-kharbeba-1|mrav-shoba-athanasi	RARE
დასასრულ	დასასრულ	2	2	3.7	mrav-epiphane-mary|mrav-kharbeba-1	RARE
შეამთხჳა	შეამთხვა	2	2	3.7	mrav-kharbeba-1|mrav-kharbeba-3	RARE
აჩუენებ	აჩუენებ	2	2	3.7	mrav-kharbeba-1|mrav-kharbeba-3	RARE
განიკითხავ	განიკითხავ	2	2	3.7	mrav-kharbeba-1|mrav-kharbeba-3	RARE
ახარებენ	ახარებენ	2	2	3.7	mrav-epiphane-mary|mrav-kharbeba-1	RARE
უტჳრთვან	უტვრთვან	2	2	3.7	mrav-kharbeba-1|mrav-kharbeba-3	RARE
ევაჲ	ევაი	2	2	3.7	mrav-kharbeba-1|mrav-shoba-athanasi	RARE
განსწმედს	განსწმედს	2	2	3.7	cyril-epiphany-homily|mrav-kharbeba-1	RARE
გუამისაჲ	გუამისაი	2	2	3.7	mrav-kharbeba-1|mrav-kharbeba-3	RARE
კაცებითა	კაცებითა	2	2	3.7	mrav-kharbeba-1|mrav-kharbeba-3	RARE
უთქუა	უთქუა	2	1	1.9	mrav-kharbeba-1	RARE
აღადგინო	აღადგინო	2	2	3.7	mrav-kharbeba-1|mrav-kharbeba-3	RARE
ვაქებდეთ	ვაქებდეთ	2	2	3.7	mrav-kharbeba-1|mrav-new-sunday	RARE
შეჰმზადა	შეჰმზადა	2	2	3.7	mrav-kharbeba-1|mrav-shoba-athanasi	RARE
მშობელისაჲ	მშობელისაი	2	2	3.7	mrav-kharbeba-2|mrav-kharbeba-3	RARE
ცხონდებოდა	ცხონდებოდა	2	1	1.9	mrav-kharbeba-2	RARE
ჴორცისაგან	ხორცისაგან	2	1	1.9	mrav-kharbeba-2	RARE
დაისაჯოს	დაისაჯოს	2	2	3.7	cyril-epiphany-homily|mrav-kharbeba-2	RARE
დაფლვითა	დაფლვითა	2	2	3.7	mrav-kharbeba-2|mrav-toma-chrysostom	RARE
იქადაგოს	იქადაგოს	2	2	3.7	mrav-kharbeba-2|mrav-martyrs-chrysostom	RARE
მჴეცთაჲ	მხეცთაი	2	2	3.7	mrav-chrysostom-jonah|mrav-kharbeba-2	RARE
საყდრისა	საყდრისა	2	1	1.9	mrav-kharbeba-2	RARE
მსხმოჲ	მსხმოი	2	2	3.7	mrav-kharbeba-2|mrav-kharbeba-3	RARE
მყოფელი	მყოფელი	2	2	3.7	mrav-kharbeba-2|mrav-sulthmofenoba-2	RARE
სიმთრვალესა	სიმთრვალესა	2	2	3.7	ephr-markhva|mrav-kharbeba-2	RARE
იშუებდენ	იშუებდენ	2	1	1.9	mrav-kharbeba-2	RARE
ქალწულებისაჲ	ქალწულებისაი	2	2	3.7	mrav-kharbeba-2|mrav-toma-chrysostom	RARE
დაიმარხეს	დაიმარხეს	2	2	3.7	mrav-epiphane-mary|mrav-kharbeba-2	RARE
იჭჳსა	იჭვსა	2	2	3.7	mrav-kharbeba-2|mrav-toma-chrysostom	RARE
სულნელებისა	სულნელებისა	2	2	3.7	mrav-kharbeba-2|mrav-kharbeba-3	RARE
დაიმკჳდრონ	დაიმკვდრონ	2	2	3.7	cyril-epiphany-homily|mrav-kharbeba-2	RARE
მხიარულებითა	მხიარულებითა	2	2	3.7	mrav-kharbeba-2|mrav-paul-martyrdom	RARE
მთავრისა	მთავრისა	2	2	3.7	mrav-kharbeba-2|proclus-hom-theotokos	RARE
აბრაჰამისი	აბრაჰამისი	2	2	3.7	hesych-hypapante-01|mrav-kharbeba-2	RARE
აღმოგჳბრწყინდებიან	აღმოგვბრწყინდებიან	2	1	1.9	mrav-kharbeba-2	RARE
ღმრტის	ღმრტის	2	2	3.7	chrys-epiphany-homily|mrav-kharbeba-2	RARE
უწყოდით	უწყოდით	2	2	3.7	mrav-kharbeba-2|mrav-sinai-fathers-amonios	RARE
გინათუ	გინათუ	2	2	3.7	cyril-epiphany-homily|mrav-kharbeba-2	RARE
მოქმედებასა	მოქმედებასა	2	1	1.9	mrav-kharbeba-2	RARE
ვქადაგებთ	ვქადაგებთ	2	2	3.7	mrav-kharbeba-2|proclus-hom-theotokos	RARE
გარდავიჴადოთ	გარდავიხადოთ	2	2	3.7	mrav-kharbeba-2|mrav-kharbeba-3	RARE
მოყუარებისათჳს	მოყუარებისათვს	2	2	3.7	inventio-stephani-lucian|mrav-kharbeba-2	RARE
უახარებს	გუახარებს	2	1	1.9	mrav-kharbeba-2	RARE
წამლითა	წამლითა	2	2	3.7	mrav-epiphane-mary|mrav-kharbeba-2	RARE
მოგუანიჭოს	მოგუანიჭოს	2	2	3.7	mrav-epiphane-mary|mrav-kharbeba-2	RARE
ეშმაკისაჲთა	ეშმაკისაითა	2	2	3.7	mrav-epiphane-mary|mrav-kharbeba-2	RARE
გარდამავალ	გარდამავალ	2	2	3.7	mrav-kharbeba-2|mrav-lazare	RARE
მიიქცა	მიიქცა	2	2	3.7	mrav-epiphane-mary|mrav-kharbeba-2	RARE
ბუნებათასა	ბუნებათასა	2	2	3.7	mrav-kharbeba-2|mrav-shoba-athanasi	RARE
შეიმოსნა	შეიმოსნა	2	2	3.7	mrav-epiphane-mary|mrav-kharbeba-2	RARE
აღემატა	აღემატა	2	2	3.7	mrav-kharbeba-2|proclus-hom-theotokos	RARE
მყოფ	მყოფ	2	2	3.7	mrav-chrysostom-jonah|mrav-kharbeba-2	RARE
ეწოდა	ეწოდა	2	2	3.7	mrav-kharbeba-2|mrav-nails-inventio	RARE
შეიწყნარებდა	შეიწყნარებდა	2	2	3.7	mrav-kharbeba-2|mrav-paul-martyrdom	RARE
აღივსებოდა	აღივსებოდა	2	2	3.7	mrav-kharbeba-2|mrav-kharbeba-3	RARE
წყევისა	წყევისა	2	2	3.7	mrav-kharbeba-2|proclus-hom-theotokos	RARE
მიწისაგანისაჲ	მიწისაგანისაი	2	2	3.7	mrav-kharbeba-2|mrav-kharbeba-3	RARE
შეწირნა	შეწირნა	2	2	3.7	mrav-kharbeba-2|mrav-lazare	RARE
დაცუეთისაჲ	დაცუეთისაი	2	1	1.9	mrav-kharbeba-2	RARE
განაბნია	განაბნია	2	2	3.7	mrav-kharbeba-2|mrav-kharbeba-3	RARE
დავიდგნე	დავიდგნე	2	2	3.7	hesych-hypapante-01|mrav-kharbeba-2	RARE
აღამაღლნა	აღამაღლნა	2	2	3.7	mrav-kharbeba-2|mrav-martyrs-chrysostom-2	RARE
გარდამოვარდა	გარდამოვარდა	2	2	3.7	mrav-kharbeba-2|mrav-paul-martyrdom	RARE
სამეუფოჲსაგან	სამეუფოისაგან	2	1	1.9	mrav-kharbeba-2	RARE
გამოჴსნად	გამოხსნად	2	2	3.7	mrav-kharbeba-2|proclus-hom-theotokos	RARE
გარდაიჴადოს	გარდაიხადოს	2	2	3.7	hesych-hypapante-01|mrav-kharbeba-2	RARE
აღასრულოს	აღასრულოს	2	2	3.7	mrav-kharbeba-2|mrav-sulthmofenoba-1	RARE
იოსების	იოსების	2	2	3.7	mrav-kharbeba-2|mrav-martyrs-chrysostom	RARE
შეიხჳა	შეიხვა	2	2	3.7	mrav-epiphane-mary|mrav-kharbeba-2	RARE
დაედვა	დაედვა	2	2	3.7	inventio-stephani-lucian|mrav-kharbeba-2	RARE
მოღუაწებით	მოღუაწებით	2	2	3.7	mrav-kharbeba-2|proclus-hom-theotokos	RARE
უკუდაო	უკუდაო	2	1	1.9	mrav-kharbeba-3	RARE
იშევ	იშევ	2	1	1.9	mrav-kharbeba-3	RARE
განაახლო	განაახლო	2	1	1.9	mrav-kharbeba-3	RARE
საუკუნეო	საუკუნეო	2	2	3.7	inventio-stephani-lucian|mrav-kharbeba-3	RARE
გემოჲ	გემოი	2	2	3.7	mrav-kharbeba-3|mrav-martyrs-chrysostom-2	RARE
შევწირნეთ	შევწირნეთ	2	1	1.9	mrav-kharbeba-3	RARE
ღმრთეებისაჲსა	ღმრთეებისაისა	2	1	1.9	mrav-kharbeba-3	RARE
სწყურის	სწყურის	2	2	3.7	mrav-kharbeba-3|mrav-shoba-athanasi	RARE
განბანად	განბანად	2	2	3.7	mrav-kharbeba-3|mrav-natlisgeba-okropiri	RARE
სასყიდლისაჲ	სასყიდლისაი	2	2	3.7	mrav-kharbeba-3|mrav-lazare	RARE
ზრახვისა	ზრახვისა	2	1	1.9	mrav-kharbeba-3	RARE
გამოირჩევს	გამოირჩევს	2	2	3.7	cyril-epiphany-homily|mrav-kharbeba-3	RARE
გუელისაგან	გუელისაგან	2	1	1.9	mrav-kharbeba-3	RARE
იჴსნეს	იხსნეს	2	2	3.7	mrav-kharbeba-3|mrav-timote-1	RARE
დადგრომად	დადგრომად	2	2	3.7	mrav-kharbeba-3|mrav-timote-1	RARE
დასაკჳრვებელ	დასაკვრვებელ	2	1	1.9	mrav-kharbeba-3	RARE
განუმზადა	განუმზადა	2	2	3.7	mrav-kharbeba-3|proclus-hom-theotokos	RARE
დამტევნელ	დამტევნელ	2	1	1.9	mrav-kharbeba-3	RARE
თავები	თავები	2	2	3.7	cyril-epiphany-homily|mrav-kharbeba-3	RARE
ვეშაპისაჲ	ვეშაპისაი	2	2	3.7	cyril-epiphany-homily|mrav-kharbeba-3	RARE
აღიწეოდა	აღიწეოდა	2	2	3.7	mrav-kharbeba-3|mrav-sinai-fathers-amonios	RARE
მოგუეც	მოგუეც	2	2	3.7	mrav-kharbeba-3|mrav-sinai-fathers-amonios	RARE
აღასრულნა	აღასრულნა	2	2	3.7	mrav-kharbeba-3|mrav-sulthmofenoba-1	RARE
ისხნა	ისხნა	2	2	3.7	cyril-epiphany-homily|mrav-kharbeba-3	RARE
გამოუთქუმელ	გამოუთქუმელ	2	2	3.7	mrav-epiphane-mary|mrav-kharbeba-3	RARE
საცემელ	საცემელ	2	2	3.7	hesych-hypapante-01|mrav-kharbeba-3	RARE
სცხებს	სცხებს	2	1	1.9	mrav-lazare	RARE
ჰმსახურებს	ჰმსახურებს	2	1	1.9	mrav-lazare	RARE
თანამეინაჴედ	თანამეინახედ	2	1	1.9	mrav-lazare	RARE
ჰმსახურებენ	ჰმსახურებენ	2	2	3.7	mrav-lazare|mrav-shoba-athanasi	RARE
მეინაჴედ	მეინახედ	2	1	1.9	mrav-lazare	RARE
სხმისაგან	სხმისაგან	2	1	1.9	mrav-lazare	RARE
იქმოდეს	იქმოდეს	2	2	3.7	mrav-chrysostom-jonah|mrav-lazare	RARE
მოკლვად	მოკლვად	2	2	3.7	mrav-lazare|mrav-sinai-fathers-amonios	RARE
ლაზარეცა	ლაზარეცა	2	1	1.9	mrav-lazare	RARE
მკლველ	მკლველ	2	2	3.7	mrav-chrysostom-jonah|mrav-lazare	RARE
სუმითა	სუმითა	2	2	3.7	mrav-epiphane-mary|mrav-lazare	RARE
სახლ	სახლ	2	2	3.7	mrav-lazare|mrav-martyrs-chrysostom	RARE
მშჳდობის	მშვდობის	2	2	3.7	mrav-epiphane-mary|mrav-lazare	RARE
მოაკუდინა	მოაკუდინა	2	2	3.7	mrav-lazare|mrav-peter-martyrdom	RARE
განშორებულ	განშორებულ	2	2	3.7	mrav-chrysostom-jonah|mrav-lazare	RARE
განვიდეთ	განვიდეთ	2	1	1.9	mrav-lazare	RARE
ვჰყოფდეთ	ვჰყოფდეთ	2	2	3.7	mrav-lazare|mrav-shoba-athanasi	RARE
სოფლისაგან	სოფლისაგან	2	2	3.7	mrav-lazare|mrav-paul-martyrdom	RARE
გამოყვანებად	გამოყვანებად	2	2	3.7	mrav-lazare|mrav-toma-chrysostom	RARE
ჰრცხუენოდენ	ჰრცხუენოდენ	2	2	3.7	mrav-epiphane-mary|mrav-lazare	RARE
კაცივე	კაცივე	2	1	1.9	mrav-lazare	RARE
ჰბრძნობთ	ჰბრძნობთ	2	1	1.9	mrav-lazare	RARE
სწავლისა	სწავლისა	2	2	3.7	mrav-lazare|mrav-sinai-fathers-amonios	RARE
უშჯულოებისა	უშჯულოებისა	2	2	3.7	mrav-lazare|proclus-hom-theotokos	RARE
აღმოთქუა	აღმოთქუა	2	2	3.7	mrav-lazare|mrav-shoba-athanasi	RARE
ურწყულებისა	ურწყულებისა	2	1	1.9	mrav-lazare	RARE
სხუითა	სხუითა	2	1	1.9	mrav-lazare	RARE
ჴდომით	ხდომით	2	2	3.7	mrav-lazare|mrav-toma-chrysostom	RARE
შემუსრვად	შემუსრვად	2	2	3.7	cyril-epiphany-homily|mrav-lazare	RARE
ქორათისასა	ქორათისასა	2	1	1.9	mrav-lazare	RARE
ჰსუმიდე	ჰსუმიდე	2	1	1.9	mrav-lazare	RARE
ჴევისასა	ხევისასა	2	1	1.9	mrav-lazare	RARE
ყორნისა	ყორნისა	2	1	1.9	mrav-lazare	RARE
დაგებად	დაგებად	2	2	3.7	mrav-lazare|mrav-martyrs-chrysostom-3	RARE
გამოზრდად	გამოზრდად	2	1	1.9	mrav-lazare	RARE
დაუდვა	დაუდვა	2	2	3.7	mrav-lazare|mrav-natlisgeba-okropiri	RARE
სიფიცხლესა	სიფიცხლესა	2	2	3.7	mrav-lazare|mrav-martyrs-chrysostom-3	RARE
ევედრა	ევედრა	2	1	1.9	mrav-lazare	RARE
მრქუას	მრქუას	2	2	3.7	mrav-lazare|mrav-toma-chrysostom	RARE
იდებ	იდებ	2	2	3.7	mrav-lazare|mrav-toma-chrysostom	RARE
კურთხევისაჲ	კურთხევისაი	2	2	3.7	mrav-epiphane-mary|mrav-lazare	RARE
მოაკლდეს	მოაკლდეს	2	1	1.9	mrav-lazare	RARE
მორწმუნეთათჳს	მორწმუნეთათვს	2	2	3.7	mrav-lazare|mrav-timote-1	RARE
იაზაბელისა	იაზაბელისა	2	1	1.9	mrav-lazare	RARE
ელიაჲსი	ელიაისი	2	2	3.7	cyril-epiphany-homily|mrav-lazare	RARE
ფიცხლად	ფიცხლად	2	2	3.7	mrav-lazare|mrav-sinai-fathers-amonios	RARE
გხედავ	გხედავ	2	2	3.7	mrav-lazare|mrav-sinai-fathers-amonios	RARE
ვივლტოდე	ვივლტოდე	2	2	3.7	mrav-lazare|mrav-shoba-athanasi	RARE
შემემთხჳა	შემემთხვა	2	2	3.7	mrav-lazare|mrav-timote-1	RARE
განჰკრთეს	განჰკრთეს	2	2	3.7	mrav-lazare|mrav-natlisgeba-1	RARE
ერთისაჲ	ერთისაი	2	2	3.7	mrav-lazare|mrav-sinai-fathers-amonios	RARE
განვემზადნეთ	განვემზადნეთ	2	2	3.7	mrav-lazare|mrav-martyrs-chrysostom-3	RARE
მოიწიოს	მოიწიოს	2	2	3.7	mrav-chrysostom-jonah|mrav-sinai-fathers-amonios	RARE
რკინისაჲთა	რკინისაითა	2	1	1.9	mrav-chrysostom-jonah	RARE
მიახლებად	მიახლებად	2	1	1.9	mrav-chrysostom-jonah	RARE
ნაყროვანებისაგან	ნაყროვანებისაგან	2	1	1.9	mrav-chrysostom-jonah	RARE
მთრვალობისაგან	მთრვალობისაგან	2	1	1.9	mrav-chrysostom-jonah	RARE
მარხვისაგან	მარხვისაგან	2	1	1.9	mrav-chrysostom-jonah	RARE
აზნაურებად	აზნაურებად	2	1	1.9	mrav-chrysostom-jonah	RARE
მშჳდობისასა	მშვდობისასა	2	2	3.7	cyril-epiphany-homily|mrav-chrysostom-jonah	RARE
გამოაჩინნა	გამოაჩინნა	2	2	3.7	mrav-chrysostom-jonah|mrav-shoba-athanasi	RARE
შჭამოთ	შჭამოთ	2	1	1.9	mrav-chrysostom-jonah	RARE
ცნობისა	ცნობისა	2	2	3.7	mrav-chrysostom-jonah|mrav-timote-1	RARE
მიიქცე	მიიქცე	2	2	3.7	mrav-chrysostom-jonah|mrav-epiphane-mary	RARE
ნინევჱ	ნინევე	2	1	1.9	mrav-chrysostom-jonah	RARE
უთხრობს	უთხრობს	2	1	1.9	mrav-chrysostom-jonah	RARE
ბრძანებისაჲ	ბრძანებისაი	2	2	3.7	mrav-chrysostom-jonah|mrav-paul-martyrdom	RARE
მოკლედ	მოკლედ	2	2	3.7	mrav-chrysostom-jonah|mrav-shoba-athanasi	RARE
ორსა	ორსა	2	2	3.7	mrav-chrysostom-jonah|mrav-sinai-fathers-amonios	RARE
დაგიკჳრდინ	დაგიკვრდინ	2	1	1.9	mrav-chrysostom-jonah	RARE
პოვის	პოვის	2	2	3.7	mrav-chrysostom-jonah|mrav-shoba-athanasi	RARE
ვერცა	ვერცა	2	1	1.9	mrav-chrysostom-jonah	RARE
გარდაჴდად	გარდახდად	2	2	3.7	mrav-chrysostom-jonah|mrav-new-sunday	RARE
შეშინდა	შეშინდა	2	2	3.7	mrav-chrysostom-jonah|mrav-sinai-fathers-amonios	RARE
შეცოდებისა	შეცოდებისა	2	1	1.9	mrav-chrysostom-jonah	RARE
ამათსა	ამათსა	2	1	1.9	mrav-chrysostom-jonah	RARE
მონამან	მონამან	2	2	3.7	mrav-chrysostom-jonah|mrav-epiphane-mary	RARE
ზრუნვით	ზრუნვით	2	2	3.7	mrav-chrysostom-jonah|mrav-timote-1	RARE
ოქროჲ	ოქროი	2	2	3.7	mrav-chrysostom-jonah|mrav-martyrs-chrysostom	RARE
შთა	შთა	2	2	3.7	mrav-chrysostom-jonah|mrav-epiphane-mary	RARE
სლვითა	სლვითა	2	2	3.7	inventio-stephani-lucian|mrav-chrysostom-jonah	RARE
დაცემულ	დაცემულ	2	2	3.7	hesych-hypapante-01|mrav-chrysostom-jonah	RARE
თქუმისაჲთა	თქუმისაითა	2	2	3.7	ephr-markhva|mrav-chrysostom-jonah	RARE
უწყიედ	უწყიედ	2	1	1.9	mrav-chrysostom-jonah	RARE
განძჳვნებულ	განძვვნებულ	2	1	1.9	mrav-chrysostom-jonah	RARE
ტჳსი	ტვსი	2	2	3.7	ephr-markhva|mrav-chrysostom-jonah	RARE
დაათქა	დაათქა	2	1	1.9	mrav-chrysostom-jonah	RARE
ცოდვისასა	ცოდვისასა	2	2	3.7	mrav-chrysostom-jonah|mrav-epiphane-mary	RARE
ჴელოვნებისა	ხელოვნებისა	2	2	3.7	mrav-chrysostom-jonah|proclus-hom-theotokos	RARE
აღუდგა	აღუდგა	2	2	3.7	mrav-chrysostom-jonah|mrav-sinai-fathers-amonios	RARE
შეცოდებულთა	შეცოდებულთა	2	2	3.7	mrav-chrysostom-jonah|mrav-martyrs-chrysostom-2	RARE
განსწავლიდა	განსწავლიდა	2	1	1.9	mrav-chrysostom-jonah	RARE
ზღჳთა	ზღვთა	2	2	3.7	cyril-epiphany-homily|mrav-chrysostom-jonah	RARE
ჴელმწიფენი	ხელმწიფენი	2	2	3.7	mrav-chrysostom-jonah|mrav-toma-chrysostom	RARE
ურვისა	ურვისა	2	2	3.7	mrav-chrysostom-jonah|mrav-timote-1	RARE
შეძრა	შეძრა	2	2	3.7	mrav-chrysostom-jonah|mrav-epiphane-mary	RARE
ლომთასა	ლომთასა	2	2	3.7	mrav-chrysostom-jonah|mrav-toma-chrysostom	RARE
იკადრეს	იკადრეს	2	2	3.7	inventio-stephani-lucian|mrav-chrysostom-jonah	RARE
შენდად	შენდად	2	2	3.7	inventio-stephani-lucian|mrav-chrysostom-jonah	RARE
ცუენი	ცუენი	2	2	3.7	cyril-epiphany-homily|mrav-chrysostom-jonah	RARE
დედად	დედად	2	2	3.7	mrav-chrysostom-jonah|proclus-hom-theotokos	RARE
ჰპოო	ჰპოო	2	2	3.7	cyril-epiphany-homily|mrav-chrysostom-jonah	RARE
ღირსმცა	ღირსმცა	2	2	3.7	mrav-chrysostom-jonah|mrav-natlisgeba-okropiri	RARE
ცუენ	ცუენ	2	2	3.7	ephr-markhva|mrav-shoba-athanasi	RARE
მოიპოვიან	მოიპოვიან	2	1	1.9	ephr-markhva	RARE
გონებათანი	გონებათანი	2	2	3.7	ephr-markhva|mrav-sulthmofenoba-2	RARE
განმტკიცებულ	განმტკიცებულ	2	2	3.7	ephr-markhva|mrav-nails-inventio	RARE
სიყუარულისათჳს	სიყუარულისათვს	2	2	3.7	ephr-markhva|mrav-sinai-fathers-amonios	RARE
ხედავს	ხედავს	2	2	3.7	ephr-markhva|mrav-natlisgeba-1	RARE
მიეახლნიან	მიეახლნიან	2	1	1.9	ephr-markhva	RARE
ეზიარნიან	ეზიარნიან	2	2	3.7	ephr-markhva|mrav-sinai-fathers-amonios	RARE
საყუარელ	საყუარელ	2	2	3.7	ephr-markhva|inventio-stephani-lucian	RARE
მისცის	მისცის	2	2	3.7	mrav-martyrs-chrysostom-2|mrav-sulthmofenoba-2	RARE
მეუფეთაჲ	მეუფეთაი	2	2	3.7	mrav-martyrs-chrysostom-2|mrav-paul-martyrdom	RARE
ასუეს	ასუეს	2	2	3.7	cyril-epiphany-homily|mrav-martyrs-chrysostom-2	RARE
აღესრულებოდეს	აღესრულებოდეს	2	2	3.7	mrav-martyrs-chrysostom-2|mrav-timote-1	RARE
იცემდეს	იცემდეს	2	2	3.7	mrav-martyrs-chrysostom-2|mrav-sinai-fathers-amonios	RARE
მიაგო	მიაგო	2	2	3.7	mrav-martyrs-chrysostom-2|mrav-sinai-fathers-amonios	RARE
განადიდა	განადიდა	2	2	3.7	mrav-martyrs-chrysostom|mrav-martyrs-chrysostom-2	RARE
ჰრწმენინ	ჰრწმენინ	2	2	3.7	hesych-hypapante-01|mrav-martyrs-chrysostom-2	RARE
სუთ	სუთ	2	2	3.7	mrav-martyrs-chrysostom-3|mrav-toma-chrysostom	RARE
შეგინებულ	შეგინებულ	2	2	3.7	mrav-martyrs-chrysostom-3|mrav-shoba-athanasi	RARE
წყობისაჲ	წყობისაი	2	1	1.9	mrav-martyrs-chrysostom-3	RARE
აღაგზნეს	აღაგზნეს	2	2	3.7	mrav-martyrs-chrysostom-3|mrav-sinai-fathers-amonios	RARE
გულისაჲ	გულისაი	2	2	3.7	hesych-hypapante-01|mrav-martyrs-chrysostom-3	RARE
სძლეს	სძლეს	2	2	3.7	mrav-martyrs-chrysostom-3|mrav-sinai-fathers-amonios	RARE
მძჳნვარენი	მძვნვარენი	2	2	3.7	mrav-martyrs-chrysostom-3|mrav-sinai-fathers-amonios	RARE
რომელთამცა	რომელთამცა	2	1	1.9	mrav-martyrs-chrysostom-3	RARE
დაშურეს	დაშურეს	2	2	3.7	mrav-martyrs-chrysostom-3|mrav-sulthmofenoba-2	RARE
განმრავლდეს	განმრავლდეს	2	2	3.7	mrav-martyrs-chrysostom-3|mrav-timote-1	RARE
ცვალა	ცვალა	2	2	3.7	mrav-martyrs-chrysostom-3|proclus-hom-theotokos	RARE
ზიარებად	ზიარებად	2	2	3.7	mrav-martyrs-chrysostom|mrav-martyrs-chrysostom-3	RARE
მარტჳლთანი	მარტვლთანი	2	1	1.9	mrav-martyrs-chrysostom	RARE
მტერთასა	მტერთასა	2	2	3.7	mrav-martyrs-chrysostom|mrav-sinai-fathers-amonios	RARE
მომკუდარ	მომკუდარ	2	2	3.7	mrav-martyrs-chrysostom|mrav-toma-chrysostom	RARE
განმდიდრდეს	განმდიდრდეს	2	2	3.7	mrav-martyrs-chrysostom|mrav-sulthmofenoba-1	RARE
შეცოდებულნი	შეცოდებულნი	2	1	1.9	mrav-martyrs-chrysostom	RARE
აღიარნეს	აღიარნეს	2	1	1.9	mrav-martyrs-chrysostom	RARE
ძემანცა	ძემანცა	2	2	3.7	mrav-martyrs-chrysostom|mrav-sulthmofenoba-1	RARE
სჳმეონს	სვმეონს	2	1	1.9	hesych-hypapante-01	RARE
იქმენინ	იქმენინ	2	2	3.7	hesych-hypapante-01|mart-stepane	RARE
ჰხედევდ	ჰხედევდ	2	1	1.9	hesych-hypapante-01	RARE
განეტევების	განეტევების	2	2	3.7	hesych-hypapante-01|mrav-paul-martyrdom	RARE
ეკალთაჲ	ეკალთაი	2	2	3.7	hesych-hypapante-01|proclus-hom-theotokos	RARE
მოავლინნა	მოავლინნა	2	2	3.7	hesych-hypapante-01|mrav-paul-martyrdom	RARE
თავყანის	თავყანის	2	2	3.7	hesych-hypapante-01|mrav-timote-1	RARE
აკურთხნა	აკურთხნა	2	2	3.7	hesych-hypapante-01|mrav-timote-1	RARE
ჰმოსიეს	ჰმოსიეს	2	2	3.7	hesych-hypapante-01|mrav-natlisgeba-1	RARE
მრავალთაგან	მრავალთაგან	2	2	3.7	hesych-hypapante-01|mrav-nails-inventio	RARE
ავაზაკისაჲ	ავაზაკისაი	2	2	3.7	hesych-hypapante-01|mrav-timote-1	RARE
ნატელი	ნატელი	2	2	3.7	mrav-new-sunday|mrav-timote-1	RARE
დანაკისკუდსა	დანაკისკუდსა	2	2	3.7	mrav-sinai-fathers-amonios|mrav-timote-1	RARE
ცოდვისათჳს	ცოდვისათვს	2	2	3.7	mrav-sulthmofenoba-2|mrav-timote-1	RARE
განსლვად	განსლვად	2	2	3.7	inventio-stephani-lucian|mrav-timote-1	RARE
ჴორცთაგან	ხორცთაგან	2	2	3.7	mrav-timote-1|proclus-hom-theotokos	RARE
განვიტეო	განვიტეო	2	1	1.9	mrav-timote-1	RARE
ბუნებისასა	ბუნებისასა	2	2	3.7	mrav-natlisgeba-okropiri|mrav-timote-1	RARE
მეცით	მეცით	2	2	3.7	mrav-shoba-athanasi|mrav-timote-1	RARE
წინაჲთვე	წინაითვე	2	2	3.7	mrav-nails-inventio|mrav-timote-1	RARE
მოიქეცით	მოიქეცით	2	2	3.7	mrav-paul-martyrdom|mrav-timote-1	RARE
შექმნნა	შექმნნა	2	2	3.7	mrav-epiphane-mary|mrav-timote-1	RARE
საცილობელ	საცილობელ	2	2	3.7	mrav-shoba-athanasi|mrav-timote-1	RARE
მზესა	მზესა	2	2	3.7	mrav-epiphane-mary|mrav-timote-1	RARE
განსთქდეს	განსთქდეს	2	2	3.7	mrav-timote-1|mrav-toma-chrysostom	RARE
წარწყმედულთა	წარწყმედულთა	2	1	1.9	mrav-timote-1	RARE
წარემატებოდა	წარემატებოდა	2	1	1.9	mrav-timote-1	RARE
არიყვანეს	არიყვანეს	2	2	3.7	mart-stepane|mrav-timote-1	RARE
ურვითა	ურვითა	2	2	3.7	mrav-epiphane-mary|mrav-timote-1	RARE
ვჰგონებდი	ვჰგონებდი	2	1	1.9	mrav-timote-1	RARE
განმეჴუა	განმეხუა	2	1	1.9	mrav-timote-1	RARE
მიმპარა	მიმპარა	2	1	1.9	mrav-timote-1	RARE
ვიპოვე	ვიპოვე	2	2	3.7	mrav-sinai-fathers-amonios|mrav-timote-1	RARE
მღდელთმოძღუართა	მღდელთმოძღუართა	2	1	1.9	mrav-timote-1	RARE
ისმენდა	ისმენდა	2	2	3.7	mrav-paul-martyrdom|mrav-timote-1	RARE
სულითურთ	სულითურთ	2	2	3.7	mrav-epiphane-mary|mrav-timote-1	RARE
დაემსჭუალნეს	დაემსჭუალნეს	2	1	1.9	mrav-nails-inventio	RARE
იჭჳ	იჭვ	2	2	3.7	cyril-epiphany-homily|mrav-nails-inventio	RARE
აღიხილნა	აღიხილნა	2	2	3.7	mart-stepane|mrav-nails-inventio	RARE
მეათესა	მეათესა	2	2	3.7	inventio-stephani-lucian|mrav-nails-inventio	RARE
დღესასწაულობს	დღესასწაულობს	2	2	3.7	chrys-epiphany-homily|mrav-shoba-athanasi	RARE
ჩუენებითა	ჩუენებითა	2	2	3.7	chrys-epiphany-homily|inventio-stephani-lucian	RARE
ქერობინნი	ქერობინნი	2	2	3.7	chrys-epiphany-homily|mrav-shoba-athanasi	RARE
გამოჩნდების	გამოჩნდების	2	1	1.9	chrys-epiphany-homily	RARE
განშუენდების	განშუენდების	2	1	1.9	chrys-epiphany-homily	RARE
მორწმუნეთასა	მორწმუნეთასა	2	2	3.7	chrys-epiphany-homily|mrav-paul-martyrdom	RARE
უჴორცოჲ	უხორცოი	2	2	3.7	chrys-epiphany-homily|mrav-toma-chrysostom	RARE
ეკლესიისასა	ეკლესიისასა	2	2	3.7	mrav-natlisgeba-okropiri|mrav-sinai-fathers-amonios	RARE
განწმედილ	განწმედილ	2	2	3.7	cyril-epiphany-homily|mrav-natlisgeba-okropiri	RARE
იოვანჱსსა	იოვანესსა	2	1	1.9	mrav-natlisgeba-okropiri	RARE
ცოდვათაგან	ცოდვათაგან	2	2	3.7	cyril-epiphany-homily|mrav-natlisgeba-okropiri	RARE
ცოდვისანი	ცოდვისანი	2	2	3.7	mrav-natlisgeba-okropiri|mrav-shoba-athanasi	RARE
ნაშობნო	ნაშობნო	2	2	3.7	cyril-epiphany-homily|mrav-natlisgeba-okropiri	RARE
იქედნეთანო	იქედნეთანო	2	2	3.7	cyril-epiphany-homily|mrav-natlisgeba-okropiri	RARE
გიჩუენა	გიჩუენა	2	2	3.7	cyril-epiphany-homily|mrav-natlisgeba-okropiri	RARE
ჴორცთასა	ხორცთასა	2	2	3.7	mrav-epiphane-mary|mrav-natlisgeba-okropiri	RARE
ვითარცაღა	ვითარცაღა	2	2	3.7	mrav-epiphane-mary|mrav-natlisgeba-1	RARE
აღსძრავს	აღსძრავს	2	2	3.7	mrav-natlisgeba-1|mrav-shoba-athanasi	RARE
შეინანეთ	შეინანეთ	2	1	1.9	mrav-natlisgeba-1	RARE
მოახლებულ	მოახლებულ	2	1	1.9	mrav-natlisgeba-1	RARE
ღეთა	დღეთა	2	2	3.7	mart-stepane|mrav-natlisgeba-1	RARE
აუვარებდეს	აუვარებდეს	2	2	3.7	cyril-epiphany-homily|mrav-natlisgeba-1	RARE
მიხედა	მიხედა	2	2	3.7	mart-stepane|mrav-natlisgeba-1	RARE
მღებელთა	მღებელთა	2	2	3.7	cyril-epiphany-homily|mrav-natlisgeba-1	RARE
განბანის	განბანის	2	2	3.7	mrav-natlisgeba-1|mrav-sulthmofenoba-2	RARE
ცემისასა	ცემისასა	2	2	3.7	cyril-epiphany-homily|mrav-natlisgeba-1	RARE
შჯულისმდებელი	შჯულისმდებელი	2	1	1.9	mrav-natlisgeba-1	RARE
დაემორჩილების	დაემორჩილების	2	1	1.9	mrav-natlisgeba-1	RARE
ყჳთელ	ყვთელ	2	2	3.7	mrav-natlisgeba-1|mrav-sinai-fathers-amonios	RARE
შეუძლოს	შეუძლოს	2	2	3.7	mart-stepane|mrav-natlisgeba-1	RARE
წმიდად	წმიდად	2	2	3.7	cyril-epiphany-homily|mrav-epiphane-mary	RARE
მონაო	მონაო	2	2	3.7	cyril-epiphany-homily|mart-stepane	RARE
შენისასა	შენისასა	2	2	3.7	cyril-epiphany-homily|inventio-stephani-lucian	RARE
შემმოსა	შემმოსა	2	1	1.9	cyril-epiphany-homily	RARE
მოღებისა	მოღებისა	2	2	3.7	cyril-epiphany-homily|mrav-epiphane-mary	RARE
მორბედ	მორბედ	2	2	3.7	cyril-epiphany-homily|mrav-shoba-athanasi	RARE
გინებულ	გინებულ	2	2	3.7	cyril-epiphany-homily|mrav-shoba-athanasi	RARE
აღემართნეს	აღემართნეს	2	2	3.7	cyril-epiphany-homily|mrav-new-sunday	RARE
წინაწარმეტყუელებდეს	წინაწარმეტყუელებდეს	2	2	3.7	cyril-epiphany-homily|mrav-sulthmofenoba-1	RARE
შესაქმესა	შესაქმესა	2	2	3.7	cyril-epiphany-homily|proclus-hom-theotokos	RARE
აღვიდა	აღვიდა	2	2	3.7	cyril-epiphany-homily|mrav-shoba-athanasi	RARE
იოვანჱსამდე	იოვანესამდე	2	2	3.7	cyril-epiphany-homily|mrav-epiphane-mary	RARE
სამოსლად	სამოსლად	2	2	3.7	cyril-epiphany-homily|mrav-sinai-fathers-amonios	RARE
განვიდოდეს	განვიდოდეს	2	1	1.9	cyril-epiphany-homily	RARE
განიძარცუეთ	განიძარცუეთ	2	2	3.7	cyril-epiphany-homily|mrav-toma-chrysostom	RARE
შევალს	შევალს	2	2	3.7	cyril-epiphany-homily|mrav-shoba-athanasi	RARE
შეინანე	შეინანე	2	1	1.9	cyril-epiphany-homily	RARE
ენათანი	ენათანი	2	2	3.7	cyril-epiphany-homily|mrav-sulthmofenoba-2	RARE
უგმირეს	უგმირეს	2	2	3.7	cyril-epiphany-homily|mrav-toma-chrysostom	RARE
იღონ	იღონ	2	1	1.9	cyril-epiphany-homily	RARE
ღებად	ღებად	2	2	3.7	cyril-epiphany-homily|mrav-new-sunday	RARE
იღოთ	იღოთ	2	2	3.7	cyril-epiphany-homily|mrav-sulthmofenoba-2	RARE
უცოდველ	უცოდველ	2	1	1.9	cyril-epiphany-homily	RARE
მოვიღოთ	მოვიღოთ	2	2	3.7	cyril-epiphany-homily|mrav-sinai-fathers-amonios	RARE
მოგუეცეს	მოგუეცეს	2	2	3.7	cyril-epiphany-homily|mrav-peter-martyrdom	RARE
შეხუალ	შეხუალ	2	1	1.9	cyril-epiphany-homily	RARE
აღსდგე	აღსდგე	2	2	3.7	cyril-epiphany-homily|mrav-paul-martyrdom	RARE
აწყა	აწყა	2	2	3.7	cyril-epiphany-homily|mrav-sulthmofenoba-2	RARE
წარმოჩინებით	წარმოჩინებით	2	2	3.7	cyril-epiphany-homily|proclus-hom-theotokos	RARE
განმაძებელ	განმაძებელ	2	1	1.9	mrav-new-sunday	RARE
დამაბრკოლებელ	დამაბრკოლებელ	2	1	1.9	mrav-new-sunday	RARE
განათლდი	განათლდი	2	1	1.9	mrav-new-sunday	RARE
სიტყუითა	სიტყუითა	2	1	1.9	mrav-new-sunday	RARE
მზისთუალი	მზისთუალი	2	2	3.7	mart-stepane|mrav-new-sunday	RARE
ამობრწყინდა	გამობრწყინდა	2	2	3.7	mrav-new-sunday|mrav-sulthmofenoba-1	RARE
უფლებდეს	უფლებდეს	2	2	3.7	mrav-epiphane-mary|mrav-new-sunday	RARE
ტიტე	ტიტე	2	1	1.9	mrav-paul-martyrdom	RARE
იხილნა	იხილნა	2	2	3.7	mart-stepane|mrav-paul-martyrdom	RARE
პატროკლოს	პატროკლოს	2	1	1.9	mrav-paul-martyrdom	RARE
პატროკლეს	პატროკლეს	2	1	1.9	mrav-paul-martyrdom	RARE
მოიღეთ	მოიღეთ	2	2	3.7	mart-stepane|mrav-paul-martyrdom	RARE
პატროკლჱსი	პატროკლესი	2	1	1.9	mrav-paul-martyrdom	RARE
მოიყვანეს	მოიყვანეს	2	2	3.7	mrav-paul-martyrdom|mrav-peter-martyrdom	RARE
მოგიჴდა	მოგიხდა	2	2	3.7	mrav-paul-martyrdom|mrav-sulthmofenoba-2	RARE
მოვკუედ	მოვკუედ	2	1	1.9	mrav-paul-martyrdom	RARE
სიკუდილდმდე	სიკუდილდმდე	2	2	3.7	mrav-paul-martyrdom|mrav-sinai-fathers-amonios	RARE
ცხოვრებისასა	ცხოვრებისასა	2	2	3.7	mrav-paul-martyrdom|mrav-sulthmofenoba-1	RARE
მოიქცეოდეს	მოიქცეოდეს	2	1	1.9	mrav-peter-martyrdom	RARE
იყოფოდეს	იყოფოდეს	2	2	3.7	mrav-peter-martyrdom|mrav-sinai-fathers-amonios	RARE
მოყუარებით	მოყუარებით	2	2	3.7	mrav-shoba-athanasi|proclus-hom-theotokos	RARE
იძლევის	იძლევის	2	1	1.9	mrav-shoba-athanasi	RARE
კაცობისაგან	კაცობისაგან	2	2	3.7	mrav-shoba-athanasi|proclus-hom-theotokos	RARE
წინააღმდგომ	წინააღმდგომ	2	2	3.7	mrav-shoba-athanasi|mrav-sulthmofenoba-2	RARE
განკაცნა	განკაცნა	2	2	3.7	mrav-shoba-athanasi|mrav-toma-chrysostom	RARE
ცრემლითა	ცრემლითა	2	2	3.7	mrav-shoba-athanasi|mrav-sinai-fathers-amonios	RARE
დაუსაბამოდ	დაუსაბამოდ	2	1	1.9	mrav-shoba-athanasi	RARE
ხედვედ	ხედვედ	2	1	1.9	mrav-shoba-athanasi	RARE
ექმოდა	ექმოდა	2	2	3.7	mrav-shoba-athanasi|mrav-sulthmofenoba-2	RARE
ხურომან	ხურომან	2	2	3.7	mart-stepane|mrav-shoba-athanasi	RARE
ჭურჭლად	ჭურჭლად	2	1	1.9	mrav-shoba-athanasi	RARE
მომცემს	მომცემს	2	1	1.9	mrav-shoba-athanasi	RARE
მიჴსნეს	მიხსნეს	2	2	3.7	mrav-shoba-athanasi|mrav-sinai-fathers-amonios	RARE
მოიმკიან	მოიმკიან	2	1	1.9	mrav-shoba-athanasi	RARE
სულისასა	სულისასა	2	2	3.7	mrav-epiphane-mary|mrav-shoba-athanasi	RARE
მოკლას	მოკლას	2	2	3.7	mrav-shoba-athanasi|mrav-sinai-fathers-amonios	RARE
ქალწულებისა	ქალწულებისა	2	2	3.7	mrav-shoba-athanasi|proclus-hom-theotokos	RARE
განიდევნა	განიდევნა	2	2	3.7	mrav-epiphane-mary|mrav-shoba-athanasi	RARE
ზრახვისაგან	ზრახვისაგან	2	1	1.9	mrav-shoba-athanasi	RARE
შეერაცხების	შეერაცხების	2	1	1.9	mrav-shoba-athanasi	RARE
ეგჳპტისანი	ეგვპტისანი	2	1	1.9	mrav-shoba-athanasi	RARE
მწუხარებისაჲ	მწუხარებისაი	2	1	1.9	mrav-shoba-athanasi	RARE
ნილოსისა	ნილოსისა	2	1	1.9	mrav-shoba-athanasi	RARE
წევს	წევს	2	1	1.9	mrav-shoba-athanasi	RARE
ჰპოვებდა	ჰპოვებდა	2	2	3.7	mrav-shoba-athanasi|proclus-hom-theotokos	RARE
გამოაცინა	გამოაცინა	2	1	1.9	mrav-shoba-athanasi	RARE
გამოუჴუებულად	გამოუხუებულად	2	1	1.9	mrav-shoba-athanasi	RARE
ვნებულისაგან	ვნებულისაგან	2	1	1.9	mrav-shoba-athanasi	RARE
დაიმარხა	დაიმარხა	2	2	3.7	mrav-shoba-athanasi|mrav-sulthmofenoba-1	RARE
ვიცით	ვიცით	2	1	1.9	mrav-epiphane-mary	RARE
ეკლესიაჲსა	ეკლესიაისა	2	1	1.9	mrav-epiphane-mary	RARE
მოგუანიჭა	მოგუანიჭა	2	2	3.7	mrav-epiphane-mary|mrav-toma-chrysostom	RARE
ეშმაკისანი	ეშმაკისანი	2	2	3.7	mrav-epiphane-mary|mrav-sinai-fathers-amonios	RARE
მათისაგან	მათისაგან	2	2	3.7	mrav-epiphane-mary|mrav-sinai-fathers-amonios	RARE
გჳშვა	გვშვა	2	1	1.9	mrav-epiphane-mary	RARE
იხილავთ	იხილავთ	2	2	3.7	mrav-epiphane-mary|mrav-toma-chrysostom	RARE
შოვრის	შოვრის	2	2	3.7	mrav-epiphane-mary|mrav-sinai-fathers-amonios	RARE
წარვაქცინეთ	წარვაქცინეთ	2	1	1.9	mrav-epiphane-mary	RARE
უჴმდა	უხმდა	2	1	1.9	mrav-epiphane-mary	RARE
მხოლოსა	მხოლოსა	2	2	3.7	mrav-epiphane-mary|mrav-toma-chrysostom	RARE
უჩუენოს	უჩუენოს	2	2	3.7	mrav-epiphane-mary|mrav-toma-chrysostom	RARE
გამოირჩინა	გამოირჩინა	2	2	3.7	mrav-epiphane-mary|mrav-sinai-fathers-amonios	RARE
თანაყოფითა	თანაყოფითა	2	2	3.7	mrav-epiphane-mary|mrav-toma-chrysostom	RARE
უვნებელ	უვნებელ	2	1	1.9	mrav-epiphane-mary	RARE
დასდვეს	დასდვეს	2	2	3.7	inventio-stephani-lucian|mrav-epiphane-mary	RARE
შეერთებულ	შეერთებულ	2	1	1.9	mrav-epiphane-mary	RARE
ლახურისაჲ	ლახურისაი	2	2	3.7	mrav-epiphane-mary|mrav-toma-chrysostom	RARE
შემოვიდეს	შემოვიდეს	2	2	3.7	mrav-epiphane-mary|mrav-sinai-fathers-amonios	RARE
დაუტევენ	დაუტევენ	2	2	3.7	mrav-epiphane-mary|mrav-sinai-fathers-amonios	RARE
შობისასა	შობისასა	2	2	3.7	mrav-epiphane-mary|mrav-sulthmofenoba-2	RARE
სამებისაჲთა	სამებისაითა	2	2	3.7	mrav-epiphane-mary|mrav-sulthmofenoba-1	RARE
მორჩილებითა	მორჩილებითა	2	1	1.9	proclus-hom-theotokos	RARE
შეაგინა	შეაგინა	2	1	1.9	proclus-hom-theotokos	RARE
უვის	უვის	2	1	1.9	proclus-hom-theotokos	RARE
ჴსნად	ხსნად	2	1	1.9	proclus-hom-theotokos	RARE
მრავალთათჳს	მრავალთათვს	2	2	3.7	inventio-stephani-lucian|proclus-hom-theotokos	RARE
შეწევნად	შეწევნად	2	1	1.9	proclus-hom-theotokos	RARE
მოიყიდა	მოიყიდა	2	1	1.9	proclus-hom-theotokos	RARE
გამოვედით	გამოვედით	2	2	3.7	mrav-sinai-fathers-amonios|proclus-hom-theotokos	RARE
მითქუა	მითქუა	2	1	1.9	mrav-sinai-fathers-amonios	RARE
მითქუმიდა	მითქუმიდა	2	2	3.7	inventio-stephani-lucian|mrav-sinai-fathers-amonios	RARE
ლოცვისაგან	ლოცვისაგან	2	1	1.9	mrav-sinai-fathers-amonios	RARE
შეკრბიან	შეკრბიან	2	1	1.9	mrav-sinai-fathers-amonios	RARE
სარკინოზთაჲ	სარკინოზთაი	2	1	1.9	mrav-sinai-fathers-amonios	RARE
უწოდეს	უწოდეს	2	2	3.7	inventio-stephani-lucian|mrav-sinai-fathers-amonios	RARE
ჯეთრეს	ჯეთრეს	2	1	1.9	mrav-sinai-fathers-amonios	RARE
სიტყჳსაცა	სიტყვსაცა	2	1	1.9	mrav-sinai-fathers-amonios	RARE
მთისასა	მთისასა	2	1	1.9	mrav-sinai-fathers-amonios	RARE
შიშისაგან	შიშისაგან	2	1	1.9	mrav-sinai-fathers-amonios	RARE
შევწირეთ	შევწირეთ	2	1	1.9	mrav-sinai-fathers-amonios	RARE
ვიწყეთ	ვიწყეთ	2	1	1.9	mrav-sinai-fathers-amonios	RARE
მოუკლავს	მოუკლავს	2	1	1.9	mrav-sinai-fathers-amonios	RARE
ვპოვენით	ვპოვენით	2	1	1.9	mrav-sinai-fathers-amonios	RARE
მოწყუედისა	მოწყუედისა	2	1	1.9	mrav-sinai-fathers-amonios	RARE
დეკენბერისასა	დეკენბერისასა	2	1	1.9	mrav-sinai-fathers-amonios	RARE
ათი	ათი	2	1	1.9	mrav-sinai-fathers-amonios	RARE
გჳთხრეს	გვთხრეს	2	1	1.9	mrav-sinai-fathers-amonios	RARE
რომელთაჲმე	რომელთაიმე	2	1	1.9	mrav-sinai-fathers-amonios	RARE
იცინ	იცინ	2	2	3.7	mrav-sinai-fathers-amonios|mrav-sulthmofenoba-2	RARE
დასასრულადმდე	დასასრულადმდე	2	1	1.9	mrav-sinai-fathers-amonios	RARE
მოჰრწყავს	მოჰრწყავს	2	1	1.9	mrav-sinai-fathers-amonios	RARE
მათგანისაჲ	მათგანისაი	2	1	1.9	mrav-sinai-fathers-amonios	RARE
მისითგან	მისითგან	2	1	1.9	mrav-sinai-fathers-amonios	RARE
რიცხჳთ	რიცხვთ	2	1	1.9	mrav-sinai-fathers-amonios	RARE
ფარანით	ფარანით	2	1	1.9	mrav-sinai-fathers-amonios	RARE
ღაღადებად	ღაღადებად	2	1	1.9	mrav-sinai-fathers-amonios	RARE
თჳსისათა	თვსისათა	2	1	1.9	mrav-sinai-fathers-amonios	RARE
ჰრეკა	ჰრეკა	2	1	1.9	mrav-sinai-fathers-amonios	RARE
გელასი	გელასი	2	1	1.9	mrav-sinai-fathers-amonios	RARE
დღისასა	დღისასა	2	1	1.9	mrav-sinai-fathers-amonios	RARE
დაუტევე	დაუტევე	2	2	3.7	mrav-sinai-fathers-amonios|mrav-toma-chrysostom	RARE
თქუენგანი	თქუენგანი	2	1	1.9	mrav-sinai-fathers-amonios	RARE
სარგებელისათჳს	სარგებელისათვს	2	2	3.7	mrav-sinai-fathers-amonios|mrav-sulthmofenoba-1	RARE
ჟამობითა	ჟამობითა	2	1	1.9	mrav-sinai-fathers-amonios	RARE
მოგჳჴდეს	მოგვხდეს	2	1	1.9	mrav-sinai-fathers-amonios	RARE
დაუტევენით	დაუტევენით	2	2	3.7	mrav-sinai-fathers-amonios|mrav-sulthmofenoba-2	RARE
წყაროებისა	წყაროებისა	2	1	1.9	mrav-sinai-fathers-amonios	RARE
ფარანელთა	ფარანელთა	2	1	1.9	mrav-sinai-fathers-amonios	RARE
ჴმობდეს	ხმობდეს	2	1	1.9	mrav-sinai-fathers-amonios	RARE
პოონ	პოონ	2	1	1.9	mrav-sinai-fathers-amonios	RARE
უწყოდეთ	უწყოდეთ	2	2	3.7	mart-stepane|mrav-sinai-fathers-amonios	RARE
ფიცხლითა	ფიცხლითა	2	1	1.9	mrav-sinai-fathers-amonios	RARE
ყოვლისავეთჳს	ყოვლისავეთვს	2	1	1.9	mrav-sinai-fathers-amonios	RARE
მომცა	მომცა	2	2	3.7	mrav-sinai-fathers-amonios|mrav-toma-chrysostom	RARE
ყოველთაო	ყოველთაო	2	1	1.9	mrav-sinai-fathers-amonios	RARE
გამორჩეულნო	გამორჩეულნო	2	2	3.7	mrav-sinai-fathers-amonios|mrav-sulthmofenoba-2	RARE
გჳჩუენე	გვჩუენე	2	1	1.9	mrav-sinai-fathers-amonios	RARE
ჰყვანდა	ჰყვანდა	2	1	1.9	mrav-sinai-fathers-amonios	RARE
დავიმალე	დავიმალე	2	1	1.9	mrav-sinai-fathers-amonios	RARE
უცალოღა	უცალოღა	2	1	1.9	mrav-sinai-fathers-amonios	RARE
მპოონ	მპოონ	2	1	1.9	mrav-sinai-fathers-amonios	RARE
მომკლან	მომკლან	2	1	1.9	mrav-sinai-fathers-amonios	RARE
განვერე	განვერე	2	1	1.9	mrav-sinai-fathers-amonios	RARE
დავჰმარხნე	დავჰმარხნე	2	1	1.9	mrav-sinai-fathers-amonios	RARE
ტირილდ	ტირილდ	2	1	1.9	mrav-sinai-fathers-amonios	RARE
დანაკისკუდისა	დანაკისკუდისა	2	1	1.9	mrav-sinai-fathers-amonios	RARE
დაეტევა	დაეტევა	2	1	1.9	mrav-sinai-fathers-amonios	RARE
წარეკუეთა	წარეკუეთა	2	1	1.9	mrav-sinai-fathers-amonios	RARE
დომნოს	დომნოს	2	1	1.9	mrav-sinai-fathers-amonios	RARE
არიონ	არიონ	2	1	1.9	mrav-sinai-fathers-amonios	RARE
შესაჭმელად	შესაჭმელად	2	2	3.7	inventio-stephani-lucian|mrav-sinai-fathers-amonios	RARE
მოწამისაჲ	მოწამისაი	2	1	1.9	inventio-stephani-lucian	RARE
გამოცხადებისა	გამოცხადებისა	2	1	1.9	inventio-stephani-lucian	RARE
ღამისასა	ღამისასა	2	1	1.9	inventio-stephani-lucian	RARE
მოყუარებისაჲ	მოყუარებისაი	2	2	3.7	inventio-stephani-lucian|mrav-sulthmofenoba-2	RARE
მზითა	მზითა	2	2	3.7	inventio-stephani-lucian|mart-stepane	RARE
განაგდეს	განაგდეს	2	2	3.7	inventio-stephani-lucian|mart-stepane	RARE
აღვდეგ	აღვდეგ	2	1	1.9	inventio-stephani-lucian	RARE
წარმოღებად	წარმოღებად	2	2	3.7	inventio-stephani-lucian|mrav-sulthmofenoba-2	RARE
კაპარ	კაპარ	2	1	1.9	inventio-stephani-lucian	RARE
უბრძანე	უბრძანე	2	1	1.9	inventio-stephani-lucian	RARE
მოვიღეთ	მოვიღეთ	2	2	3.7	inventio-stephani-lucian|mrav-toma-chrysostom	RARE
მოწაფეთაჲთა	მოწაფეთაითა	2	2	3.7	inventio-stephani-lucian|mrav-toma-chrysostom	RARE
სელემია	სელემია	2	1	1.9	inventio-stephani-lucian	RARE
აღადგინეს	აღადგინეს	2	2	3.7	inventio-stephani-lucian|mart-stepane	RARE
ვჰმადლობდ	ვჰმადლობდ	2	1	1.9	inventio-stephani-lucian	RARE
გეტყოდე	გეტყოდე	2	2	3.7	inventio-stephani-lucian|mrav-sulthmofenoba-2	RARE
მოსლვითა	მოსლვითა	2	2	3.7	inventio-stephani-lucian|mrav-toma-chrysostom	RARE
უკმოიქცა	უკმოიქცა	2	2	3.7	inventio-stephani-lucian|mart-stepane	RARE
დამოკიდებულთა	დამოკიდებულთა	2	1	1.9	inventio-stephani-lucian	RARE
აღყენებულად	აღყენებულად	2	1	1.9	inventio-stephani-lucian	RARE
ვაუწყე	ვაუწყე	2	1	1.9	inventio-stephani-lucian	RARE
მიუთხარ	მიუთხარ	2	1	1.9	inventio-stephani-lucian	RARE
ჩუენებისაჲ	ჩუენებისაი	2	1	1.9	inventio-stephani-lucian	RARE
სტეფანჱსნი	სტეფანესნი	2	2	3.7	inventio-stephani-lucian|mart-stepane	RARE
დაშურები	დაშურები	2	1	1.9	inventio-stephani-lucian	RARE
ტყებისაჲ	ტყებისაი	2	1	1.9	inventio-stephani-lucian	RARE
მივიმართეთ	მივიმართეთ	2	1	1.9	inventio-stephani-lucian	RARE
მოვიყვანეთ	მოვიყვანეთ	2	1	1.9	inventio-stephani-lucian	RARE
ბერძენთა	ბერძენთა	2	1	1.9	inventio-stephani-lucian	RARE
დაემტკიცნენ	დაემტკიცნენ	2	2	3.7	mart-stepane|mrav-sulthmofenoba-1	RARE
წარადგინეს	წარადგინეს	2	1	1.9	mart-stepane	RARE
ბჭემან	ბჭემან	2	1	1.9	mart-stepane	RARE
მსახურებისაო	მსახურებისაო	2	1	1.9	mart-stepane	RARE
მეწიფების	მეწიფების	2	2	3.7	mart-stepane|mrav-toma-chrysostom	RARE
უგუნურნო	უგუნურნო	2	1	1.9	mart-stepane	RARE
ეცემოდა	ეცემოდა	2	1	1.9	mart-stepane	RARE
გუემულნი	გუემულნი	2	1	1.9	mart-stepane	RARE
ასინ	მასინ	2	1	1.9	mart-stepane	RARE
წარიყვანა	წარიყვანა	2	1	1.9	mart-stepane	RARE
მოგჳჴსენენ	მოგვხსენენ	2	1	1.9	mart-stepane	RARE
მომეცნეს	მომეცნეს	2	1	1.9	mrav-sulthmofenoba-1	RARE
ქადაგონ	ქადაგონ	2	1	1.9	mrav-sulthmofenoba-1	RARE
ნუგეშინისმცემელი	ნუგეშინისმცემელი	2	2	3.7	mrav-sulthmofenoba-1|mrav-sulthmofenoba-2	RARE
განარინნა	განარინნა	2	1	1.9	mrav-sulthmofenoba-1	RARE
გამოუჩნდეს	გამოუჩნდეს	2	1	1.9	mrav-sulthmofenoba-1	RARE
ეწამებიან	ეწამებიან	2	1	1.9	mrav-sulthmofenoba-1	RARE
ვჰლოცვიდე	ვჰლოცვიდე	2	1	1.9	mrav-sulthmofenoba-2	RARE
დაიტიოთ	დაიტიოთ	2	1	1.9	mrav-sulthmofenoba-2	RARE
მოიცვის	მოიცვის	2	1	1.9	mrav-sulthmofenoba-2	RARE
გიკჳრს	გიკვრს	2	1	1.9	mrav-sulthmofenoba-2	RARE
შეჴდის	შეხდის	2	1	1.9	mrav-sulthmofenoba-2	RARE
აღთქუმისა	აღთქუმისა	2	2	3.7	mrav-sulthmofenoba-2|mrav-toma-chrysostom	RARE
მიერცა	მიერცა	2	1	1.9	mrav-sulthmofenoba-2	RARE
იცით	იცით	2	1	1.9	mrav-sulthmofenoba-2	RARE
ცნობადისაჲ	ცნობადისაი	2	1	1.9	mrav-sulthmofenoba-2	RARE
სთრავს	სთრავს	2	1	1.9	mrav-sulthmofenoba-2	RARE
გინებს	გინებს	2	2	3.7	mrav-sulthmofenoba-2|mrav-toma-chrysostom	RARE
შეორგულებულ	შეორგულებულ	2	1	1.9	mrav-toma-chrysostom	RARE
დათრგუნნა	დათრგუნნა	2	1	1.9	mrav-toma-chrysostom	RARE
ვიხილენით	ვიხილენით	2	1	1.9	mrav-toma-chrysostom	RARE
შევახო	შევახო	2	1	1.9	mrav-toma-chrysostom	RARE
გამოვეძიებ	გამოვეძიებ	2	1	1.9	mrav-toma-chrysostom	RARE
გამოვიწულილავ	გამოვიწულილავ	2	1	1.9	mrav-toma-chrysostom	RARE
თომას	თომას	2	1	1.9	mrav-toma-chrysostom	RARE
გრწმენა	გრწმენა	2	1	1.9	mrav-toma-chrysostom	RARE
ჩემთაჲ	ჩემთაი	2	1	1.9	mrav-toma-chrysostom	RARE
განიპო	განიპო	2	1	1.9	mrav-toma-chrysostom	RARE
მოეახლე	მოეახლე	2	1	1.9	mrav-toma-chrysostom	RARE
შემახე	შემახე	2	1	1.9	mrav-toma-chrysostom	RARE
გიცან	გიცან	2	1	1.9	mrav-toma-chrysostom	RARE
ღებულნო	ღებულნო	2	1	1.9	mrav-toma-chrysostom	RARE
ხარებდ	იხარებდ	1	1	1.9	mrav-aghdgoma-kyrile	RARE
შემოკერბით	შემოკერბით	1	1	1.9	mrav-aghdgoma-kyrile	RARE
იგლოვდით	იგლოვდით	1	1	1.9	mrav-aghdgoma-kyrile	RARE
იგინა	იგინა	1	1	1.9	mrav-aghdgoma-kyrile	RARE
გარდაიქეცინ	გარდაიქეცინ	1	1	1.9	mrav-aghdgoma-kyrile	RARE
მხიარულებად	მხიარულებად	1	1	1.9	mrav-aghdgoma-kyrile	RARE
აღივსნენ	აღივსნენ	1	1	1.9	mrav-aghdgoma-kyrile	RARE
შესხმისაჲ	შესხმისაი	1	1	1.9	mrav-aghdgoma-kyrile	RARE
ხარებულ	ხარებულ	1	1	1.9	mrav-aghdgoma-kyrile	RARE
მოთმინებით	მოთმინებით	1	1	1.9	mrav-aghdgoma-kyrile	RARE
შეიბნა	შეიბნა	1	1	1.9	mrav-aghdgoma-kyrile	RARE
მოვიღებდით	მოვიღებდით	1	1	1.9	mrav-aghdgoma-kyrile	RARE
ვყვნეთ	ვყვნეთ	1	1	1.9	mrav-aghdgoma-kyrile	RARE
მოციქულთამან	მოციქულთამან	1	1	1.9	mrav-aghdgoma-kyrile	RARE
მოწამებისა	მოწამებისა	1	1	1.9	mrav-aghdgoma-kyrile	RARE
სასოებისათჱს	სასოებისათეს	1	1	1.9	mrav-aghdgoma-kyrile	RARE
განკჳრვებულთა	განკვრვებულთა	1	1	1.9	mrav-aghdgoma-kyrile	RARE
დებულ	დებულ	1	1	1.9	mrav-aghdgoma-kyrile	RARE
აღმოიკითხვებოდიან	აღმოიკითხვებოდიან	1	1	1.9	mrav-aghdgoma-kyrile	RARE
დააგნა	დააგნა	1	1	1.9	mrav-aghdgoma-kyrile	RARE
აღებულ	აღებულ	1	1	1.9	mrav-aghdgoma-kyrile	RARE
მივსცნე	მივსცნე	1	1	1.9	mrav-aghdgoma-kyrile	RARE
დაფლვისა	დაფლვისა	1	1	1.9	mrav-aghdgoma-kyrile	RARE
მიწოლით	მიწოლით	1	1	1.9	mrav-aghdgoma-kyrile	RARE
ლეკუმან	ლეკუმან	1	1	1.9	mrav-aghdgoma-kyrile	RARE
ლომისამან	ლომისამან	1	1	1.9	mrav-aghdgoma-kyrile	RARE
განაღჳძოს	განაღვძოს	1	1	1.9	mrav-aghdgoma-kyrile	RARE
სიკუდილისად	სიკუდილისად	1	1	1.9	mrav-aghdgoma-kyrile	RARE
დამჴადეს	დამხადეს	1	1	1.9	mrav-aghdgoma-kyrile	RARE
მიხჳდეთ	მიხვდეთ	1	1	1.9	mrav-aghdgoma-kyrile	RARE
გამოიკუეთენით	გამოიკუეთენით	1	1	1.9	mrav-aghdgoma-kyrile	RARE
წარმომიდგინებს	წარმომიდგინებს	1	1	1.9	mrav-aghdgoma-kyrile	RARE
გლახაკთაჲსა	გლახაკთაისა	1	1	1.9	mrav-aghdgoma-kyrile	RARE
თქუმისათჳს	თქუმისათვს	1	1	1.9	mrav-aghdgoma-kyrile	RARE
დავრდომილთაჲსა	დავრდომილთაისა	1	1	1.9	mrav-aghdgoma-kyrile	RARE
ვიეთთამე	ვიეთთამე	1	1	1.9	mrav-aghdgoma-kyrile	RARE
აღვინმედგის	აღვინმედგის	1	1	1.9	mrav-aghdgoma-kyrile	RARE
რისხვისათჳს	რისხვისათვს	1	1	1.9	mrav-aghdgoma-kyrile	RARE
გებისაჲ	გებისაი	1	1	1.9	mrav-aghdgoma-kyrile	RARE
მიცევ	მიცევ	1	1	1.9	mrav-aghdgoma-kyrile	RARE
გესავ	გესავ	1	1	1.9	mrav-aghdgoma-kyrile	RARE
ჰყოფდ	ჰყოფდ	1	1	1.9	mrav-aghdgoma-kyrile	RARE
მოსისხლეთაგან	მოსისხლეთაგან	1	1	1.9	mrav-aghdgoma-kyrile	RARE
მოვიჴსენო	მოვიხსენო	1	1	1.9	mrav-aghdgoma-kyrile	RARE
სახელები	სახელები	1	1	1.9	mrav-aghdgoma-kyrile	RARE
დამიტევეს	დამიტევეს	1	1	1.9	mrav-aghdgoma-kyrile	RARE
ირჩიეს	ირჩიეს	1	1	1.9	mrav-aghdgoma-kyrile	RARE
ღამემდე	ღამემდე	1	1	1.9	mrav-aghdgoma-kyrile	RARE
განმსწავლეს	განმსწავლეს	1	1	1.9	mrav-aghdgoma-kyrile	RARE
დაჰშთე	დაჰშთე	1	1	1.9	mrav-aghdgoma-kyrile	RARE
მაუწყენ	მაუწყენ	1	1	1.9	mrav-aghdgoma-kyrile	RARE
ცხოვრებისანი	ცხოვრებისანი	1	1	1.9	mrav-aghdgoma-kyrile	RARE
აღმავსე	აღმავსე	1	1	1.9	mrav-aghdgoma-kyrile	RARE
აღმოიყვანე	აღმოიყვანე	1	1	1.9	mrav-aghdgoma-kyrile	RARE
განისუენოს	განისუენოს	1	1	1.9	mrav-aghdgoma-kyrile	RARE
ნიგუზოვანთასა	ნიგუზოვანთასა	1	1	1.9	mrav-aghdgoma-kyrile	RARE
ჰგიესღა	ჰგიესღა	1	1	1.9	mrav-aghdgoma-kyrile	RARE
ჰურიათაგან	ჰურიათაგან	1	1	1.9	mrav-aghdgoma-kyrile	RARE
ცოცხალღა	ცოცხალღა	1	1	1.9	mrav-aghdgoma-kyrile	RARE
დასითურთ	დასითურთ	1	1	1.9	mrav-aghdgoma-kyrile	RARE
განსუენებად	განსუენებად	1	1	1.9	mrav-aghdgoma-kyrile	RARE
იკითხავ	იკითხავ	1	1	1.9	mrav-aghdgoma-kyrile	RARE
სოფონია	სოფონია	1	1	1.9	mrav-aghdgoma-kyrile	RARE
აღიმსთუე	აღიმსთუე	1	1	1.9	mrav-aghdgoma-kyrile	RARE
ტევანიცა	ტევანიცა	1	1	1.9	mrav-aghdgoma-kyrile	RARE
მოიკაფოს	მოიკაფოს	1	1	1.9	mrav-aghdgoma-kyrile	RARE
აღიმსთუვე	აღიმსთუვე	1	1	1.9	mrav-aghdgoma-kyrile	RARE
მოელოდე	მოელოდე	1	1	1.9	mrav-aghdgoma-kyrile	RARE
მისივე	მისივე	1	1	1.9	mrav-aghdgoma-kyrile	RARE
დამითმე	დამითმე	1	1	1.9	mrav-aghdgoma-kyrile	RARE
გოლგოთისა	გოლგოთისა	1	1	1.9	mrav-aghdgoma-kyrile	RARE
საწინაწარმეტყუელოჲ	საწინაწარმეტყუელოი	1	1	1.9	mrav-aghdgoma-kyrile	RARE
მოვაქცინე	მოვაქცინე	1	1	1.9	mrav-aghdgoma-kyrile	RARE
ერთა	ერთა	1	1	1.9	mrav-aghdgoma-kyrile	RARE
წარავლინებდა	წარავლინებდა	1	1	1.9	mrav-aghdgoma-kyrile	RARE
ჰმონებდენ	ჰმონებდენ	1	1	1.9	mrav-aghdgoma-kyrile	RARE
გამომართუან	გამომართუან	1	1	1.9	mrav-aghdgoma-kyrile	RARE
ჰინდოჲ	ჰინდოი	1	1	1.9	mrav-aghdgoma-kyrile	RARE
აღდგომის	აღდგომის	1	1	1.9	mrav-aghdgoma-kyrile	RARE
შეგძრავნ	შეგძრავნ	1	1	1.9	mrav-aghdgoma-kyrile	RARE
აღსარებისაგან	აღსარებისაგან	1	1	1.9	mrav-aghdgoma-kyrile	RARE
იიღე	მიიღე	1	1	1.9	mrav-aghdgoma-kyrile	RARE
სოფონიასა	სოფონიასა	1	1	1.9	mrav-aghdgoma-kyrile	RARE
უძლურებით	უძლურებით	1	1	1.9	mrav-aghdgoma-kyrile	RARE
ევირაცხე	შევირაცხე	1	1	1.9	mrav-aghdgoma-kyrile	RARE
შთავიდოდეს	შთავიდოდეს	1	1	1.9	mrav-aghdgoma-kyrile	RARE
განმაშორენ	განმაშორენ	1	1	1.9	mrav-aghdgoma-kyrile	RARE
მკუდართათჳს	მკუდართათვს	1	1	1.9	mrav-aghdgoma-kyrile	RARE
ჰყოა	ჰყოა	1	1	1.9	mrav-aghdgoma-kyrile	RARE
მიგეწიფნეს	მიგეწიფნეს	1	1	1.9	mrav-aghdgoma-kyrile	RARE
ვნებისასა	ვნებისასა	1	1	1.9	mrav-aghdgoma-kyrile	RARE
საფარველისაგან	საფარველისაგან	1	1	1.9	mrav-aghdgoma-kyrile	RARE
კლდისაჲ	კლდისაი	1	1	1.9	mrav-aghdgoma-kyrile	RARE
კლდისაგან	კლდისაგან	1	1	1.9	mrav-aghdgoma-kyrile	RARE
მოიკოდა	მოიკოდა	1	1	1.9	mrav-aghdgoma-kyrile	RARE
შემკულებისა	შემკულებისა	1	1	1.9	mrav-aghdgoma-kyrile	RARE
განშუენებითა	განშუენებითა	1	1	1.9	mrav-aghdgoma-kyrile	RARE
ზღუდედ	ზღუდედ	1	1	1.9	mrav-aghdgoma-kyrile	RARE
სხლვად	სხლვად	1	1	1.9	mrav-aghdgoma-kyrile	RARE
სხლვენ	სხლვენ	1	1	1.9	mrav-aghdgoma-kyrile	RARE
მიჰრაკნისა	მიჰრაკნისა	1	1	1.9	mrav-aghdgoma-kyrile	RARE
მოწევნითგან	მოწევნითგან	1	1	1.9	mrav-aghdgoma-kyrile	RARE
შესაქმისაჲ	შესაქმისაი	1	1	1.9	mrav-aghdgoma-kyrile	RARE
გამოიღენ	გამოიღენ	1	1	1.9	mrav-aghdgoma-kyrile	RARE
თივისაჲ	თივისაი	1	1	1.9	mrav-aghdgoma-kyrile	RARE
თესლადისაჲ	თესლადისაი	1	1	1.9	mrav-aghdgoma-kyrile	RARE
თესლისაჲ	თესლისაი	1	1	1.9	mrav-aghdgoma-kyrile	RARE
გამოჯეჯლოვის	გამოჯეჯლოვის	1	1	1.9	mrav-aghdgoma-kyrile	RARE
უწინარჱ	უწინარე	1	1	1.9	mrav-aghdgoma-kyrile	RARE
განზოგებისაჲ	განზოგებისაი	1	1	1.9	mrav-aghdgoma-kyrile	RARE
დააბნელა	დააბნელა	1	1	1.9	mrav-aghdgoma-kyrile	RARE
აღიფხურეს	აღიფხურეს	1	1	1.9	mrav-aghdgoma-kyrile	RARE
ადამისათჳს	ადამისათვს	1	1	1.9	mrav-aghdgoma-kyrile	RARE
დარჩილ	დარჩილ	1	1	1.9	mrav-aghdgoma-kyrile	RARE
ქუყანაჲ	ქუყანაი	1	1	1.9	mrav-aghdgoma-kyrile	RARE
მოვისთულე	მოვისთულე	1	1	1.9	mrav-aghdgoma-kyrile	RARE
ნელსაცხებელითურთ	ნელსაცხებელითურთ	1	1	1.9	mrav-aghdgoma-kyrile	RARE
დაფლვისათჳს	დაფლვისათვს	1	1	1.9	mrav-aghdgoma-kyrile	RARE
შებმულად	შებმულად	1	1	1.9	mrav-aghdgoma-kyrile	RARE
დაემზადა	დაემზადა	1	1	1.9	mrav-aghdgoma-kyrile	RARE
დაასხენით	დაასხენით	1	1	1.9	mrav-aghdgoma-kyrile	RARE
სამსჭუალთასა	სამსჭუალთასა	1	1	1.9	mrav-aghdgoma-kyrile	RARE
რაჲა	რაია	1	1	1.9	mrav-aghdgoma-kyrile	RARE
თაფლისაგან	თაფლისაგან	1	1	1.9	mrav-aghdgoma-kyrile	RARE
შესლვადმდე	შესლვადმდე	1	1	1.9	mrav-aghdgoma-kyrile	RARE
სწთოდეს	სწთოდეს	1	1	1.9	mrav-aghdgoma-kyrile	RARE
რიჟუ	რიჟუ	1	1	1.9	mrav-aghdgoma-kyrile	RARE
რაჟუღა	რაჟუღა	1	1	1.9	mrav-aghdgoma-kyrile	RARE
ადგინებდეს	ადგინებდეს	1	1	1.9	mrav-aghdgoma-kyrile	RARE
მკუდარნიცა	მკუდარნიცა	1	1	1.9	mrav-aghdgoma-kyrile	RARE
შევიპყრა	შევიპყრა	1	1	1.9	mrav-aghdgoma-kyrile	RARE
ანგელოზთაჲსა	ანგელოზთაისა	1	1	1.9	mrav-aghdgoma-kyrile	RARE
შევიპყარ	შევიპყარ	1	1	1.9	mrav-aghdgoma-kyrile	RARE
დაშრიტის	დაშრიტის	1	1	1.9	mrav-aghdgoma-kyrile	RARE
წარრღუნიან	წარრღუნიან	1	1	1.9	mrav-aghdgoma-kyrile	RARE
ვერვე	ვერვე	1	1	1.9	mrav-aghdgoma-kyrile	RARE
დაშრტა	დაშრტა	1	1	1.9	mrav-aghdgoma-kyrile	RARE
გეშინოდის	გეშინოდის	1	1	1.9	mrav-aghdgoma-kyrile	RARE
ეშინოდენ	ეშინოდენ	1	1	1.9	mrav-aghdgoma-kyrile	RARE
სრულმან	სრულმან	1	1	1.9	mrav-aghdgoma-kyrile	RARE
წარჰჴადის	წარჰხადის	1	1	1.9	mrav-aghdgoma-kyrile	RARE
უთხარით	უთხარით	1	1	1.9	mrav-aghdgoma-kyrile	RARE
მიუთხრობს	მიუთხრობს	1	1	1.9	mrav-aghdgoma-kyrile	RARE
ჰმონეთ	ჰმონეთ	1	1	1.9	mrav-aghdgoma-kyrile	RARE
უგალობდით	უგალობდით	1	1	1.9	mrav-aghdgoma-kyrile	RARE
ძრვისა	ძრვისა	1	1	1.9	mrav-aghdgoma-kyrile	RARE
აჰბეჭდეს	დაჰბეჭდეს	1	1	1.9	mrav-aghdgoma-kyrile	RARE
პილატჱთურთ	პილატეთურთ	1	1	1.9	mrav-aghdgoma-kyrile	RARE
ხილვით	ხილვით	1	1	1.9	mrav-aghdgoma-kyrile	RARE
მოხუალთ	მოხუალთ	1	1	1.9	mrav-aghdgoma-kyrile	RARE
მარქუ	მარქუ	1	1	1.9	mrav-aghdgoma-kyrile	RARE
არწმუნეს	არწმუნეს	1	1	1.9	mrav-aghdgoma-kyrile	RARE
არწმუნონ	არწმუნონ	1	1	1.9	mrav-aghdgoma-kyrile	RARE
განსცეს	განსცეს	1	1	1.9	mrav-aghdgoma-kyrile	RARE
კოდილად	კოდილად	1	1	1.9	mrav-aghdgoma-kyrile	RARE
აღაშჱნნეს	აღაშენნეს	1	1	1.9	mrav-aghdgoma-kyrile	RARE
განაშუენეს	განაშუენეს	1	1	1.9	mrav-aghdgoma-kyrile	RARE
გყვნეთ	გყვნეთ	1	1	1.9	mrav-aghdgoma-kyrile	RARE
იტანჯნეს	იტანჯნეს	1	1	1.9	mrav-aghdgoma-kyrile	RARE
ჰეროდჱსგან	ჰეროდესგან	1	1	1.9	mrav-aghdgoma-kyrile	RARE
დაეფარნეს	დაეფარნეს	1	1	1.9	mrav-aghdgoma-kyrile	RARE
გამოაცხადნეს	გამოაცხადნეს	1	1	1.9	mrav-aghdgoma-kyrile	RARE
მაცხოვრისაჲთა	მაცხოვრისაითა	1	1	1.9	mrav-aghdgoma-kyrile	RARE
განმაცხოველნეს	განმაცხოველნეს	1	1	1.9	mrav-aghdgoma-kyrile	RARE
არწმუნებენ	არწმუნებენ	1	1	1.9	mrav-aghdgoma-kyrile	RARE
დაივიწყნეს	დაივიწყნეს	1	1	1.9	mrav-aghdgoma-kyrile	RARE
აცილობენ	აცილობენ	1	1	1.9	mrav-aghdgoma-kyrile	RARE
ელისჱსსა	ელისესსა	1	1	1.9	mrav-aghdgoma-kyrile	RARE
წარმოადგინნეთ	წარმოადგინნეთ	1	1	1.9	mrav-aghdgoma-kyrile	RARE
ბრაელთაჲ	ებრაელთაი	1	1	1.9	mrav-aghdgoma-kyrile	RARE
ებრაელნივე	ებრაელნივე	1	1	1.9	mrav-aghdgoma-kyrile	RARE
ებრაელთაჲ	ებრაელთაი	1	1	1.9	mrav-aghdgoma-kyrile	RARE
ებრაელთაგანი	ებრაელთაგანი	1	1	1.9	mrav-aghdgoma-kyrile	RARE
რმე	რმე	1	1	1.9	mrav-aghdgoma-kyrile	RARE
ბრალისათჳს	ბრალისათვს	1	1	1.9	mrav-aghdgoma-kyrile	RARE
ებრაელთაგან	ებრაელთაგან	1	1	1.9	mrav-aghdgoma-kyrile	RARE
რწმუნებად	რწმუნებად	1	1	1.9	mrav-aghdgoma-kyrile	RARE
ელისეს	ელისეს	1	1	1.9	mrav-aghdgoma-kyrile	RARE
შესუენებულთანი	შესუენებულთანი	1	1	1.9	mrav-aghdgoma-kyrile	RARE
საფლავთაგან	საფლავთაგან	1	1	1.9	mrav-aghdgoma-kyrile	RARE
ელიაჲსათა	ელიაისათა	1	1	1.9	mrav-aghdgoma-kyrile	RARE
იდევნებოდეს	იდევნებოდეს	1	1	1.9	mrav-aghdgoma-kyrile	RARE
წინაწარმეტყუელთათჳს	წინაწარმეტყუელთათვს	1	1	1.9	mrav-aghdgoma-kyrile	RARE
ვსძაგებთ	ვსძაგებთ	1	1	1.9	mrav-aghdgoma-kyrile	RARE
განვაკეთებთ	განვაკეთებთ	1	1	1.9	mrav-aghdgoma-kyrile	RARE
ჩუენვე	ჩუენვე	1	1	1.9	mrav-aghdgoma-kyrile	RARE
ახლოდ	ახლოდ	1	1	1.9	mrav-aghdgoma-kyrile	RARE
მიჩუენეთ	მიჩუენეთ	1	1	1.9	mrav-aghdgoma-kyrile	RARE
ვეძიებთ	ვეძიებთ	1	1	1.9	mrav-aghdgoma-kyrile	RARE
ესევითარისათჳს	ესევითარისათვს	1	1	1.9	mrav-aghdgoma-kyrile	RARE
გამორაჲვიწულილოთ	გამორაივიწულილოთ	1	1	1.9	mrav-aghdgoma-kyrile	RARE
იონაჲსთჳს	იონაისთვს	1	1	1.9	mrav-aghdgoma-kyrile	RARE
ხურინვიდა	ხურინვიდა	1	1	1.9	mrav-aghdgoma-kyrile	RARE
განრისხნებოდა	განრისხნებოდა	1	1	1.9	mrav-aghdgoma-kyrile	RARE
მძინარისაჲ	მძინარისაი	1	1	1.9	mrav-aghdgoma-kyrile	RARE
ხურინავ	ხურინავ	1	1	1.9	mrav-aghdgoma-kyrile	RARE
აღდეგი	აღდეგი	1	1	1.9	mrav-aghdgoma-kyrile	RARE
ევედრებოდე	ევედრებოდე	1	1	1.9	mrav-aghdgoma-kyrile	RARE
განმარინნეს	განმარინნეს	1	1	1.9	mrav-aghdgoma-kyrile	RARE
მიჴსნენ	მიხსნენ	1	1	1.9	mrav-aghdgoma-kyrile	RARE
წარმოსთხინეს	წარმოსთხინეს	1	1	1.9	mrav-aghdgoma-kyrile	RARE
ვიჴსნენით	ვიხსნენით	1	1	1.9	mrav-aghdgoma-kyrile	RARE
სიტყუასსა	სიტყუასსა	1	1	1.9	mrav-aghdgoma-kyrile	RARE
დაფლულისაჲ	დაფლულისაი	1	1	1.9	mrav-aghdgoma-kyrile	RARE
მჴეცისასა	მხეცისასა	1	1	1.9	mrav-aghdgoma-kyrile	RARE
კაცთაგანმან	კაცთაგანმან	1	1	1.9	mrav-aghdgoma-kyrile	RARE
მუცლისაჲ	მუცლისაი	1	1	1.9	mrav-aghdgoma-kyrile	RARE
ძუალიცა	ძუალიცა	1	1	1.9	mrav-aghdgoma-kyrile	RARE
შთანთქმული	შთანთქმული	1	1	1.9	mrav-aghdgoma-kyrile	RARE
დავედნის	დავედნის	1	1	1.9	mrav-aghdgoma-kyrile	RARE
დალპა	დალპა	1	1	1.9	mrav-aghdgoma-kyrile	RARE
კაცთაგანისაჲ	კაცთაგანისაი	1	1	1.9	mrav-aghdgoma-kyrile	RARE
უკმოუღებელად	უკმოუღებელად	1	1	1.9	mrav-aghdgoma-kyrile	RARE
გჳგებენ	გვგებენ	1	1	1.9	mrav-aghdgoma-kyrile	RARE
შთაჰყვა	შთაჰყვა	1	1	1.9	mrav-aghdgoma-kyrile	RARE
შთააყვანებს	შთააყვანებს	1	1	1.9	mrav-aghdgoma-kyrile	RARE
აღდგომილისათა	აღდგომილისათა	1	1	1.9	mrav-aghdgoma-kyrile	RARE
დააყენა	დააყენა	1	1	1.9	mrav-aghdgoma-kyrile	RARE
მეკარენო	მეკარენო	1	1	1.9	mrav-aghdgoma-kyrile	RARE
ჯოჯოხეთისანო	ჯოჯოხეთისანო	1	1	1.9	mrav-aghdgoma-kyrile	RARE
შესძრწუნდით	შესძრწუნდით	1	1	1.9	mrav-aghdgoma-kyrile	RARE
შეგიპყრნა	შეგიპყრნა	1	1	1.9	mrav-aghdgoma-kyrile	RARE
სამოველ	სამოველ	1	1	1.9	mrav-aghdgoma-kyrile	RARE
ჴსნებოდეს	იხსნებოდეს	1	1	1.9	mrav-aghdgoma-kyrile	RARE
ქადაგებულსა	ქადაგებულსა	1	1	1.9	mrav-aghdgoma-kyrile	RARE
ქადაგთაჲ	ქადაგთაი	1	1	1.9	mrav-aghdgoma-kyrile	RARE
მიჴსნნა	მიხსნნა	1	1	1.9	mrav-aghdgoma-kyrile	RARE
მყოფელმან	მყოფელმან	1	1	1.9	mrav-aghdgoma-kyrile	RARE
ჯოჯოხეთსვე	ჯოჯოხეთსვე	1	1	1.9	mrav-aghdgoma-kyrile	RARE
შთავჴედი	შთავხედი	1	1	1.9	mrav-aghdgoma-kyrile	RARE
დააჯერეს	დააჯერეს	1	1	1.9	mrav-aghdgoma-kyrile	RARE
ჰურიათათჳს	ჰურიათათვს	1	1	1.9	mrav-aghdgoma-kyrile	RARE
აღმოიყვანა	აღმოიყვანა	1	1	1.9	mrav-aghdgoma-kyrile	RARE
ცხოვართაჲ	ცხოვართაი	1	1	1.9	mrav-aghdgoma-kyrile	RARE
ყოფილთაჲ	ყოფილთაი	1	1	1.9	mrav-aghdgoma-kyrile	RARE
მწყემსთაჲ	მწყემსთაი	1	1	1.9	mrav-aghdgoma-kyrile	RARE
დაეცნედ	დაეცნედ	1	1	1.9	mrav-aghdgoma-kyrile	RARE
დაეცემიან	დაეცემიან	1	1	1.9	mrav-aghdgoma-kyrile	RARE
ზედასდგა	ზედასდგა	1	1	1.9	mrav-aghdgoma-kyrile	RARE
გაცთუნოს	გაცთუნოს	1	1	1.9	mrav-aghdgoma-kyrile	RARE
გმობად	გმობად	1	1	1.9	mrav-aghdgoma-kyrile	RARE
საუცრად	საუცრად	1	1	1.9	mrav-aghdgoma-kyrile	RARE
ჩუენისაჲო	ჩუენისაიო	1	1	1.9	mrav-aghdgoma-kyrile	RARE
შესუენებულთაჲ	შესუენებულთაი	1	1	1.9	mrav-aghdgoma-kyrile	RARE
კეფას	კეფას	1	1	1.9	mrav-aghdgoma-kyrile	RARE
ხუთთაჲ	ხუთთაი	1	1	1.9	mrav-aghdgoma-kyrile	RARE
ქალაქისასა	ქალაქისასა	1	1	1.9	mrav-aghdgoma-kyrile	RARE
პირველსახემან	პირველსახემან	1	1	1.9	mrav-aghdgoma-kyrile	RARE
თჳსიბოთ	თვსიბოთ	1	1	1.9	mrav-aghdgoma-kyrile	RARE
იაკობიო	იაკობიო	1	1	1.9	mrav-aghdgoma-kyrile	RARE
ვახარებ	ვახარებ	1	1	1.9	mrav-aghdgoma-kyrile	RARE
მთოვარჱსა	მთოვარესა	1	1	1.9	mrav-aghdgoma-kyrile	RARE
გარდაეგორვა	გარდაეგორვა	1	1	1.9	mrav-aghdgoma-kyrile	RARE
საფლავისანი	საფლავისანი	1	1	1.9	mrav-aghdgoma-kyrile	RARE
შეახებდეს	შეახებდეს	1	1	1.9	mrav-aghdgoma-kyrile	RARE
სამშჭუალთანი	სამშჭუალთანი	1	1	1.9	mrav-aghdgoma-kyrile	RARE
ძრვისაჲ	ძრვისაი	1	1	1.9	mrav-aghdgoma-kyrile	RARE
შეემოსნეს	შეემოსნეს	1	1	1.9	mrav-aghdgoma-kyrile	RARE
ჴსენებად	ხსენებად	1	1	1.9	mrav-aghdgoma-kyrile	RARE
ამებს	ჩამებს	1	1	1.9	mrav-aghdgoma-kyrile	RARE
სახელიცა	სახელიცა	1	1	1.9	mrav-aghdgoma-kyrile	RARE
ზღუაჲცა	ზღუაიცა	1	1	1.9	mrav-aghdgoma-kyrile	RARE
თევზთაჲცა	თევზთაიცა	1	1	1.9	mrav-aghdgoma-kyrile	RARE
პეტრეცა	პეტრეცა	1	1	1.9	mrav-aghdgoma-kyrile	RARE
აღიარა	აღიარა	1	1	1.9	mrav-aghdgoma-kyrile	RARE
აღსლვისა	აღსლვისა	1	1	1.9	mrav-aghdgoma-kyrile	RARE
აღმაღლებისაჲ	აღმაღლებისაი	1	1	1.9	mrav-aghdgoma-kyrile	RARE
მოძღურებისაჲ	მოძღურებისაი	1	1	1.9	mrav-aghdgoma-kyrile	RARE
უძლურებისა	უძლურებისა	1	1	1.9	mrav-aghdgoma-kyrile	RARE
საკითხავთაგან	საკითხავთაგან	1	1	1.9	mrav-aghdgoma-kyrile	RARE
აღმაღლებისათჳს	აღმაღლებისათვს	1	1	1.9	mrav-aghdgoma-kyrile	RARE
ითქუმოდეს	ითქუმოდეს	1	1	1.9	mrav-aghdgoma-kyrile	RARE
ერჩდე	ერჩდე	1	1	1.9	mrav-aghdgoma-kyrile	RARE
გასწავებს	გასწავებს	1	1	1.9	mrav-aghdgoma-kyrile	RARE
გრწმენეს	გრწმენეს	1	1	1.9	mrav-aghdgoma-kyrile	RARE
გეჴსენოს	გეხსენოს	1	1	1.9	mrav-aghdgoma-kyrile	RARE
მოვეგაჴსენო	მოვეგახსენო	1	1	1.9	mrav-aghdgoma-kyrile	RARE
გეჴსენენ	გეხსენენ	1	1	1.9	mrav-aghdgoma-kyrile	RARE
აღახუენით	აღახუენით	1	1	1.9	mrav-aghdgoma-kyrile	RARE
აღჰჴედ	აღჰხედ	1	1	1.9	mrav-aghdgoma-kyrile	RARE
წარმოსტყუენე	წარმოსტყუენე	1	1	1.9	mrav-aghdgoma-kyrile	RARE
აღაშჱნებს	აღაშენებს	1	1	1.9	mrav-aghdgoma-kyrile	RARE
გებისათჳს	გებისათვს	1	1	1.9	mrav-aghdgoma-kyrile	RARE
გიგებდენ	გიგებდენ	1	1	1.9	mrav-aghdgoma-kyrile	RARE
ამბაკუმისთჳს	ამბაკუმისთვს	1	1	1.9	mrav-aghdgoma-kyrile	RARE
მიცვალებისა	მიცვალებისა	1	1	1.9	mrav-aghdgoma-kyrile	RARE
ანგელოზისაგან	ანგელოზისაგან	1	1	1.9	mrav-aghdgoma-kyrile	RARE
აღსლვად	აღსლვად	1	1	1.9	mrav-aghdgoma-kyrile	RARE
უჩემე	უჩემე	1	1	1.9	mrav-aghdgoma-kyrile	RARE
აღიტაცნეს	აღიტაცნეს	1	1	1.9	mrav-aghdgoma-kyrile	RARE
ენოქი	ენოქი	1	1	1.9	mrav-aghdgoma-kyrile	RARE
ნაძუთასა	ნაძუთასა	1	1	1.9	mrav-aghdgoma-kyrile	RARE
აქუნდე	აქუნდე	1	1	1.9	mrav-aghdgoma-kyrile	RARE
დადებითა	დადებითა	1	1	1.9	mrav-aghdgoma-kyrile	RARE
მსგავსებითა	მსგავსებითა	1	1	1.9	mrav-aghdgoma-kyrile	RARE
გიჩნდენ	გიჩნდენ	1	1	1.9	mrav-aghdgoma-kyrile	RARE
ცადცა	ცადცა	1	1	1.9	mrav-aghdgoma-kyrile	RARE
სამოთხედცა	სამოთხედცა	1	1	1.9	mrav-aghdgoma-kyrile	RARE
შეჰგავს	შეჰგავს	1	1	1.9	mrav-aghdgoma-kyrile	RARE
მოიღონ	მოიღონ	1	1	1.9	mrav-aghdgoma-kyrile	RARE
მარტჳრობისაცა	მარტვრობისაცა	1	1	1.9	mrav-aghdgoma-kyrile	RARE
აუტეო	დაუტეო	1	1	1.9	mrav-aghdgoma-kyrile	RARE
კუირიაკისა	კუირიაკისა	1	1	1.9	mrav-aghdgoma-kyrile	RARE
გეჴსენნედ	გეხსენნედ	1	1	1.9	mrav-aghdgoma-kyrile	RARE
თქუმულნიცა	თქუმულნიცა	1	1	1.9	mrav-aghdgoma-kyrile	RARE
საყდრისასა	საყდრისასა	1	1	1.9	mrav-aghdgoma-kyrile	RARE
მისაწდომელ	მისაწდომელ	1	1	1.9	mrav-aghdgoma-kyrile	RARE
იდებთ	იდებთ	1	1	1.9	mrav-aghdgoma-kyrile	RARE
მიერითგანღა	მიერითგანღა	1	1	1.9	mrav-aghdgoma-kyrile	RARE
ჯდომად	ჯდომად	1	1	1.9	mrav-aghdgoma-kyrile	RARE
წარმოჩინებულად	წარმოჩინებულად	1	1	1.9	mrav-aghdgoma-kyrile	RARE
უპყრიან	უპყრიან	1	1	1.9	mrav-aghdgoma-kyrile	RARE
ვინაჲგანცა	ვინაიგანცა	1	1	1.9	mrav-aghdgoma-kyrile	RARE
სიგრძესა	სიგრძესა	1	1	1.9	mrav-aghdgoma-kyrile	RARE
წამებულ	წამებულ	1	1	1.9	mrav-aghdgoma-kyrile	RARE
დავსხნე	დავსხნე	1	1	1.9	mrav-aghdgoma-kyrile	RARE
აამტკიცებს	დაამტკიცებს	1	1	1.9	mrav-aghdgoma-kyrile	RARE
გულისხმისყოფითა	გულისხმისყოფითა	1	1	1.9	mrav-aghdgoma-kyrile	RARE
მარჯუებით	მარჯუებით	1	1	1.9	mrav-aghdgoma-kyrile	RARE
მარტჳრიისათა	მარტვრიისათა	1	1	1.9	mrav-aghdgoma-kyrile	RARE
ათერთმეტითურთ	ათერთმეტითურთ	1	1	1.9	mrav-aghdgoma-kyrile	RARE
ოვიჴსენოთ	მოვიხსენოთ	1	1	1.9	mrav-aghdgoma-kyrile	RARE
იხილოთ	იხილოთ	1	1	1.9	mrav-aghdgoma-kyrile	RARE
აღდომითა	აღდომითა	1	1	1.9	mrav-aghdgoma-kyrile	RARE
ჰრომდ	ჰრომდ	1	1	1.9	mrav-aghdgoma-kyrile	RARE
ეფესელთასა	ეფესელთასა	1	1	1.9	mrav-aghdgoma-kyrile	RARE
დასუა	დასუა	1	1	1.9	mrav-aghdgoma-kyrile	RARE
კოლასელთა	კოლასელთა	1	1	1.9	mrav-aghdgoma-kyrile	RARE
ასდეგით	ასდეგით	1	1	1.9	mrav-aghdgoma-kyrile	RARE
ეძიებდით	ეძიებდით	1	1	1.9	mrav-aghdgoma-kyrile	RARE
სამარადისოჲ	სამარადისოი	1	1	1.9	mrav-aghdgoma-kyrile	RARE
ჰხედევდით	ჰხედევდით	1	1	1.9	mrav-aghdgoma-kyrile	RARE
რომელმანიგი	რომელმანიგი	1	1	1.9	mrav-aghdgoma-kyrile	RARE
შეურაცხყო	შეურაცხყო	1	1	1.9	mrav-aghdgoma-kyrile	RARE
ესოდენიცა	ესოდენიცა	1	1	1.9	mrav-aghdgoma-kyrile	RARE
უპყრიენ	უპყრიენ	1	1	1.9	mrav-aghdgoma-kyrile	RARE
დაიცვენინ	დაიცვენინ	1	1	1.9	mrav-aghdgoma-kyrile	RARE
დაგმარხენინ	დაგმარხენინ	1	1	1.9	mrav-aghdgoma-kyrile	RARE
აღგადგინენინ	აღგადგინენინ	1	1	1.9	mrav-aghdgoma-kyrile	RARE
მკუდრობისა	მკუდრობისა	1	1	1.9	mrav-aghdgoma-kyrile	RARE
ღირსგყვენინ	ღირსგყვენინ	1	1	1.9	mrav-aghdgoma-kyrile	RARE
აღტაცებად	აღტაცებად	1	1	1.9	mrav-aghdgoma-kyrile	RARE
შეწყნარებისა	შეწყნარებისა	1	1	1.9	mrav-aghdgoma-kyrile	RARE
აღჴოცნ	აღხოცნ	1	1	1.9	mrav-aghdgoma-kyrile	RARE
მრავალთაჲ	მრავალთაი	1	1	1.9	mrav-aghdgoma-kyrile	RARE
აღიჴოცოს	აღიხოცოს	1	1	1.9	mrav-aghdgoma-kyrile	RARE
შეცოდებულთაჲ	შეცოდებულთაი	1	1	1.9	mrav-aghdgoma-kyrile	RARE
ადგომილისა	ადგომილისა	1	1	1.9	mrav-aghdgoma-kyrile	RARE
აღმაღლებულისაჲ	აღმაღლებულისაი	1	1	1.9	mrav-aghdgoma-kyrile	RARE
მომავალისაჲ	მომავალისაი	1	1	1.9	mrav-aghdgoma-kyrile	RARE
კრძალე	ეკრძალე	1	1	1.9	mrav-aghdgoma-kyrile	RARE
სულითაცა	სულითაცა	1	1	1.9	mrav-aghdgoma-kyrile	RARE
ცნობილსა	ცნობილსა	1	1	1.9	mrav-aghdgoma-kyrile	RARE
რქუმად	რქუმად	1	1	1.9	mrav-aghdgoma-kyrile	RARE
ათელ	ნათელ	1	1	1.9	mrav-aghdgoma-meletios	RARE
ივავლინენით	მივავლინენით	1	1	1.9	mrav-aghdgoma-meletios	RARE
კრძალულებით	კრძალულებით	1	1	1.9	mrav-aghdgoma-meletios	RARE
მიავლინენით	მიავლინენით	1	1	1.9	mrav-aghdgoma-meletios	RARE
განვაცრუვენით	განვაცრუვენით	1	1	1.9	mrav-aghdgoma-meletios	RARE
მიეს	მიეს	1	1	1.9	mrav-aghdgoma-meletios	RARE
ყოველასა	ყოველასა	1	1	1.9	mrav-aghdgoma-meletios	RARE
დავშურეთ	დავშურეთ	1	1	1.9	mrav-aghdgoma-meletios	RARE
დავადუმნეთ	დავადუმნეთ	1	1	1.9	mrav-aghdgoma-meletios	RARE
უთხრან	უთხრან	1	1	1.9	mrav-aghdgoma-meletios	RARE
შევადგნეთ	შევადგნეთ	1	1	1.9	mrav-aghdgoma-meletios	RARE
ერსაცა	ერსაცა	1	1	1.9	mrav-aghdgoma-meletios	RARE
მიუგოთ	მიუგოთ	1	1	1.9	mrav-aghdgoma-meletios	RARE
ზრუნვისაგან	ზრუნვისაგან	1	1	1.9	mrav-aghdgoma-meletios	RARE
განითქუას	განითქუას	1	1	1.9	mrav-aghdgoma-meletios	RARE
მოვიქცინეთ	მოვიქცინეთ	1	1	1.9	mrav-aghdgoma-meletios	RARE
მოსაჯულ	მოსაჯულ	1	1	1.9	mrav-aghdgoma-meletios	RARE
მექმნენ	მექმნენ	1	1	1.9	mrav-aghdgoma-meletios	RARE
დამშჯელ	დამშჯელ	1	1	1.9	mrav-aghdgoma-meletios	RARE
შეუწოდეს	შეუწოდეს	1	1	1.9	mrav-aghdgoma-meletios	RARE
აღსდგებით	აღსდგებით	1	1	1.9	mrav-aghdgoma-meletios	RARE
შეაწუხოთ	შეაწუხოთ	1	1	1.9	mrav-aghdgoma-meletios	RARE
აღსძრათ	აღსძრათ	1	1	1.9	mrav-aghdgoma-meletios	RARE
აღავსნეთ	აღავსნეთ	1	1	1.9	mrav-aghdgoma-meletios	RARE
მსმენელთანი	მსმენელთანი	1	1	1.9	mrav-aghdgoma-meletios	RARE
ვაგოთ	ვაგოთ	1	1	1.9	mrav-aghdgoma-meletios	RARE
პატივისყოფად	პატივისყოფად	1	1	1.9	mrav-aghdgoma-meletios	RARE
აღგავსნეთ	აღგავსნეთ	1	1	1.9	mrav-aghdgoma-meletios	RARE
მაცილობედ	მაცილობედ	1	1	1.9	mrav-aghdgoma-meletios	RARE
ვმალოთ	ვმალოთ	1	1	1.9	mrav-aghdgoma-meletios	RARE
განსუენებისათჳს	განსუენებისათვს	1	1	1.9	mrav-aghdgoma-meletios	RARE
დავეპყრენით	დავეპყრენით	1	1	1.9	mrav-aghdgoma-meletios	RARE
დაგუაძინოს	დაგუაძინოს	1	1	1.9	mrav-aghdgoma-meletios	RARE
წარუპარავს	წარუპარავს	1	1	1.9	mrav-aghdgoma-meletios	RARE
მიგცემთ	მიგცემთ	1	1	1.9	mrav-aghdgoma-meletios	RARE
კურთხეულად	კურთხეულად	1	1	1.9	mrav-aghdgoma-meletios	RARE
განგჳსუენეთ	განგვსუენეთ	1	1	1.9	mrav-aghdgoma-meletios	RARE
გამოუცხადოთ	გამოუცხადოთ	1	1	1.9	mrav-aghdgoma-meletios	RARE
ზრუნავთ	ზრუნავთ	1	1	1.9	mrav-aghdgoma-meletios	RARE
დავამშჳდოთ	დავამშვდოთ	1	1	1.9	mrav-aghdgoma-meletios	RARE
შემოგჳდგეთ	შემოგვდგეთ	1	1	1.9	mrav-aghdgoma-meletios	RARE
ჰყოთ	ჰყოთ	1	1	1.9	mrav-aghdgoma-meletios	RARE
დაპყრობისათჳს	დაპყრობისათვს	1	1	1.9	mrav-aghdgoma-meletios	RARE
ვჰრქუათ	ვჰრქუათ	1	1	1.9	mrav-aghdgoma-meletios	RARE
ერთიერთისასა	ერთიერთისასა	1	1	1.9	mrav-aghdgoma-meletios	RARE
მიეძინა	მიეძინა	1	1	1.9	mrav-aghdgoma-meletios	RARE
დაგჳცავს	დაგვცავს	1	1	1.9	mrav-aghdgoma-meletios	RARE
მოსისხლენი	მოსისხლენი	1	1	1.9	mrav-aghdgoma-meletios	RARE
ანგაჰრებითა	ანგაჰრებითა	1	1	1.9	mrav-aghdgoma-meletios	RARE
ნაყროვანებითა	ნაყროვანებითა	1	1	1.9	mrav-aghdgoma-meletios	RARE
განცრუვებად	განცრუვებად	1	1	1.9	mrav-aghdgoma-meletios	RARE
წარსავალ	წარსავალ	1	1	1.9	mrav-aghdgoma-meletios	RARE
მათთაჲმცა	მათთაიმცა	1	1	1.9	mrav-aghdgoma-meletios	RARE
მახარებელთაჲმცა	მახარებელთაიმცა	1	1	1.9	mrav-aghdgoma-meletios	RARE
განთქუეს	განთქუეს	1	1	1.9	mrav-aghdgoma-meletios	RARE
მიუთხრეს	მიუთხრეს	1	1	1.9	mrav-aghdgoma-meletios	RARE
მაღლებად	მაღლებად	1	1	1.9	mrav-aghdgoma-meletios	RARE
შემთხვეულ	შემთხვეულ	1	1	1.9	mrav-aghdgoma-meletios	RARE
იტყოდესღა	იტყოდესღა	1	1	1.9	mrav-aghdgoma-meletios	RARE
ახარეს	ახარეს	1	1	1.9	mrav-aghdgoma-meletios	RARE
გამოგჳთარგმანა	გამოგვთარგმანა	1	1	1.9	mrav-aghdgoma-meletios	RARE
მივიდოდეთ	მივიდოდეთ	1	1	1.9	mrav-aghdgoma-meletios	RARE
ევმაუზდ	ევმაუზდ	1	1	1.9	mrav-aghdgoma-meletios	RARE
ათერთმეტთაგანცა	ათერთმეტთაგანცა	1	1	1.9	mrav-aghdgoma-meletios	RARE
შიშისათჳს	შიშისათვს	1	1	1.9	mrav-aghdgoma-meletios	RARE
პირადნი	პირადნი	1	1	1.9	mrav-aghdgoma-meletios	RARE
მოვლენან	მოვლენან	1	1	1.9	mrav-aghdgoma-meletios	RARE
ორგულებთ	ორგულებთ	1	1	1.9	mrav-aghdgoma-meletios	RARE
გუერდთაჲ	გუერდთაი	1	1	1.9	mrav-aghdgoma-meletios	RARE
ორგულებდესღა	ორგულებდესღა	1	1	1.9	mrav-aghdgoma-meletios	RARE
გამომცადეთ	გამომცადეთ	1	1	1.9	mrav-aghdgoma-meletios	RARE
შედგეს	შედგეს	1	1	1.9	mrav-aghdgoma-meletios	RARE
სიტყუათანი	სიტყუათანი	1	1	1.9	mrav-aghdgoma-meletios	RARE
წიგნთანი	წიგნთანი	1	1	1.9	mrav-aghdgoma-meletios	RARE
იქადაგა	იქადაგა	1	1	1.9	mrav-aghdgoma-meletios	RARE
მიმოდადვან	მიმოდადვან	1	1	1.9	mrav-aghdgoma-meletios	RARE
მღჳძარეთაგან	მღვძარეთაგან	1	1	1.9	mrav-aghdgoma-meletios	RARE
დაშთომად	დაშთომად	1	1	1.9	mrav-aghdgoma-meletios	RARE
იხილვიდეს	იხილვიდეს	1	1	1.9	mrav-amaghleba	RARE
მოწაფენიცა	მოწაფენიცა	1	1	1.9	mrav-amaghleba	RARE
ხილეს	იხილეს	1	1	1.9	mrav-amaghleba	RARE
შეეზიარებოდა	შეეზიარებოდა	1	1	1.9	mrav-amaghleba	RARE
განამდიდრებდა	განამდიდრებდა	1	1	1.9	mrav-amaghleba	RARE
აღამაღლებდა	აღამაღლებდა	1	1	1.9	mrav-amaghleba	RARE
წესცა	წესცა	1	1	1.9	mrav-amaghleba	RARE
დაიმდაბლებდა	დაიმდაბლებდა	1	1	1.9	mrav-amaghleba	RARE
ღრუბელსა	ღრუბელსა	1	1	1.9	mrav-amaghleba	RARE
განმდიდრდა	განმდიდრდა	1	1	1.9	mrav-amaghleba	RARE
აღმომიყვანნა	აღმომიყვანნა	1	1	1.9	mrav-amaghleba	RARE
აღმაღლენით	აღმაღლენით	1	1	1.9	mrav-amaghleba	RARE
აღმაღლდედ	აღმაღლდედ	1	1	1.9	mrav-amaghleba	RARE
გამოუთარგმანებს	გამოუთარგმანებს	1	1	1.9	mrav-amaghleba	RARE
ჰხადის	ჰხადის	1	1	1.9	mrav-amaghleba	RARE
დაჯდების	დაჯდების	1	1	1.9	mrav-amaghleba	RARE
მშობლისა	მშობლისა	1	1	1.9	mrav-amaghleba	RARE
ეგონამცა	ეგონამცა	1	1	1.9	mrav-amaghleba	RARE
განცხოველებული	განცხოველებული	1	1	1.9	mrav-amaghleba	RARE
ლახურისანი	ლახურისანი	1	1	1.9	mrav-amaghleba	RARE
განმიცადეთ	განმიცადეთ	1	1	1.9	mrav-amaghleba	RARE
განიწვალებით	განიწვალებით	1	1	1.9	mrav-amaghleba	RARE
მრავალიმცა	მრავალიმცა	1	1	1.9	mrav-amaghleba	RARE
ორგულებისაჲ	ორგულებისაი	1	1	1.9	mrav-amaghleba	RARE
ნუგეშინისსცა	ნუგეშინისსცა	1	1	1.9	mrav-amaghleba	RARE
მოკითხვითა	მოკითხვითა	1	1	1.9	mrav-amaghleba	RARE
ზიარებითა	ზიარებითა	1	1	1.9	mrav-amaghleba	RARE
სუფევს	სუფევს	1	1	1.9	mrav-amaghleba	RARE
მარხვისანი	მარხვისანი	1	1	1.9	mrav-amaghleba	RARE
განგუაშორნა	განგუაშორნა	1	1	1.9	mrav-amaghleba	RARE
მექორწილეთაჲ	მექორწილეთაი	1	1	1.9	mrav-amaghleba	RARE
იმარხვიდენ	იმარხვიდენ	1	1	1.9	mrav-amaghleba	RARE
ღვიხუნეთ	აღვიხუნეთ	1	1	1.9	mrav-amaghleba	RARE
მოციქულთანი	მოციქულთანი	1	1	1.9	mrav-amaghleba	RARE
ქადაგებისა	ქადაგებისა	1	1	1.9	mrav-amaghleba	RARE
გამოვიზარდნეთ	გამოვიზარდნეთ	1	1	1.9	mrav-amaghleba	RARE
ტაბლისაგან	ტაბლისაგან	1	1	1.9	mrav-amaghleba	RARE
ძლევით	ძლევით	1	1	1.9	mrav-amaghleba	RARE
აღმიყვანნა	აღმიყვანნა	1	1	1.9	mrav-amaghleba	RARE
ვქმნე	ვქმნე	1	1	1.9	mrav-antipater-bostrensis-1	RARE
ვაქებდე	ვაქებდე	1	1	1.9	mrav-antipater-bostrensis-1	RARE
შობადმდევე	შობადმდევე	1	1	1.9	mrav-antipater-bostrensis-1	RARE
ანგელოზთამან	ანგელოზთამან	1	1	1.9	mrav-antipater-bostrensis-1	RARE
აუწყ	აუწყ	1	1	1.9	mrav-antipater-bostrensis-1	RARE
ოსლვაჲ	ოსლვაი	1	1	1.9	mrav-antipater-bostrensis-1	RARE
დაუტევ	დაუტევ	1	1	1.9	mrav-antipater-bostrensis-1	RARE
ვნ	ვნ	1	1	1.9	mrav-antipater-bostrensis-1	RARE
მუ	მუ	1	1	1.9	mrav-antipater-bostrensis-1	RARE
ცე	ცე	1	1	1.9	mrav-antipater-bostrensis-1	RARE
ლსა	ლსა	1	1	1.9	mrav-antipater-bostrensis-1	RARE
დაფარუ	დაფარუ	1	1	1.9	mrav-antipater-bostrensis-1	RARE
გამოაც	გამოაც	1	1	1.9	mrav-antipater-bostrensis-1	RARE
ნაგან	ნაგან	1	1	1.9	mrav-antipater-bostrensis-1	RARE
ხლდომით	ხლდომით	1	1	1.9	mrav-antipater-bostrensis-1	RARE
გუახარებდა	გუახარებდა	1	1	1.9	mrav-antipater-bostrensis-1	RARE
მჴს	მხს	1	1	1.9	mrav-antipater-bostrensis-1	RARE
მუცე	მუცე	1	1	1.9	mrav-antipater-bostrensis-1	RARE
ლს	ლს	1	1	1.9	mrav-antipater-bostrensis-1	RARE
შემო	შემო	1	1	1.9	mrav-antipater-bostrensis-1	RARE
ქმედისა	ქმედისა	1	1	1.9	mrav-antipater-bostrensis-1	RARE
საზღვრის	საზღვრის	1	1	1.9	mrav-antipater-bostrensis-1	RARE
მოველი	მოველი	1	1	1.9	mrav-antipater-bostrensis-1	RARE
გამოგჳცხადა	გამოგვცხადა	1	1	1.9	mrav-antipater-bostrensis-1	RARE
გუეოხდა	გუეოხდა	1	1	1.9	mrav-antipater-bostrensis-1	RARE
წიაღთაგან	წიაღთაგან	1	1	1.9	mrav-antipater-bostrensis-1	RARE
აღგჳდგინა	აღგვდგინა	1	1	1.9	mrav-antipater-bostrensis-1	RARE
უდედოჲ	უდედოი	1	1	1.9	mrav-antipater-bostrensis-1	RARE
თივისათა	თივისათა	1	1	1.9	mrav-antipater-bostrensis-1	RARE
აუწყოს	აუწყოს	1	1	1.9	mrav-antipater-bostrensis-1	RARE
ნასობისა	ნასობისა	1	1	1.9	mrav-antipater-bostrensis-1	RARE
შეკერა	შეკერა	1	1	1.9	mrav-antipater-bostrensis-1	RARE
ამისთჳსვე	ამისთვსვე	1	1	1.9	mrav-antipater-bostrensis-1	RARE
იწყევა	იწყევა	1	1	1.9	mrav-antipater-bostrensis-1	RARE
ამისგანვე	ამისგანვე	1	1	1.9	mrav-antipater-bostrensis-1	RARE
იყვ	იყვ	1	1	1.9	mrav-antipater-bostrensis-1	RARE
ნეს	ნეს	1	1	1.9	mrav-antipater-bostrensis-1	RARE
სობილისა	სობილისა	1	1	1.9	mrav-antipater-bostrensis-1	RARE
ხლდომან	ხლდომან	1	1	1.9	mrav-antipater-bostrensis-1	RARE
დასაბამითგა	დასაბამითგა	1	1	1.9	mrav-antipater-bostrensis-1	RARE
ნ	ნ	1	1	1.9	mrav-antipater-bostrensis-1	RARE
ქ	ქ	1	1	1.9	mrav-antipater-bostrensis-1	RARE
სულთასა	სულთასა	1	1	1.9	mrav-antipater-bostrensis-1	RARE
ასწ	ასწ	1	1	1.9	mrav-antipater-bostrensis-1	RARE
ვა	ვა	1	1	1.9	mrav-antipater-bostrensis-1	RARE
წარ	წარ	1	1	1.9	mrav-antipater-bostrensis-1	RARE
რაგნადმდე	რაგნადმდე	1	1	1.9	mrav-antipater-bostrensis-1	RARE
საიდ	საიდ	1	1	1.9	mrav-antipater-bostrensis-1	RARE
მლოჲსა	მლოისა	1	1	1.9	mrav-antipater-bostrensis-1	RARE
დათქმული	დათქმული	1	1	1.9	mrav-antipater-bostrensis-1	RARE
ზეცი	ზეცი	1	1	1.9	mrav-antipater-bostrensis-1	RARE
სიმტკიცედ	სიმტკიცედ	1	1	1.9	mrav-antipater-bostrensis-1	RARE
უცთომელად	უცთომელად	1	1	1.9	mrav-antipater-bostrensis-1	RARE
დამიცევ	დამიცევ	1	1	1.9	mrav-antipater-bostrensis-1	RARE
დავჰბრკოლდები	დავჰბრკოლდები	1	1	1.9	mrav-antipater-bostrensis-1	RARE
წინამძღურისა	წინამძღურისა	1	1	1.9	mrav-antipater-bostrensis-1	RARE
დაკჳრვებით	დაკვრვებით	1	1	1.9	mrav-antipater-bostrensis-1	RARE
სახელთაჲთა	სახელთაითა	1	1	1.9	mrav-antipater-bostrensis-1	RARE
შესცთეს	შესცთეს	1	1	1.9	mrav-antipater-bostrensis-1	RARE
მოთიბნა	მოთიბნა	1	1	1.9	mrav-antipater-bostrensis-1	RARE
თავწარსხმულისასა	თავწარსხმულისასა	1	1	1.9	mrav-antipater-bostrensis-1	RARE
ეზიარებოდეს	ეზიარებოდეს	1	1	1.9	mrav-antipater-bostrensis-1	RARE
მოიპოვებდეს	მოიპოვებდეს	1	1	1.9	mrav-antipater-bostrensis-1	RARE
წარწყმედილ	წარწყმედილ	1	1	1.9	mrav-antipater-bostrensis-1	RARE
შობისანი	შობისანი	1	1	1.9	mrav-antipater-bostrensis-1	RARE
განწესებულნი	განწესებულნი	1	1	1.9	mrav-antipater-bostrensis-1	RARE
წარეწყმიდნეს	წარეწყმიდნეს	1	1	1.9	mrav-antipater-bostrensis-1	RARE
უთესლობითა	უთესლობითა	1	1	1.9	mrav-antipater-bostrensis-1	RARE
წარეწყმიდა	წარეწყმიდა	1	1	1.9	mrav-antipater-bostrensis-1	RARE
მოიპოვეს	მოიპოვეს	1	1	1.9	mrav-antipater-bostrensis-1	RARE
ებაჲ	ებაი	1	1	1.9	mrav-antipater-bostrensis-1	RARE
შეისწრაფდა	შეისწრაფდა	1	1	1.9	mrav-antipater-bostrensis-1	RARE
უსწრობდა	უსწრობდა	1	1	1.9	mrav-antipater-bostrensis-1	RARE
ეჟუანთაჲ	ეჟუანთაი	1	1	1.9	mrav-antipater-bostrensis-1	RARE
წა	წა	1	1	1.9	mrav-antipater-bostrensis-1	RARE
რგ	რგ	1	1	1.9	mrav-antipater-bostrensis-1	RARE
ზავნეს	ზავნეს	1	1	1.9	mrav-antipater-bostrensis-1	RARE
მარ	მარ	1	1	1.9	mrav-antipater-bostrensis-1	RARE
ჯ	ჯ	1	1	1.9	mrav-antipater-bostrensis-1	RARE
უენით	უენით	1	1	1.9	mrav-antipater-bostrensis-1	RARE
კურთხეველისა	კურთხეველისა	1	1	1.9	mrav-antipater-bostrensis-1	RARE
კუმეველთაჲსა	კუმეველთაისა	1	1	1.9	mrav-antipater-bostrensis-1	RARE
უკმოვიდოდა	უკმოვიდოდა	1	1	1.9	mrav-antipater-bostrensis-1	RARE
მღდელობს	მღდელობს	1	1	1.9	mrav-antipater-bostrensis-1	RARE
საკუმეველთასა	საკუმეველთასა	1	1	1.9	mrav-antipater-bostrensis-1	RARE
დავასხა	დავასხა	1	1	1.9	mrav-antipater-bostrensis-1	RARE
ხლო	ხლო	1	1	1.9	mrav-antipater-bostrensis-1	RARE
ვიქმოდი	ვიქმოდი	1	1	1.9	mrav-antipater-bostrensis-1	RARE
მოვიყვანო	მოვიყვანო	1	1	1.9	mrav-antipater-bostrensis-1	RARE
მოვიკითხო	მოვიკითხო	1	1	1.9	mrav-antipater-bostrensis-1	RARE
მივსცე	მივსცე	1	1	1.9	mrav-antipater-bostrensis-1	RARE
მიყვანოსა	მიყვანოსა	1	1	1.9	mrav-antipater-bostrensis-1	RARE
მსაჯოსა	მსაჯოსა	1	1	1.9	mrav-antipater-bostrensis-1	RARE
მოუღებიეს	მოუღებიეს	1	1	1.9	mrav-antipater-bostrensis-1	RARE
განიცადა	განიცადა	1	1	1.9	mrav-antipater-bostrensis-1	RARE
უჴორცოდ	უხორცოდ	1	1	1.9	mrav-antipater-bostrensis-1	RARE
საკურთხეველისაჲ	საკურთხეველისაი	1	1	1.9	mrav-antipater-bostrensis-1	RARE
ჴმაუყო	ხმაუყო	1	1	1.9	mrav-antipater-bostrensis-1	RARE
მიუპყრა	მიუპყრა	1	1	1.9	mrav-antipater-bostrensis-1	RARE
განსამტკიცებელად	განსამტკიცებელად	1	1	1.9	mrav-antipater-bostrensis-1	RARE
დააცხრვო	დააცხრვო	1	1	1.9	mrav-antipater-bostrensis-1	RARE
შეუზრწუნებელად	შეუზრწუნებელად	1	1	1.9	mrav-antipater-bostrensis-1	RARE
შეესმა	შეესმა	1	1	1.9	mrav-antipater-bostrensis-1	RARE
გიშვეს	გიშვეს	1	1	1.9	mrav-antipater-bostrensis-1	RARE
მომაქუს	მომაქუს	1	1	1.9	mrav-antipater-bostrensis-1	RARE
ზეცასწოდებუ	ზეცასწოდებუ	1	1	1.9	mrav-antipater-bostrensis-1	RARE
ლ	ლ	1	1	1.9	mrav-antipater-bostrensis-1	RARE
მემა	მემა	1	1	1.9	mrav-antipater-bostrensis-1	RARE
მოვ	მოვ	1	1	1.9	mrav-antipater-bostrensis-1	RARE
ედ	ედ	1	1	1.9	mrav-antipater-bostrensis-1	RARE
უხაროდის	უხაროდის	1	1	1.9	mrav-antipater-bostrensis-1	RARE
მრავალთაყ	მრავალთაყ	1	1	1.9	mrav-antipater-bostrensis-1	RARE
ზ	ზ	1	1	1.9	mrav-antipater-bostrensis-1	RARE
ია	ია	1	1	1.9	mrav-antipater-bostrensis-1	RARE
ბრ	ბრ	1	1	1.9	mrav-antipater-bostrensis-1	RARE
წყინვალე	წყინვალე	1	1	1.9	mrav-antipater-bostrensis-1	RARE
მხიარულცა	მხიარულცა	1	1	1.9	mrav-antipater-bostrensis-1	RARE
გამომეძიებელცა	გამომეძიებელცა	1	1	1.9	mrav-antipater-bostrensis-1	RARE
მეჭუელისაჲ	მეჭუელისაი	1	1	1.9	mrav-antipater-bostrensis-1	RARE
მორწმუნედ	მორწმუნედ	1	1	1.9	mrav-antipater-bostrensis-1	RARE
შეურცხ	შეურცხ	1	1	1.9	mrav-antipater-bostrensis-1	RARE
საკუმევლისა	საკუმევლისა	1	1	1.9	mrav-antipater-bostrensis-1	RARE
აუწყებდ	აუწყებდ	1	1	1.9	mrav-antipater-bostrensis-1	RARE
გამომკითხავა	გამომკითხავა	1	1	1.9	mrav-antipater-bostrensis-1	RARE
გითხარ	გითხარ	1	1	1.9	mrav-antipater-bostrensis-1	RARE
იტხოვ	იტხოვ	1	1	1.9	mrav-antipater-bostrensis-1	RARE
გინებსა	გინებსა	1	1	1.9	mrav-antipater-bostrensis-1	RARE
მსახურებისაგან	მსახურებისაგან	1	1	1.9	mrav-antipater-bostrensis-1	RARE
მიმიღე	მიმიღე	1	1	1.9	mrav-antipater-bostrensis-1	RARE
მიმჴდია	მიმხდია	1	1	1.9	mrav-antipater-bostrensis-1	RARE
ჰმადლობა	ჰმადლობა	1	1	1.9	mrav-antipater-bostrensis-1	RARE
ორგულებ	ორგულებ	1	1	1.9	mrav-antipater-bostrensis-1	RARE
წინასე	წინასე	1	1	1.9	mrav-antipater-bostrensis-1	RARE
მეტყჳ	მეტყვ	1	1	1.9	mrav-antipater-bostrensis-1	RARE
დასცხრეა	დასცხრეა	1	1	1.9	mrav-antipater-bostrensis-1	RARE
უსიშებად	უსიშებად	1	1	1.9	mrav-antipater-bostrensis-1	RARE
დატევებად	დატევებად	1	1	1.9	mrav-antipater-bostrensis-1	RARE
აბრაჰამისაგან	აბრაჰამისაგან	1	1	1.9	mrav-antipater-bostrensis-1	RARE
არაა	არაა	1	1	1.9	mrav-antipater-bostrensis-1	RARE
ჟამნიცა	ჟამნიცა	1	1	1.9	mrav-antipater-bostrensis-1	RARE
სიბერჱცა	სიბერეცა	1	1	1.9	mrav-antipater-bostrensis-1	RARE
ერჩდა	ერჩდა	1	1	1.9	mrav-antipater-bostrensis-1	RARE
მრვალად	მრვალად	1	1	1.9	mrav-antipater-bostrensis-1	RARE
მიმჴდი	მიმხდი	1	1	1.9	mrav-antipater-bostrensis-1	RARE
წინაწარმეტყუელა	წინაწარმეტყუელა	1	1	1.9	mrav-antipater-bostrensis-1	RARE
გამომკითხავ	გამომკითხავ	1	1	1.9	mrav-antipater-bostrensis-1	RARE
გითქუამს	გითქუამს	1	1	1.9	mrav-antipater-bostrensis-1	RARE
ითხოვ	ითხოვ	1	1	1.9	mrav-antipater-bostrensis-1	RARE
გიღირს	გიღირს	1	1	1.9	mrav-antipater-bostrensis-1	RARE
დაამტკიცოს	დაამტკიცოს	1	1	1.9	mrav-antipater-bostrensis-1	RARE
სამარედ	სამარედ	1	1	1.9	mrav-antipater-bostrensis-1	RARE
ჴმითურთ	ხმითურთ	1	1	1.9	mrav-antipater-bostrensis-1	RARE
უშვილოებითურთ	უშვილოებითურთ	1	1	1.9	mrav-antipater-bostrensis-1	RARE
შეკრვით	შეკრვით	1	1	1.9	mrav-antipater-bostrensis-1	RARE
განისწავლე	განისწავლე	1	1	1.9	mrav-antipater-bostrensis-1	RARE
მიუდეგ	მიუდეგ	1	1	1.9	mrav-antipater-bostrensis-1	RARE
მიუტევენ	მიუტევენ	1	1	1.9	mrav-antipater-bostrensis-1	RARE
მამისანი	მამისანი	1	1	1.9	mrav-antipater-bostrensis-1	RARE
სთხოვოს	სთხოვოს	1	1	1.9	mrav-antipater-bostrensis-1	RARE
ნა	ნა	1	1	1.9	mrav-antipater-bostrensis-1	RARE
გარდავიდოდა	გარდავიდოდა	1	1	1.9	mrav-antipater-bostrensis-1	RARE
თი	თი	1	1	1.9	mrav-antipater-bostrensis-1	RARE
თოეული	თოეული	1	1	1.9	mrav-antipater-bostrensis-1	RARE
მოძმეთაჲ	მოძმეთაი	1	1	1.9	mrav-antipater-bostrensis-1	RARE
შეკრებად	შეკრებად	1	1	1.9	mrav-antipater-bostrensis-1	RARE
ელისაბედისსა	ელისაბედისსა	1	1	1.9	mrav-antipater-bostrensis-1	RARE
საუფლოდ	საუფლოდ	1	1	1.9	mrav-antipater-bostrensis-1	RARE
უშობელსა	უშობელსა	1	1	1.9	mrav-antipater-bostrensis-1	RARE
მომლოდესა	მომლოდესა	1	1	1.9	mrav-antipater-bostrensis-1	RARE
გიტჳრთავს	გიტვრთავს	1	1	1.9	mrav-antipater-bostrensis-1	RARE
განემარტა	განემარტა	1	1	1.9	mrav-antipater-bostrensis-1	RARE
აცილობდა	აცილობდა	1	1	1.9	mrav-antipater-bostrensis-1	RARE
სწ	სწ	1	1	1.9	mrav-antipater-bostrensis-1	RARE
ავებდა	ავებდა	1	1	1.9	mrav-antipater-bostrensis-1	RARE
ბუნებ	ბუნებ	1	1	1.9	mrav-antipater-bostrensis-1	RARE
აჲ	აი	1	1	1.9	mrav-antipater-bostrensis-1	RARE
განვაახლოა	განვაახლოა	1	1	1.9	mrav-antipater-bostrensis-1	RARE
განჰჴსნდენა	განჰხსნდენა	1	1	1.9	mrav-antipater-bostrensis-1	RARE
შ	შ	1	1	1.9	mrav-antipater-bostrensis-1	RARE
ლთა	ლთა	1	1	1.9	mrav-antipater-bostrensis-1	RARE
უცხ	უცხ	1	1	1.9	mrav-antipater-bostrensis-1	RARE
ოო	ოო	1	1	1.9	mrav-antipater-bostrensis-1	RARE
ვხ	ვხ	1	1	1.9	mrav-antipater-bostrensis-1	RARE
ედავ	ედავ	1	1	1.9	mrav-antipater-bostrensis-1	RARE
ქუმული	ქუმული	1	1	1.9	mrav-antipater-bostrensis-1	RARE
ეძ	ეძ	1	1	1.9	mrav-antipater-bostrensis-1	RARE
იებ	იებ	1	1	1.9	mrav-antipater-bostrensis-1	RARE
ვეწამო	ვეწამო	1	1	1.9	mrav-antipater-bostrensis-1	RARE
განვეყო	განვეყო	1	1	1.9	mrav-antipater-bostrensis-1	RARE
მოვივლინე	მოვივლინე	1	1	1.9	mrav-antipater-bostrensis-1	RARE
აუწყებ	აუწყებ	1	1	1.9	mrav-antipater-bostrensis-1	RARE
ვტყუვი	ვტყუვი	1	1	1.9	mrav-antipater-bostrensis-1	RARE
წინამსრბოლისათჳს	წინამსრბოლისათვს	1	1	1.9	mrav-antipater-bostrensis-1	RARE
ბერწისაჲ	ბერწისაი	1	1	1.9	mrav-antipater-bostrensis-1	RARE
მოხუცებულისაჲ	მოხუცებულისაი	1	1	1.9	mrav-antipater-bostrensis-1	RARE
ელისაბედი	ელისაბედი	1	1	1.9	mrav-antipater-bostrensis-1	RARE
განჴსნილ	განხსნილ	1	1	1.9	mrav-antipater-bostrensis-1	RARE
კრთომისა	კრთომისა	1	1	1.9	mrav-antipater-bostrensis-1	RARE
გიტჳრთვს	გიტვრთვს	1	1	1.9	mrav-antipater-bostrensis-1	RARE
წყევისაჲ	წყევისაი	1	1	1.9	mrav-antipater-bostrensis-1	RARE
კურთხეულო	კურთხეულო	1	1	1.9	mrav-antipater-bostrensis-1	RARE
სამღდელოდ	სამღდელოდ	1	1	1.9	mrav-antipater-bostrensis-1	RARE
სძლოს	სძლოს	1	1	1.9	mrav-antipater-bostrensis-1	RARE
მცენარემან	მცენარემან	1	1	1.9	mrav-antipater-bostrensis-1	RARE
მასწავა	მასწავა	1	1	1.9	mrav-antipater-bostrensis-1	RARE
ელისაბედისნი	ელისაბედისნი	1	1	1.9	mrav-antipater-bostrensis-1	RARE
აღკრნი	აღკრნი	1	1	1.9	mrav-antipater-bostrensis-1	RARE
მიდგომისა	მიდგომისა	1	1	1.9	mrav-antipater-bostrensis-1	RARE
საზღვრად	საზღვრად	1	1	1.9	mrav-antipater-bostrensis-1	RARE
უდაბნოჲსაგან	უდაბნოისაგან	1	1	1.9	mrav-antipater-bostrensis-1	RARE
შოჲსა	შოისა	1	1	1.9	mrav-antipater-bostrensis-1	RARE
მოირო	მოირო	1	1	1.9	mrav-antipater-bostrensis-1	RARE
მიდგომადმდე	მიდგომადმდე	1	1	1.9	mrav-antipater-bostrensis-1	RARE
მოგმადლა	მოგმადლა	1	1	1.9	mrav-antipater-bostrensis-1	RARE
საქორწინეა	საქორწინეა	1	1	1.9	mrav-antipater-bostrensis-1	RARE
წინაწარმეტყუელებისაჲ	წინაწარმეტყუელებისაი	1	1	1.9	mrav-antipater-bostrensis-1	RARE
გამოიტანე	გამოიტანე	1	1	1.9	mrav-antipater-bostrensis-1	RARE
მოგიწოდა	მოგიწოდა	1	1	1.9	mrav-antipater-bostrensis-1	RARE
წინაწარმეტყუელთაგანმან	წინაწარმეტყუელთაგანმან	1	1	1.9	mrav-antipater-bostrensis-1	RARE
მართალთაგანი	მართალთაგანი	1	1	1.9	mrav-antipater-bostrensis-1	RARE
ძღუნად	ძღუნად	1	1	1.9	mrav-antipater-bostrensis-1	RARE
უტყუებისაგან	უტყუებისაგან	1	1	1.9	mrav-antipater-bostrensis-1	RARE
აღივსე	აღივსე	1	1	1.9	mrav-antipater-bostrensis-1	RARE
გუასწავე	გუასწავე	1	1	1.9	mrav-antipater-bostrensis-1	RARE
შევცვალო	შევცვალო	1	1	1.9	mrav-antipater-bostrensis-1	RARE
ვგალობდე	ვგალობდე	1	1	1.9	mrav-antipater-bostrensis-1	RARE
აღძვრაჲ	აღძვრაი	1	1	1.9	mrav-basili-1	RARE
მეფისათჳსცა	მეფისათვსცა	1	1	1.9	mrav-basili-1	RARE
არიანოს	არიანოს	1	1	1.9	mrav-basili-1	RARE
კაბადუკიისა	კაბადუკიისა	1	1	1.9	mrav-basili-1	RARE
რაჲსთჳს	რაისთვს	1	1	1.9	mrav-basili-1	RARE
გიპყრია	გიპყრია	1	1	1.9	mrav-basili-1	RARE
უძლეს	უძლეს	1	1	1.9	mrav-basili-1	RARE
მივაწიოთ	მივაწიოთ	1	1	1.9	mrav-basili-1	RARE
სამართლისა	სამართლისა	1	1	1.9	mrav-basili-1	RARE
ჩუენითაცა	ჩუენითაცა	1	1	1.9	mrav-basili-1	RARE
დაიმკჳდროს	დაიმკვდროს	1	1	1.9	mrav-basili-1	RARE
მეფისაჲთა	მეფისაითა	1	1	1.9	mrav-basili-1	RARE
დავადგრეთ	დავადგრეთ	1	1	1.9	mrav-basili-1	RARE
არიანოზთა	არიანოზთა	1	1	1.9	mrav-basili-1	RARE
ილოცეთ	ილოცეთ	1	1	1.9	mrav-basili-1	RARE
განგეხუნენ	განგეხუნენ	1	1	1.9	mrav-basili-1	RARE
სამხრამდე	სამხრამდე	1	1	1.9	mrav-basili-1	RARE
სმენია	სმენია	1	1	1.9	mrav-basili-1	RARE
ქურუმათა	ქურუმათა	1	1	1.9	mrav-basili-1	RARE
ბაალისთა	ბაალისთა	1	1	1.9	mrav-basili-1	RARE
ბასრობდა	ჰბასრობდა	1	1	1.9	mrav-basili-1	RARE
განდეგით	განდეგით	1	1	1.9	mrav-basili-1	RARE
თჳსგან	თვსგან	1	1	1.9	mrav-basili-1	RARE
უკუნდგეს	უკუნდგეს	1	1	1.9	mrav-basili-1	RARE
რიზ	რიზ	1	1	1.9	mrav-basili-1	RARE
განმეხუენით	განმეხუენით	1	1	1.9	mrav-basili-1	RARE
ბჭენო	ბჭენო	1	1	1.9	mrav-basili-1	RARE
სიმართლისანო	სიმართლისანო	1	1	1.9	mrav-basili-1	RARE
მიწერილი	მიწერილი	1	1	1.9	mrav-basili-1	RARE
ტიმოთჱსა	ტიმოთესა	1	1	1.9	mrav-basili-1	RARE
მივსწერ	მივსწერ	1	1	1.9	mrav-basili-1	RARE
ჩემსაცა	ჩემსაცა	1	1	1.9	mrav-basili-1	RARE
სარმრთოჲსა	სარმრთოისა	1	1	1.9	mrav-basili-1	RARE
საკიტხავისა	საკიტხავისა	1	1	1.9	mrav-basili-1	RARE
ჲე	იე	1	1	1.9	mrav-basili-1	RARE
აღთქუნეს	აღთქუნეს	1	1	1.9	mrav-basili-1	RARE
ფილიპჱსათა	ფილიპესათა	1	1	1.9	mrav-basili-1	RARE
წარკითხვისა	წარკითხვისა	1	1	1.9	mrav-basili-1	RARE
განმიხუენით	განმიხუენით	1	1	1.9	mrav-basili-1	RARE
მოწესენი	მოწესენი	1	1	1.9	mrav-basili-1	RARE
არიოს	არიოს	1	1	1.9	mrav-basili-1	RARE
ბასილისა	ბასილისა	1	1	1.9	mrav-basili-1	RARE
მაცილობელთაგანმან	მაცილობელთაგანმან	1	1	1.9	mrav-basili-1	RARE
გამოეძიებნ	გამოეძიებნ	1	1	1.9	mrav-basili-2	RARE
სარწმუნოებისათჳს	სარწმუნოებისათვს	1	1	1.9	mrav-basili-2	RARE
ჴდომისათჳს	ხდომისათვს	1	1	1.9	mrav-basili-2	RARE
ლალვისაჲთა	ლალვისაითა	1	1	1.9	mrav-basili-2	RARE
ეშჯინ	ეშჯინ	1	1	1.9	mrav-basili-2	RARE
აცილობნ	აცილობნ	1	1	1.9	mrav-basili-2	RARE
გამოუთარგმანებნ	გამოუთარგმანებნ	1	1	1.9	mrav-basili-2	RARE
განკაცებისატჳს	განკაცებისატვს	1	1	1.9	mrav-basili-2	RARE
ადგომისათჳს	ადგომისათვს	1	1	1.9	mrav-basili-2	RARE
ცილობით	ცილობით	1	1	1.9	mrav-basili-2	RARE
ურწმუნოებად	ურწმუნოებად	1	1	1.9	mrav-basili-2	RARE
განიკითხვის	განიკითხვის	1	1	1.9	mrav-basili-2	RARE
წერილთანი	წერილთანი	1	1	1.9	mrav-basili-2	RARE
სარწმუნოებისაგან	სარწმუნოებისაგან	1	1	1.9	mrav-basili-2	RARE
ცალიერ	ცალიერ	1	1	1.9	mrav-basili-2	RARE
სიტყკთა	სიტყკთა	1	1	1.9	mrav-basili-2	RARE
იქადით	იქადით	1	1	1.9	mrav-basili-2	RARE
ტქუენმან	ტქუენმან	1	1	1.9	mrav-basili-2	RARE
სწამებთ	სწამებთ	1	1	1.9	mrav-basili-2	RARE
მდოგჳსაჲ	მდოგვსაი	1	1	1.9	mrav-basili-2	RARE
იცვალოს	იცვალოს	1	1	1.9	mrav-basili-2	RARE
თაყუანისვსცე	თაყუანისვსცე	1	1	1.9	mrav-basili-2	RARE
სეორგულებულ	სეორგულებულ	1	1	1.9	mrav-basili-2	RARE
შემომიდეგ	შემომიდეგ	1	1	1.9	mrav-basili-2	RARE
ბასრობით	ბასრობით	1	1	1.9	mrav-basili-2	RARE
ამოვიდეს	გამოვიდეს	1	1	1.9	mrav-basili-2	RARE
ჰურიათჲ	ჰურიათი	1	1	1.9	mrav-basili-2	RARE
გრწამსა	გრწამსა	1	1	1.9	mrav-basili-2	RARE
აღგითქუ	აღგითქუ	1	1	1.9	mrav-basili-2	RARE
აღმითქუ	აღმითქუ	1	1	1.9	mrav-basili-2	RARE
მუპლნი	მუპლნი	1	1	1.9	mrav-basili-2	RARE
დაამყარენ	დაამყარენ	1	1	1.9	mrav-basili-2	RARE
დააფუძნენ	დააფუძნენ	1	1	1.9	mrav-basili-2	RARE
მოეც	მოეც	1	1	1.9	mrav-basili-2	RARE
გარდაცვალე	გარდაცვალე	1	1	1.9	mrav-basili-2	RARE
მოძულეთა	მოძულეთა	1	1	1.9	mrav-basili-2	RARE
ჰრცხუენოდის	ჰრცხუენოდის	1	1	1.9	mrav-basili-2	RARE
აღიფხუერ	აღიფხუერ	1	1	1.9	mrav-basili-2	RARE
აღიფხურა	აღიფხურა	1	1	1.9	mrav-basili-2	RARE
შეუვარდა	შეუვარდა	1	1	1.9	mrav-basili-2	RARE
ეპისკოპოსისათა	ეპისკოპოსისათა	1	1	1.9	mrav-basili-2	RARE
ვიტყოდიღა	ვიტყოდიღა	1	1	1.9	mrav-basili-2	RARE
მოეგოს	მოეგოს	1	1	1.9	mrav-basili-2	RARE
თკსსა	თკსსა	1	1	1.9	mrav-basili-2	RARE
რრუბელი	რრუბელი	1	1	1.9	mrav-basili-2	RARE
ჰურიასა	ჰურიასა	1	1	1.9	mrav-basili-2	RARE
ირწმუნეთ	ირწმუნეთ	1	1	1.9	mrav-basili-2	RARE
ეიმოსა	შეიმოსა	1	1	1.9	mrav-bound-ioane-zosime	RARE
ზროხისაჲთა	ზროხისაითა	1	1	1.9	mrav-bound-ioane-zosime	RARE
ზოსიმესითა	ზოსიმესითა	1	1	1.9	mrav-bound-ioane-zosime	RARE
მოხუცებულობისა	მოხუცებულობისა	1	1	1.9	mrav-bound-ioane-zosime	RARE
ჩემისათა	ჩემისათა	1	1	1.9	mrav-bound-ioane-zosime	RARE
მღდელთაჲთა	მღდელთაითა	1	1	1.9	mrav-bound-ioane-zosime	RARE
ფპე	ფპე	1	1	1.9	mrav-bound-ioane-zosime	RARE
გვედიეთ	გვედიეთ	1	1	1.9	mrav-bound-ioane-zosime	RARE
შეგჳნდვეთ	შეგვნდვეთ	1	1	1.9	mrav-bound-ioane-zosime	RARE
შეგინდვენ	შეგინდვენ	1	1	1.9	mrav-bound-ioane-zosime	RARE
შეგიწყალენინ	შეგიწყალენინ	1	1	1.9	mrav-bound-ioane-zosime	RARE
კჳრიკე	კვრიკე	1	1	1.9	mrav-bound-ioane-zosime	RARE
იოანე	იოანე	1	1	1.9	mrav-bound-ioane-zosime	RARE
ზოსიმე	ზოსიმე	1	1	1.9	mrav-bound-ioane-zosime	RARE
ქრისტეანენი	ქრისტეანენი	1	1	1.9	mrav-bound-ioane-zosime	RARE
აკჳრველთაგან	საკვრველთაგან	1	1	1.9	mrav-bzoba-iohannes	RARE
ვეწინეთ	ვეწინეთ	1	1	1.9	mrav-bzoba-iohannes	RARE
ოქროჲსაჲთა	ოქროისაითა	1	1	1.9	mrav-bzoba-iohannes	RARE
გაეშორნიან	გაეშორნიან	1	1	1.9	mrav-bzoba-iohannes	RARE
მიიძღუანნიან	მიიძღუანნიან	1	1	1.9	mrav-bzoba-iohannes	RARE
წარუძღუან	წარუძღუან	1	1	1.9	mrav-bzoba-iohannes	RARE
ახარებედ	ახარებედ	1	1	1.9	mrav-bzoba-iohannes	RARE
გუესმინოს	გუესმინოს	1	1	1.9	mrav-bzoba-iohannes	RARE
დღესასწაულისათჳს	დღესასწაულისათვს	1	1	1.9	mrav-bzoba-iohannes	RARE
განაღა	განაღა	1	1	1.9	mrav-bzoba-iohannes	RARE
ჰქრუას	ჰქრუას	1	1	1.9	mrav-bzoba-iohannes	RARE
მოქცეულ	მოქცეულ	1	1	1.9	mrav-bzoba-iohannes	RARE
განაშუენნეს	განაშუენნეს	1	1	1.9	mrav-bzoba-iohannes	RARE
შეირთეს	შეირთეს	1	1	1.9	mrav-bzoba-iohannes	RARE
აღვიტყუელნეთ	აღვიტყუელნეთ	1	1	1.9	mrav-bzoba-iohannes	RARE
სიხარულისაჲთა	სიხარულისაითა	1	1	1.9	mrav-bzoba-iohannes	RARE
დააკლდებინ	დააკლდებინ	1	1	1.9	mrav-bzoba-iohannes	RARE
ურწმუნოჲ	ურწმუნოი	1	1	1.9	mrav-bzoba-iohannes	RARE
დაბრკოლდებინ	დაბრკოლდებინ	1	1	1.9	mrav-bzoba-iohannes	RARE
ჰყოფნ	ჰყოფნ	1	1	1.9	mrav-bzoba-iohannes	RARE
დაშთეს	დაშთეს	1	1	1.9	mrav-bzoba-iohannes	RARE
დაეჴშას	დაეხშას	1	1	1.9	mrav-bzoba-iohannes	RARE
დაესაჯოს	დაესაჯოს	1	1	1.9	mrav-bzoba-iohannes	RARE
მოვეგებვოდით	მოვეგებვოდით	1	1	1.9	mrav-bzoba-iohannes	RARE
ვღაღადებდეთ	ვღაღადებდეთ	1	1	1.9	mrav-bzoba-iohannes	RARE
წყეულ	წყეულ	1	1	1.9	mrav-bzoba-iohannes	RARE
გყვნე	გყვნე	1	1	1.9	mrav-bzoba-iohannes	RARE
ვაკურთხოთ	ვაკურთხოთ	1	1	1.9	mrav-bzoba-iohannes	RARE
ვიკურთხნეთ	ვიკურთხნეთ	1	1	1.9	mrav-bzoba-iohannes	RARE
გუიჩინა	გუიჩინა	1	1	1.9	mrav-bzoba-iohannes	RARE
აქებდით	აქებდით	1	1	1.9	mrav-bzoba-iohannes	RARE
ჰმადლა	ჰმადლა	1	1	1.9	mrav-bzoba-iohannes	RARE
მოეპარა	მოეპარა	1	1	1.9	mrav-bzoba-iohannes	RARE
ვიკითხავთ	ვიკითხავთ	1	1	1.9	mrav-bzoba-iohannes	RARE
მიცემულ	მიცემულ	1	1	1.9	mrav-bzoba-iohannes	RARE
უკმოიქცეს	უკმოიქცეს	1	1	1.9	mrav-bzoba-iohannes	RARE
მართალთაჲთა	მართალთაითა	1	1	1.9	mrav-bzoba-iohannes	RARE
ყრმანო	ყრმანო	1	1	1.9	mrav-bzoba-iohannes	RARE
გჳთხართღა	გვთხართღა	1	1	1.9	mrav-bzoba-iohannes	RARE
გასწავა	გასწავა	1	1	1.9	mrav-bzoba-iohannes	RARE
გიყო	გიყო	1	1	1.9	mrav-bzoba-iohannes	RARE
შეგკრიბნა	შეგკრიბნა	1	1	1.9	mrav-bzoba-iohannes	RARE
შეგუიზიარენით	შეგუიზიარენით	1	1	1.9	mrav-bzoba-iohannes	RARE
გუეტყჳან	გუეტყვან	1	1	1.9	mrav-bzoba-iohannes	RARE
გალობდით	გალობდით	1	1	1.9	mrav-bzoba-iohannes	RARE
შეგჳრთნეს	შეგვრთნეს	1	1	1.9	mrav-bzoba-iohannes	RARE
მოგუცნეს	მოგუცნეს	1	1	1.9	mrav-bzoba-iohannes	RARE
ზეთისხილისაჲ	ზეთისხილისაი	1	1	1.9	mrav-bzoba-iohannes	RARE
მოგუხედოს	მოგუხედოს	1	1	1.9	mrav-bzoba-iohannes	RARE
დაწყნარებით	დაწყნარებით	1	1	1.9	mrav-bzoba-iohannes	RARE
იაკობცა	იაკობცა	1	1	1.9	mrav-bzoba-iohannes	RARE
წინაწარმეტყუელებულსა	წინაწარმეტყუელებულსა	1	1	1.9	mrav-bzoba-iohannes	RARE
მოიყვანებს	მოიყვანებს	1	1	1.9	mrav-bzoba-iohannes	RARE
ორთაჲვე	ორთაივე	1	1	1.9	mrav-bzoba-iohannes	RARE
ესევითარიღა	ესევითარიღა	1	1	1.9	mrav-bzoba-iohannes	RARE
იცოდესა	იცოდესა	1	1	1.9	mrav-bzoba-iohannes	RARE
ქალაქიღა	ქალაქიღა	1	1	1.9	mrav-bzoba-iohannes	RARE
სახელოვანი	სახელოვანი	1	1	1.9	mrav-bzoba-iohannes	RARE
მოქმედიო	მოქმედიო	1	1	1.9	mrav-bzoba-iohannes	RARE
ეწია	ეწია	1	1	1.9	mrav-bzoba-iohannes	RARE
ეუფლებიან	ეუფლებიან	1	1	1.9	mrav-bzoba-iohannes	RARE
გეხსნეს	გეხსნეს	1	1	1.9	mrav-bzoba-iohannes	RARE
ჩმუნვიდეს	ჩმუნვიდეს	1	1	1.9	mrav-bzoba-iohannes	RARE
შობითგანი	შობითგანი	1	1	1.9	mrav-bzoba-iohannes	RARE
ახილული	ახილული	1	1	1.9	mrav-bzoba-iohannes	RARE
იხილესა	იხილესა	1	1	1.9	mrav-bzoba-iohannes	RARE
ღჳნოდ	ღვნოდ	1	1	1.9	mrav-bzoba-iohannes	RARE
განითქუმოდა	განითქუმოდა	1	1	1.9	mrav-bzoba-iohannes	RARE
უჯერობლობაჲ	უჯერობლობაი	1	1	1.9	mrav-bzoba-iohannes	RARE
მოხუცებულთაჲ	მოხუცებულთაი	1	1	1.9	mrav-bzoba-iohannes	RARE
ქანანისო	ქანანისო	1	1	1.9	mrav-bzoba-iohannes	RARE
ურცხჳნოო	ურცხვნოო	1	1	1.9	mrav-bzoba-iohannes	RARE
იუდაჲსო	იუდაისო	1	1	1.9	mrav-bzoba-iohannes	RARE
ბოროტთანი	ბოროტთანი	1	1	1.9	mrav-bzoba-iohannes	RARE
მწოვარნი	მწოვარნი	1	1	1.9	mrav-bzoba-iohannes	RARE
მღვდელთასა	მღვდელთასა	1	1	1.9	mrav-bzoba-iohannes	RARE
ჰგმობენ	ჰგმობენ	1	1	1.9	mrav-bzoba-iohannes	RARE
შვილთაგან	შვილთაგან	1	1	1.9	mrav-bzoba-iohannes	RARE
ამოიძიეთ	გამოიძიეთ	1	1	1.9	mrav-bzoba-iohannes	RARE
ბრწყინავს	ბრწყინავს	1	1	1.9	mrav-bzoba-iohannes	RARE
გიყუარს	გიყუარს	1	1	1.9	mrav-bzoba-iohannes	RARE
სიონისანი	სიონისანი	1	1	1.9	mrav-bzoba-iohannes	RARE
შეერთენით	შეერთენით	1	1	1.9	mrav-bzoba-iohannes	RARE
თქუენთასა	თქუენთასა	1	1	1.9	mrav-bzoba-iohannes	RARE
შეწირეთ	შეწირეთ	1	1	1.9	mrav-bzoba-iohannes	RARE
ჰკითხეთღა	ჰკითხეთღა	1	1	1.9	mrav-bzoba-iohannes	RARE
ვინძი	ვინძი	1	1	1.9	mrav-bzoba-iohannes	RARE
იპოენით	იპოენით	1	1	1.9	mrav-bzoba-iohannes	RARE
დაადგრეთ	დაადგრეთ	1	1	1.9	mrav-bzoba-iohannes	RARE
გესმოდის	გესმოდის	1	1	1.9	mrav-bzoba-iohannes	RARE
ხედვიდეთ	ხედვიდეთ	1	1	1.9	mrav-bzoba-iohannes	RARE
ყრმათაო	ყრმათაო	1	1	1.9	mrav-bzoba-iohannes	RARE
განმკითხველ	განმკითხველ	1	1	1.9	mrav-bzoba-iohannes	RARE
შეიცვალოს	შეიცვალოს	1	1	1.9	mrav-bzoba-iohannes	RARE
იხილნენ	იხილნენ	1	1	1.9	mrav-bzoba-iohannes	RARE
სცთებიან	სცთებიან	1	1	1.9	mrav-bzoba-iohannes	RARE
მშუიდობისაჲ	მშუიდობისაი	1	1	1.9	mrav-bzoba-iohannes	RARE
უგუნურებისათჳს	უგუნურებისათვს	1	1	1.9	mrav-bzoba-iohannes	RARE
შვილთაჲ	შვილთაი	1	1	1.9	mrav-bzoba-iohannes	RARE
გალობდეს	გალობდეს	1	1	1.9	mrav-bzoba-iohannes	RARE
შეიწყნარეთ	შეიწყნარეთ	1	1	1.9	mrav-bzoba-iohannes	RARE
მოგუანიჭენთ	მოგუანიჭენთ	1	1	1.9	mrav-bzoba-iohannes	RARE
სუიმეონ	სუიმეონ	1	1	1.9	mrav-bzoba-iohannes	RARE
მიეგებვოდა	მიეგებვოდა	1	1	1.9	mrav-bzoba-iohannes	RARE
მოიქუა	მოიქუა	1	1	1.9	mrav-bzoba-iohannes	RARE
აღსაარებული	აღსაარებული	1	1	1.9	mrav-bzoba-iohannes	RARE
მიეგებვიან	მიეგებვიან	1	1	1.9	mrav-bzoba-iohannes	RARE
ხეთაგან	ხეთაგან	1	1	1.9	mrav-bzoba-iohannes	RARE
დაუფენენ	დაუფენენ	1	1	1.9	mrav-bzoba-iohannes	RARE
აკურთხევენ	აკურთხევენ	1	1	1.9	mrav-bzoba-iohannes	RARE
უენცა	ჩუენცა	1	1	1.9	mrav-bzoba-iohannes	RARE
განვმდიდრდეთ	განვმდიდრდეთ	1	1	1.9	mrav-bzoba-iohannes	RARE
ჯდომით	ჯდომით	1	1	1.9	mrav-bzoba-iohannes	RARE
მეუფისანი	მეუფისანი	1	1	1.9	mrav-bzoba-iohannes	RARE
მსახურებენ	მსახურებენ	1	1	1.9	mrav-bzoba-iohannes	RARE
განაღეს	განაღეს	1	1	1.9	mrav-bzoba-iohannes	RARE
გამოაჩინეს	გამოაჩინეს	1	1	1.9	mrav-bzoba-iohannes	RARE
იჩინნეს	იჩინნეს	1	1	1.9	mrav-bzoba-iohannes	RARE
შევიკრიბოთ	შევიკრიბოთ	1	1	1.9	mrav-bzoba-iohannes	RARE
ღმრთისაჲსაჲ	ღმრთისაისაი	1	1	1.9	mrav-bzoba-iohannes	RARE
დავიუნჯოთ	დავიუნჯოთ	1	1	1.9	mrav-bzoba-iohannes	RARE
სახლთა	სახლთა	1	1	1.9	mrav-bzoba-iohannes	RARE
მრთისაგან	ღმრთისაგან	1	1	1.9	mrav-bzoba-iohannes	RARE
მპყრობელისაგან	მპყრობელისაგან	1	1	1.9	mrav-bzoba-iohannes	RARE
სხუით	სხუით	1	1	1.9	mrav-bzoba-iohannes	RARE
მოპოვნებულ	მოპოვნებულ	1	1	1.9	mrav-bzoba-iohannes	RARE
ერთობისასა	ერთობისასა	1	1	1.9	mrav-bzoba-iohannes	RARE
მიუხედველ	მიუხედველ	1	1	1.9	mrav-bzoba-iohannes	RARE
გამოუთქმელ	გამოუთქმელ	1	1	1.9	mrav-bzoba-iohannes	RARE
მამობისაჲ	მამობისაი	1	1	1.9	mrav-bzoba-iohannes	RARE
ზეობაჲ	ზეობაი	1	1	1.9	mrav-bzoba-iohannes	RARE
გამოეჴუას	გამოეხუას	1	1	1.9	mrav-bzoba-iohannes	RARE
ჰგმობნ	ჰგმობნ	1	1	1.9	mrav-bzoba-iohannes	RARE
ქრისტესსა	ქრისტესსა	1	1	1.9	mrav-bzoba-iohannes	RARE
მორწმუნედცა	მორწმუნედცა	1	1	1.9	mrav-bzoba-iohannes	RARE
შეემთხუიე	შეემთხუიე	1	1	1.9	mrav-bzoba-iohannes	RARE
გაქუნ	გაქუნ	1	1	1.9	mrav-bzoba-iohannes	RARE
დაემორჩილე	დაემორჩილე	1	1	1.9	mrav-bzoba-iohannes	RARE
ამასვე	ამასვე	1	1	1.9	mrav-bzoba-iohannes	RARE
დასდებს	დასდებს	1	1	1.9	mrav-bzoba-iohannes	RARE
მჴეცთაგან	მხეცთაგან	1	1	1.9	mrav-bzoba-iohannes	RARE
დაიფარნა	დაიფარნა	1	1	1.9	mrav-bzoba-iohannes	RARE
მჴეცისაგან	მხეცისაგან	1	1	1.9	mrav-bzoba-iohannes	RARE
უკმოიჴსნა	უკმოიხსნა	1	1	1.9	mrav-bzoba-iohannes	RARE
დააცხრვნა	დააცხრვნა	1	1	1.9	mrav-bzoba-iohannes	RARE
ძლიერისათა	ძლიერისათა	1	1	1.9	mrav-bzoba-iohannes	RARE
მიმოდამტაცებელთაგან	მიმოდამტაცებელთაგან	1	1	1.9	mrav-bzoba-iohannes	RARE
გუაცხოვნა	გუაცხოვნა	1	1	1.9	mrav-bzoba-iohannes	RARE
მაცხოვნეს	მაცხოვნეს	1	1	1.9	mrav-bzoba-iohannes	RARE
გაკურთხევთ	გაკურთხევთ	1	1	1.9	mrav-bzoba-iohannes	RARE
ხადოდეს	ხადოდეს	1	1	1.9	mrav-bzoba-iohannes	RARE
გიძნავსა	გიძნავსა	1	1	1.9	mrav-bzoba-iohannes	RARE
გხადიან	გხადიან	1	1	1.9	mrav-bzoba-iohannes	RARE
მივსცეო	მივსცეო	1	1	1.9	mrav-bzoba-iohannes	RARE
შეიწყნარებ	შეიწყნარებ	1	1	1.9	mrav-bzoba-iohannes	RARE
გრძელმან	გრძელმან	1	1	1.9	mrav-bzoba-iohannes	RARE
მაცთურთაჲ	მაცთურთაი	1	1	1.9	mrav-bzoba-iohannes	RARE
დააცხრობდა	დააცხრობდა	1	1	1.9	mrav-bzoba-iohannes	RARE
მოაჴსენებდა	მოახსენებდა	1	1	1.9	mrav-bzoba-iohannes	RARE
წერილთაგან	წერილთაგან	1	1	1.9	mrav-bzoba-iohannes	RARE
გესმაა	გესმაა	1	1	1.9	mrav-bzoba-iohannes	RARE
თქმული	თქმული	1	1	1.9	mrav-bzoba-iohannes	RARE
ჩჩუილთა	ჩჩუილთა	1	1	1.9	mrav-bzoba-iohannes	RARE
აღმოიკითხავთ	აღმოიკითხავთ	1	1	1.9	mrav-bzoba-iohannes	RARE
ვიქადაგები	ვიქადაგები	1	1	1.9	mrav-bzoba-iohannes	RARE
მეცრუვებით	მეცრუვებით	1	1	1.9	mrav-bzoba-iohannes	RARE
წინაწარმეტყუელებითა	წინაწარმეტყუელებითა	1	1	1.9	mrav-bzoba-iohannes	RARE
აგებდით	აგებდით	1	1	1.9	mrav-bzoba-iohannes	RARE
გიცნობიეს	გიცნობიეს	1	1	1.9	mrav-bzoba-iohannes	RARE
ვრწამ	ვრწამ	1	1	1.9	mrav-bzoba-iohannes	RARE
რწამს	რწამს	1	1	1.9	mrav-bzoba-iohannes	RARE
დააცხრვეს	დააცხრვეს	1	1	1.9	mrav-bzoba-iohannes	RARE
სიტყუის	სიტყუის	1	1	1.9	mrav-bzoba-iohannes	RARE
დაიყო	დაიყო	1	1	1.9	mrav-bzoba-iohannes	RARE
ძუირის	ძუირის	1	1	1.9	mrav-bzoba-iohannes	RARE
შეცუივეს	შეცუივეს	1	1	1.9	mrav-bzoba-iohannes	RARE
გულისხმისა	გულისხმისა	1	1	1.9	mrav-bzoba-iohannes	RARE
შეეზავებოდეს	შეეზავებოდეს	1	1	1.9	mrav-bzoba-iohannes	RARE
ათსა	ათსა	1	1	1.9	mrav-bzoba-iohannes	RARE
პატიოსნითა	პატიოსნითა	1	1	1.9	mrav-bzoba-iohannes	RARE
ვიპკურნეთ	ვიპკურნეთ	1	1	1.9	mrav-bzoba-iohannes	RARE
ქუეყანისათანი	ქუეყანისათანი	1	1	1.9	mrav-bzoba-iohannes	RARE
ბალარჯობისაჲ	ბალარჯობისაი	1	1	1.9	mrav-bzoba-meletios	RARE
მისულითა	მისულითა	1	1	1.9	mrav-bzoba-meletios	RARE
იცნან	იცნან	1	1	1.9	mrav-bzoba-meletios	RARE
კურთხევისაჲთა	კურთხევისაითა	1	1	1.9	mrav-bzoba-meletios	RARE
აღასრულებდეს	აღასრულებდეს	1	1	1.9	mrav-bzoba-meletios	RARE
შეჰრისხენ	შეჰრისხენ	1	1	1.9	mrav-bzoba-meletios	RARE
დადუმნენ	დადუმნენ	1	1	1.9	mrav-bzoba-meletios	RARE
ღაღადებდენ	ღაღადებდენ	1	1	1.9	mrav-bzoba-meletios	RARE
აღასრულებენ	აღასრულებენ	1	1	1.9	mrav-bzoba-meletios	RARE
ერიცა	ერიცა	1	1	1.9	mrav-bzoba-meletios	RARE
მოკრებულ	მოკრებულ	1	1	1.9	mrav-bzoba-meletios	RARE
რტოებითა	რტოებითა	1	1	1.9	mrav-bzoba-meletios	RARE
კუდისაჲთა	კუდისაითა	1	1	1.9	mrav-bzoba-meletios	RARE
მიგებვოდეს	მიგებვოდეს	1	1	1.9	mrav-bzoba-meletios	RARE
ნეტარმცა	ნეტარმცა	1	1	1.9	mrav-bzoba-meletios	RARE
ცხადებულ	ცხადებულ	1	1	1.9	mrav-bzoba-meletios	RARE
ჴსნისაჲ	ხსნისაი	1	1	1.9	mrav-bzoba-meletios	RARE
დაურთეს	დაურთეს	1	1	1.9	mrav-bzoba-meletios	RARE
აყენებდეს	აყენებდეს	1	1	1.9	mrav-bzoba-meletios	RARE
დადუმებად	დადუმებად	1	1	1.9	mrav-bzoba-meletios	RARE
ყრმებისა	ყრმებისა	1	1	1.9	mrav-bzoba-meletios	RARE
დაჰკრიბოს	დაჰკრიბოს	1	1	1.9	mrav-bzoba-meletios	RARE
უცხოდ	უცხოდ	1	1	1.9	mrav-bzoba-meletios	RARE
უცხოჲსად	უცხოისად	1	1	1.9	mrav-bzoba-meletios	RARE
იტყუიანა	იტყუიანა	1	1	1.9	mrav-bzoba-meletios	RARE
მდებენ	მდებენ	1	1	1.9	mrav-bzoba-meletios	RARE
განრისხნებით	განრისხნებით	1	1	1.9	mrav-bzoba-meletios	RARE
დაადუმებენ	დაადუმებენ	1	1	1.9	mrav-bzoba-meletios	RARE
სოლომონის	სოლომონის	1	1	1.9	mrav-bzoba-meletios	RARE
დაჯდებოდა	დაჯდებოდა	1	1	1.9	mrav-bzoba-meletios	RARE
მეფედ	მეფედ	1	1	1.9	mrav-bzoba-meletios	RARE
ევლინნეს	ევლინნეს	1	1	1.9	mrav-bzoba-meletios	RARE
საკუირველებანი	საკუირველებანი	1	1	1.9	mrav-bzoba-meletios	RARE
იკადრეთ	იკადრეთ	1	1	1.9	mrav-bzoba-meletios	RARE
დაადუმეთ	დაადუმეთ	1	1	1.9	mrav-bzoba-meletios	RARE
დღისათჳს	დღისათვს	1	1	1.9	mrav-bzoba-meletios	RARE
აღმოგიკითხავს	აღმოგიკითხავს	1	1	1.9	mrav-bzoba-meletios	RARE
შეძრვისა	შეძრვისა	1	1	1.9	mrav-bzoba-meletios	RARE
ჴმისაჲ	ხმისაი	1	1	1.9	mrav-bzoba-meletios	RARE
იტყოდესცა	იტყოდესცა	1	1	1.9	mrav-bzoba-meletios	RARE
ეტყოდაო	ეტყოდაო	1	1	1.9	mrav-bzoba-meletios	RARE
საყვარელნო	საყვარელნო	1	1	1.9	mrav-bzoba-meletios	RARE
განვაგდოთ	განვაგდოთ	1	1	1.9	mrav-bzoba-meletios	RARE
წადიერებით	წადიერებით	1	1	1.9	mrav-bzoba-meletios	RARE
მცენარეთა	მცენარეთა	1	1	1.9	mrav-bzoba-meletios	RARE
აღვიპყრნეთ	აღვიპყრნეთ	1	1	1.9	mrav-bzoba-meletios	RARE
უყოთ	უყოთ	1	1	1.9	mrav-bzoba-meletios	RARE
ვაცადოთ	ვაცადოთ	1	1	1.9	mrav-bzoba-severian	RARE
შეეახლნეს	შეეახლნეს	1	1	1.9	mrav-bzoba-severian	RARE
ბეთბაგედ	ბეთბაგედ	1	1	1.9	mrav-bzoba-severian	RARE
ზეთისხილთასა	ზეთისხილთასა	1	1	1.9	mrav-bzoba-severian	RARE
მიავლინნა	მიავლინნა	1	1	1.9	mrav-bzoba-severian	RARE
ვირისაჲ	ვირისაი	1	1	1.9	mrav-bzoba-severian	RARE
ამპარტავნებაჲ	ამპარტავნებაი	1	1	1.9	mrav-bzoba-severian	RARE
არარად	არარად	1	1	1.9	mrav-bzoba-severian	RARE
დააცხრო	დააცხრო	1	1	1.9	mrav-bzoba-severian	RARE
ზუაობენ	ზუაობენ	1	1	1.9	mrav-bzoba-severian	RARE
მოსრას	მოსრას	1	1	1.9	mrav-bzoba-severian	RARE
ეფრემისი	ეფრემისი	1	1	1.9	mrav-bzoba-severian	RARE
ისრელისაჲ	ისრელისაი	1	1	1.9	mrav-bzoba-severian	RARE
დააცხრობს	დააცხრობს	1	1	1.9	mrav-bzoba-severian	RARE
არცხჳნა	არცხვნა	1	1	1.9	mrav-bzoba-severian	RARE
მსხდომარენი	მსხდომარენი	1	1	1.9	mrav-bzoba-severian	RARE
დაამდაბლნა	დაამდაბლნა	1	1	1.9	mrav-bzoba-severian	RARE
იერუსალემისაჲ	იერუსალემისაი	1	1	1.9	mrav-bzoba-severian	RARE
ახარონ	ახარონ	1	1	1.9	mrav-bzoba-severian	RARE
მისცენ	მისცენ	1	1	1.9	mrav-bzoba-severian	RARE
აცუენა	აცუენა	1	1	1.9	mrav-bzoba-severian	RARE
ძალთაჲ	ძალთაი	1	1	1.9	mrav-bzoba-severian	RARE
ეტლებითა	ეტლებითა	1	1	1.9	mrav-bzoba-severian	RARE
მჰდომარე	მჰდომარე	1	1	1.9	mrav-bzoba-severian	RARE
შეაბნის	შეაბნის	1	1	1.9	mrav-bzoba-severian	RARE
აქცევნ	აქცევნ	1	1	1.9	mrav-bzoba-severian	RARE
მისთავე	მისთავე	1	1	1.9	mrav-bzoba-severian	RARE
მისთჳსვე	მისთვსვე	1	1	1.9	mrav-bzoba-severian	RARE
მოვიღებთ	მოვიღებთ	1	1	1.9	mrav-bzoba-severian	RARE
ვსხდით	ვსხდით	1	1	1.9	mrav-bzoba-severian	RARE
იქცევინ	იქცევინ	1	1	1.9	mrav-bzoba-severian	RARE
ქართასა	ქართასა	1	1	1.9	mrav-bzoba-severian	RARE
შევაბნით	შევაბნით	1	1	1.9	mrav-bzoba-severian	RARE
განაბნა	განაბნა	1	1	1.9	mrav-bzoba-severian	RARE
გამოვლენ	გამოვლენ	1	1	1.9	mrav-bzoba-severian	RARE
განაგებნ	განაგებნ	1	1	1.9	mrav-bzoba-severian	RARE
დასაჴრწნელნი	დასახრწნელნი	1	1	1.9	mrav-bzoba-severian	RARE
მიავლინებს	მიავლინებს	1	1	1.9	mrav-bzoba-severian	RARE
ღმრთისათაჲ	ღმრთისათაი	1	1	1.9	mrav-bzoba-severian	RARE
ზღუათაცა	ზღუათაცა	1	1	1.9	mrav-bzoba-severian	RARE
ქართაჲ	ქართაი	1	1	1.9	mrav-bzoba-severian	RARE
აღმოსავალითი	აღმოსავალითი	1	1	1.9	mrav-bzoba-severian	RARE
დასავალითი	დასავალითი	1	1	1.9	mrav-bzoba-severian	RARE
ავლენს	ავლენს	1	1	1.9	mrav-bzoba-severian	RARE
დასხმულ	დასხმულ	1	1	1.9	mrav-bzoba-severian	RARE
უფლიეს	უფლიეს	1	1	1.9	mrav-bzoba-severian	RARE
მდიდართათჳს	მდიდართათვს	1	1	1.9	mrav-bzoba-severian	RARE
გლახაკთათჳსცა	გლახაკთათვსცა	1	1	1.9	mrav-bzoba-severian	RARE
ვაჭართათჳსცა	ვაჭართათვსცა	1	1	1.9	mrav-bzoba-severian	RARE
მაბრკოლებელ	მაბრკოლებელ	1	1	1.9	mrav-bzoba-severian	RARE
იცადე	იცადე	1	1	1.9	mrav-bzoba-severian	RARE
ესეღა	ესეღა	1	1	1.9	mrav-bzoba-severian	RARE
სუენიერითა	სუენიერითა	1	1	1.9	mrav-bzoba-severian	RARE
გჳჩუენებდა	გვჩუენებდა	1	1	1.9	mrav-bzoba-severian	RARE
აღმოიცოხნიდეს	აღმოიცოხნიდეს	1	1	1.9	mrav-bzoba-severian	RARE
იყავნო	იყავნო	1	1	1.9	mrav-bzoba-severian	RARE
ვირიცა	ვირიცა	1	1	1.9	mrav-bzoba-severian	RARE
იცოხნის	იცოხნის	1	1	1.9	mrav-bzoba-severian	RARE
ასხენ	ასხენ	1	1	1.9	mrav-bzoba-severian	RARE
დაიმორჩილის	დაიმორჩილის	1	1	1.9	mrav-bzoba-severian	RARE
დაიცვნის	დაიცვნის	1	1	1.9	mrav-bzoba-severian	RARE
აჰჴედ	აჰხედ	1	1	1.9	mrav-bzoba-severian	RARE
ცხენ	ცხენ	1	1	1.9	mrav-bzoba-severian	RARE
აღღებად	აღღებად	1	1	1.9	mrav-bzoba-severian	RARE
ჰწიხნიდა	ჰწიხნიდა	1	1	1.9	mrav-bzoba-severian	RARE
ძოვდა	ძოვდა	1	1	1.9	mrav-bzoba-severian	RARE
აღასხნა	აღასხნა	1	1	1.9	mrav-bzoba-severian	RARE
განკჳრვებითა	განკვრვებითა	1	1	1.9	mrav-bzoba-severian	RARE
მწყსიდა	მწყსიდა	1	1	1.9	mrav-bzoba-severian	RARE
მდევნი	მდევნი	1	1	1.9	mrav-bzoba-severian	RARE
აღსხმად	აღსხმად	1	1	1.9	mrav-bzoba-severian	RARE
ასხნეს	ასხნეს	1	1	1.9	mrav-bzoba-severian	RARE
ბოროტისასა	ბოროტისასა	1	1	1.9	mrav-bzoba-severian	RARE
სიყუარულისაჲთა	სიყუარულისაითა	1	1	1.9	mrav-bzoba-severian	RARE
წარდევნის	წარდევნის	1	1	1.9	mrav-bzoba-severian	RARE
პირუტყჳ	პირუტყვ	1	1	1.9	mrav-bzoba-severian	RARE
წარჰყარენ	წარჰყარენ	1	1	1.9	mrav-bzoba-severian	RARE
წარუწყმდის	წარუწყმდის	1	1	1.9	mrav-bzoba-severian	RARE
სარწმუნოებისამან	სარწმუნოებისამან	1	1	1.9	mrav-bzoba-severian	RARE
განამტიცნის	განამტიცნის	1	1	1.9	mrav-bzoba-severian	RARE
აშუენნის	აშუენნის	1	1	1.9	mrav-bzoba-severian	RARE
დაცულ	დაცულ	1	1	1.9	mrav-bzoba-severian	RARE
აყენებს	აყენებს	1	1	1.9	mrav-bzoba-severian	RARE
კიცო	კიცო	1	1	1.9	mrav-bzoba-severian	RARE
ზედამჯდომელი	ზედამჯდომელი	1	1	1.9	mrav-bzoba-severian	RARE
დამამძიმებელი	დამამძიმებელი	1	1	1.9	mrav-bzoba-severian	RARE
აღმაფართებელი	აღმაფართებელი	1	1	1.9	mrav-bzoba-severian	RARE
ვიყვვნით	ვიყვვნით	1	1	1.9	mrav-bzoba-severian	RARE
ვიქმნით	ვიქმნით	1	1	1.9	mrav-bzoba-severian	RARE
აღიღეთ	აღიღეთ	1	1	1.9	mrav-bzoba-severian	RARE
ისწავეტ	ისწავეტ	1	1	1.9	mrav-bzoba-severian	RARE
ვითხოვოთ	ვითხოვოთ	1	1	1.9	mrav-bzoba-severian	RARE
მაცხოვრისაგან	მაცხოვრისაგან	1	1	1.9	mrav-bzoba-severian	RARE
გჳყოს	გვყოს	1	1	1.9	mrav-bzoba-severian	RARE
კიცჳსა	კიცვსა	1	1	1.9	mrav-bzoba-severian	RARE
ვენაჴისასა	ვენახისასა	1	1	1.9	mrav-bzoba-severian	RARE
კიცჳ	კიცვ	1	1	1.9	mrav-bzoba-severian	RARE
მადლისათჳს	მადლისათვს	1	1	1.9	mrav-bzoba-severian	RARE
სასინელ	სასინელ	1	1	1.9	mrav-bzoba-severian	RARE
სერაბინთაგან	სერაბინთაგან	1	1	1.9	mrav-bzoba-severian	RARE
მოგუესწავა	მოგუესწავა	1	1	1.9	mrav-bzoba-severian	RARE
რომლისაიგი	რომლისაიგი	1	1	1.9	mrav-bzoba-severian	RARE
ღატუ	ღატუ	1	1	1.9	mrav-bzoba-severian	RARE
რომელთანიმე	რომელთანიმე	1	1	1.9	mrav-bzoba-severian	RARE
განათლდეს	განათლდეს	1	1	1.9	mrav-bzoba-severian	RARE
უგუნურებითა	უგუნურებითა	1	1	1.9	mrav-bzoba-severian	RARE
მოიჴსენეს	მოიხსენეს	1	1	1.9	mrav-bzoba-severian	RARE
სიონისასა	სიონისასა	1	1	1.9	mrav-bzoba-severian	RARE
რაჲსათჳსღა	რაისათვსღა	1	1	1.9	mrav-bzoba-severian	RARE
სხუათათჳს	სხუათათვს	1	1	1.9	mrav-bzoba-severian	RARE
დაგიწერა	დაგიწერა	1	1	1.9	mrav-bzoba-severian	RARE
შემოსლვისაჲ	შემოსლვისაი	1	1	1.9	mrav-bzoba-severian	RARE
სცანთ	სცანთ	1	1	1.9	mrav-bzoba-severian	RARE
დაგისწავიეს	დაგისწავიეს	1	1	1.9	mrav-bzoba-severian	RARE
იცანთ	იცანთ	1	1	1.9	mrav-bzoba-severian	RARE
მიეგებვოდეთ	მიეგებვოდეთ	1	1	1.9	mrav-bzoba-severian	RARE
უძნდა	უძნდა	1	1	1.9	mrav-bzoba-severian	RARE
ამათი	ამათი	1	1	1.9	mrav-bzoba-severian	RARE
მედგრობითა	მედგრობითა	1	1	1.9	mrav-bzoba-severian	RARE
მათგანვე	მათგანვე	1	1	1.9	mrav-bzoba-severian	RARE
ემხილებოდა	ემხილებოდა	1	1	1.9	mrav-bzoba-severian	RARE
სწვლულ	სწვლულ	1	1	1.9	mrav-bzoba-severian	RARE
აღმოეკითხა	აღმოეკითხა	1	1	1.9	mrav-bzoba-severian	RARE
განფიცხეს	განფიცხეს	1	1	1.9	mrav-bzoba-severian	RARE
ყრმათანი	ყრმათანი	1	1	1.9	mrav-bzoba-severian	RARE
იწყლვოდეს	იწყლვოდეს	1	1	1.9	mrav-bzoba-severian	RARE
აღმოგიკითხავსა	აღმოგიკითხავსა	1	1	1.9	mrav-bzoba-severian	RARE
დუმნენ	დუმნენ	1	1	1.9	mrav-bzoba-severian	RARE
ღაღადენდენვე	ღაღადენდენვე	1	1	1.9	mrav-bzoba-severian	RARE
ჰურიათაგანსა	ჰურიათაგანსა	1	1	1.9	mrav-bzoba-severian	RARE
ესმოდის	ესმოდის	1	1	1.9	mrav-bzoba-severian	RARE
თავისათჳს	თავისათვს	1	1	1.9	mrav-bzoba-severian	RARE
იჩემაო	იჩემაო	1	1	1.9	mrav-bzoba-severian	RARE
ჰურიასტანს	ჰურიასტანს	1	1	1.9	mrav-bzoba-severian	RARE
მიმოდაფენად	მიმოდაფენად	1	1	1.9	mrav-bzoba-severian	RARE
უმეტჱსცა	უმეტესცა	1	1	1.9	mrav-bzoba-severian	RARE
თვალთაგან	თვალთაგან	1	1	1.9	mrav-bzoba-severian	RARE
იყვნესა	იყვნესა	1	1	1.9	mrav-bzoba-severian	RARE
მწუისნი	მწუისნი	1	1	1.9	mrav-bzoba-severian	RARE
შესულასა	შესულასა	1	1	1.9	mrav-bzoba-severian	RARE
დაუფენდეს	დაუფენდეს	1	1	1.9	mrav-bzoba-severian	RARE
მგებელ	მგებელ	1	1	1.9	mrav-bzoba-severian	RARE
იეზაბელისნი	იეზაბელისნი	1	1	1.9	mrav-bzoba-severian	RARE
ღმერთასავე	ღმერთასავე	1	1	1.9	mrav-bzoba-severian	RARE
ნაბოთჰსი	ნაბოთჰსი	1	1	1.9	mrav-bzoba-severian	RARE
ნაბოთაე	ნაბოთაე	1	1	1.9	mrav-bzoba-severian	RARE
გმოო	გმოო	1	1	1.9	mrav-bzoba-severian	RARE
იგებდა	იგებდა	1	1	1.9	mrav-bzoba-severian	RARE
ვიხილენთ	ვიხილენთ	1	1	1.9	mrav-bzoba-severian	RARE
შენთანი	შენთანი	1	1	1.9	mrav-bzoba-severian	RARE
იჩუენებოდა	იჩუენებოდა	1	1	1.9	mrav-bzoba-severian	RARE
ჴორციელებისათჳს	ხორციელებისათვს	1	1	1.9	mrav-bzoba-severian	RARE
მოხედო	მოხედო	1	1	1.9	mrav-bzoba-severian	RARE
უდგინა	უდგინა	1	1	1.9	mrav-bzoba-severian	RARE
კაცისასა	კაცისასა	1	1	1.9	mrav-bzoba-severian	RARE
მოხედნის	მოხედნის	1	1	1.9	mrav-bzoba-severian	RARE
ჩინებად	ჩინებად	1	1	1.9	mrav-bzoba-severian	RARE
ტყუვილ	ტყუვილ	1	1	1.9	mrav-bzoba-severian	RARE
დაიცავს	დაიცავს	1	1	1.9	mrav-bzoba-severian	RARE
გალობად	გალობად	1	1	1.9	mrav-bzoba-severian	RARE
შენთაჲ	შენთაი	1	1	1.9	mrav-bzoba-severian	RARE
გონიერ	გონიერ	1	1	1.9	mrav-bzoba-severian	RARE
შჯულისანი	შჯულისანი	1	1	1.9	mrav-bzoba-severian	RARE
ასწავებდეს	ასწავებდეს	1	1	1.9	mrav-bzoba-severian	RARE
სცნობდეს	სცნობდეს	1	1	1.9	mrav-bzoba-severian	RARE
ამოვიდა	გამოვიდა	1	1	1.9	mrav-bzoba-severian	RARE
ემხილა	ემხილა	1	1	1.9	mrav-bzoba-severian	RARE
სიცრუვისაჲ	სიცრუვისაი	1	1	1.9	mrav-bzoba-severian	RARE
მგალობელნიცა	მგალობელნიცა	1	1	1.9	mrav-bzoba-severian	RARE
ჰქონდეს	ჰქონდეს	1	1	1.9	mrav-bzoba-severian	RARE
მოიქცეთ	მოიქცეთ	1	1	1.9	mrav-bzoba-severian	RARE
იქმნეთ	იქმნეთ	1	1	1.9	mrav-bzoba-severian	RARE
შეხუიდეთ	შეხუიდეთ	1	1	1.9	mrav-bzoba-severian	RARE
ყოვლისაგანვე	ყოვლისაგანვე	1	1	1.9	mrav-bzoba-severian	RARE
უბიწოებით	უბიწოებით	1	1	1.9	mrav-bzoba-severian	RARE
მოზღუარი	მოზღუარი	1	1	1.9	mrav-bzoba-severian	RARE
ცოდვისაგან	ცოდვისაგან	1	1	1.9	mrav-bzoba-severian	RARE
სცან	სცან	1	1	1.9	mrav-bzoba-severian	RARE
განაშორებ	განაშორებ	1	1	1.9	mrav-bzoba-severian	RARE
ისრელისასა	ისრელისასა	1	1	1.9	mrav-bzoba-severian	RARE
ჰფუცავთ	ჰფუცავთ	1	1	1.9	mrav-bzoba-severian	RARE
მამისაჲო	მამისაიო	1	1	1.9	mrav-bzoba-severian	RARE
დაფარა	დაფარა	1	1	1.9	mrav-bzoba-severian	RARE
ვთქუათღა	ვთქუათღა	1	1	1.9	mrav-bzoba-severian	RARE
სიტყუისა	სიტყუისა	1	1	1.9	mrav-bzoba-severian	RARE
მამისად	მამისად	1	1	1.9	mrav-bzoba-severian	RARE
ვქადაგო	ვქადაგო	1	1	1.9	mrav-bzoba-severian	RARE
ძისად	ძისად	1	1	1.9	mrav-bzoba-severian	RARE
გამოვიტყოდი	გამოვიტყოდი	1	1	1.9	mrav-bzoba-severian	RARE
დააცხროს	დააცხროს	1	1	1.9	mrav-bzoba-severian	RARE
ითქუნ	ითქუნ	1	1	1.9	mrav-bzoba-severian	RARE
დანიელისგან	დანიელისგან	1	1	1.9	mrav-bzoba-severian	RARE
დღეთაჲს	დღეთაის	1	1	1.9	mrav-bzoba-severian	RARE
თესლამდე	თესლამდე	1	1	1.9	mrav-bzoba-severian	RARE
წარვალს	წარვალს	1	1	1.9	mrav-bzoba-severian	RARE
მადიდე	მადიდე	1	1	1.9	mrav-bzoba-severian	RARE
ითხოენ	ითხოენ	1	1	1.9	mrav-bzoba-severian	RARE
ითხოევო	ითხოევო	1	1	1.9	mrav-bzoba-severian	RARE
მოსლვადმდევე	მოსლვადმდევე	1	1	1.9	mrav-bzoba-severian	RARE
ჴორცთამდე	ხორცთამდე	1	1	1.9	mrav-bzoba-severian	RARE
ითხოეო	ითხოეო	1	1	1.9	mrav-bzoba-severian	RARE
თხოისა	თხოისა	1	1	1.9	mrav-bzoba-severian	RARE
იკადროღა	იკადროღა	1	1	1.9	mrav-bzoba-severian	RARE
ჰყვნეა	ჰყვნეა	1	1	1.9	mrav-bzoba-severian	RARE
გეშინოდა	გეშინოდა	1	1	1.9	mrav-bzoba-severian	RARE
თხოვაჲცა	თხოვაიცა	1	1	1.9	mrav-bzoba-severian	RARE
ლიქნისაჲ	ლიქნისაი	1	1	1.9	mrav-bzoba-severian	RARE
სთხოვს	სთხოვს	1	1	1.9	mrav-bzoba-severian	RARE
ძეცა	ძეცა	1	1	1.9	mrav-bzoba-severian	RARE
ვამსგავსო	ვამსგავსო	1	1	1.9	mrav-bzoba-severian	RARE
ურაცხიენ	ურაცხიენ	1	1	1.9	mrav-bzoba-severian	RARE
უნაყოფოდ	უნაყოფოდ	1	1	1.9	mrav-bzoba-severian	RARE
შეაბმიან	შეაბმიან	1	1	1.9	mrav-bzoba-severian	RARE
აღმოაბნევდენ	აღმოაბნევდენ	1	1	1.9	mrav-bzoba-severian	RARE
რომელთანი	რომელთანი	1	1	1.9	mrav-bzoba-severian	RARE
ჰყოფდენ	ჰყოფდენ	1	1	1.9	mrav-bzoba-severian	RARE
ქვათაგანცა	ქვათაგანცა	1	1	1.9	mrav-bzoba-severian	RARE
მოწჳს	მოწვს	1	1	1.9	mrav-bzoba-severian	RARE
აღმოჰფხურის	აღმოჰფხურის	1	1	1.9	mrav-bzoba-severian	RARE
განარჩიის	განარჩიის	1	1	1.9	mrav-bzoba-severian	RARE
კერპთაგან	კერპთაგან	1	1	1.9	mrav-bzoba-severian	RARE
მოწუა	მოწუა	1	1	1.9	mrav-bzoba-severian	RARE
წუვიდა	წუვიდა	1	1	1.9	mrav-bzoba-severian	RARE
განვაგრძვე	განვაგრძვე	1	1	1.9	mrav-bzoba-severian	RARE
ჩუენისავე	ჩუენისავე	1	1	1.9	mrav-bzoba-severian	RARE
აღშჱნებისათჳს	აღშენებისათვს	1	1	1.9	mrav-bzoba-severian	RARE
დაუფენდა	დაუფენდა	1	1	1.9	mrav-bzoba-severian	RARE
საურველ	საურველ	1	1	1.9	mrav-bzoba-severian	RARE
პატიოსნისაჲ	პატიოსნისაი	1	1	1.9	mrav-bzoba-severian	RARE
ორგანვე	ორგანვე	1	1	1.9	mrav-bzoba-severian	RARE
ვცოდეთ	ვცოდეთ	1	1	1.9	mrav-bzoba-severian	RARE
ვიდოდეთ	ვიდოდეთ	1	1	1.9	mrav-bzoba-severian	RARE
ვევლტოდით	ვევლტოდით	1	1	1.9	mrav-bzoba-severian	RARE
ვადიდოთ	ვადიდოთ	1	1	1.9	mrav-bzoba-severian	RARE
რავდ	რავდ	1	1	1.9	mrav-bzoba-severian	RARE
დაუფინეს	დაუფინეს	1	1	1.9	mrav-bzoba-severian	RARE
დაუფინენ	დაუფინენ	1	1	1.9	mrav-bzoba-severian	RARE
დაუფინე	დაუფინე	1	1	1.9	mrav-bzoba-severian	RARE
განმზადენით	განმზადენით	1	1	1.9	mrav-bzoba-severian	RARE
ვიქცეოდით	ვიქცეოდით	1	1	1.9	mrav-bzoba-severian	RARE
გამოასხა	გამოასხა	1	1	1.9	mrav-bzoba-severian	RARE
გამოვიხატოთ	გამოვიხატოთ	1	1	1.9	mrav-bzoba-severian	RARE
გუექმნეს	გუექმნეს	1	1	1.9	mrav-bzoba-severian	RARE
შოლტ	შოლტ	1	1	1.9	mrav-bzoba-severian	RARE
განასხას	განასხას	1	1	1.9	mrav-bzoba-severian	RARE
გონებათაგან	გონებათაგან	1	1	1.9	mrav-bzoba-severian	RARE
ყალობითა	წყალობითა	1	1	1.9	mrav-colophon-makari	RARE
მომადლებითა	მომადლებითა	1	1	1.9	mrav-colophon-makari	RARE
მარიამისითა	მარიამისითა	1	1	1.9	mrav-colophon-makari	RARE
მყოფელის	მყოფელის	1	1	1.9	mrav-colophon-makari	RARE
ქრისტჱსისაჲთა	ქრისტესისაითა	1	1	1.9	mrav-colophon-makari	RARE
მისთაჲთა	მისთაითა	1	1	1.9	mrav-colophon-makari	RARE
ლეთეთელი	ლეთეთელი	1	1	1.9	mrav-colophon-makari	RARE
გრძელისაჲ	გრძელისაი	1	1	1.9	mrav-colophon-makari	RARE
პიმენ	პიმენ	1	1	1.9	mrav-colophon-makari	RARE
კახისაჲთა	კახისაითა	1	1	1.9	mrav-colophon-makari	RARE
წერითა	წერითა	1	1	1.9	mrav-colophon-makari	RARE
ამონა	ამონა	1	1	1.9	mrav-colophon-makari	RARE
ვახთანგ	ვახთანგ	1	1	1.9	mrav-colophon-makari	RARE
მოძარღულისა	მოძარღულისა	1	1	1.9	mrav-colophon-makari	RARE
გარდაცვალებულთა	გარდაცვალებულთა	1	1	1.9	mrav-colophon-makari	RARE
აღმოიკითხვიდეთ	აღმოიკითხვიდეთ	1	1	1.9	mrav-colophon-makari	RARE
მოგჳჴსენენით	მოგვხსენენით	1	1	1.9	mrav-colophon-makari	RARE
განკითხვისა	განკითხვისა	1	1	1.9	mrav-colophon-makari	RARE
ტირილისაგან	ტირილისაგან	1	1	1.9	mrav-colophon-makari	RARE
თუალთაჲსა	თუალთაისა	1	1	1.9	mrav-colophon-makari	RARE
ღრჭენისაგან	ღრჭენისაგან	1	1	1.9	mrav-colophon-makari	RARE
კბილთაჲსა	კბილთაისა	1	1	1.9	mrav-colophon-makari	RARE
მოგიჴსენენინ	მოგიხსენენინ	1	1	1.9	mrav-colophon-makari	RARE
მოიჴსენენინ	მოიხსენენინ	1	1	1.9	mrav-colophon-makari	RARE
წიგნისაჲ	წიგნისაი	1	1	1.9	mrav-colophon-makari	RARE
მათთათჳს	მათთათვს	1	1	1.9	mrav-colophon-makari	RARE
აიწერა	დაიწერა	1	1	1.9	mrav-colophon-makari	RARE
საბაჲსსა	საბაისსა	1	1	1.9	mrav-colophon-makari	RARE
თევდოსი	თევდოსი	1	1	1.9	mrav-colophon-makari	RARE
პატრეაქისათა	პატრეაქისათა	1	1	1.9	mrav-colophon-makari	RARE
მამასახლისისათა	მამასახლისისათა	1	1	1.9	mrav-colophon-makari	RARE
ჳჲჱ	ვიე	1	1	1.9	mrav-colophon-makari	RARE
პ	პ	1	1	1.9	mrav-colophon-makari	RARE
შევწირე	შევწირე	1	1	1.9	mrav-colophon-makari	RARE
წმიდათ	წმიდათ	1	1	1.9	mrav-colophon-makari	RARE
წელიწდისა	წელიწდისა	1	1	1.9	mrav-colophon-makari	RARE
ოეც	მოეც	1	1	1.9	mrav-colophon-makari	RARE
უწყალოდ	უწყალოდ	1	1	1.9	mrav-colophon-makari	RARE
გუემულთა	გუემულთა	1	1	1.9	mrav-colophon-makari	RARE
იჴსენ	იხსენ	1	1	1.9	mrav-colophon-makari	RARE
ცრემლთაგან	ცრემლთაგან	1	1	1.9	mrav-colophon-makari	RARE
ბრკომისაგან	ბრკომისაგან	1	1	1.9	mrav-colophon-makari	RARE
ეშჳდესა	მეშვდესა	1	1	1.9	mrav-cross-vision	RARE
აპნისასა	აპნისასა	1	1	1.9	mrav-cross-vision	RARE
დანუბ	დანუბ	1	1	1.9	mrav-cross-vision	RARE
წიაღმოჴდეს	წიაღმოხდეს	1	1	1.9	mrav-cross-vision	RARE
დატყუენეს	დატყუენეს	1	1	1.9	mrav-cross-vision	RARE
აღმოსავალადმდე	აღმოსავალადმდე	1	1	1.9	mrav-cross-vision	RARE
შეკრიბა	შეკრიბა	1	1	1.9	mrav-cross-vision	RARE
დანუბსა	დანუბსა	1	1	1.9	mrav-cross-vision	RARE
ურიცხჳ	ურიცხვ	1	1	1.9	mrav-cross-vision	RARE
ზედამოუვიდოდეს	ზედამოუვიდოდეს	1	1	1.9	mrav-cross-vision	RARE
კოსტანტინეს	კოსტანტინეს	1	1	1.9	mrav-cross-vision	RARE
შემთხუევად	შემთხუევად	1	1	1.9	mrav-cross-vision	RARE
შეეპყრა	შეეპყრა	1	1	1.9	mrav-cross-vision	RARE
გამოუქმნა	გამოუქმნა	1	1	1.9	mrav-cross-vision	RARE
დაიმორჩილა	დაიმორჩილა	1	1	1.9	mrav-cross-vision	RARE
კერპთაჲსა	კერპთაისა	1	1	1.9	mrav-cross-vision	RARE
ღმერთთაჲ	ღმერთთაი	1	1	1.9	mrav-cross-vision	RARE
ვჰმსახურებთ	ვჰმსახურებთ	1	1	1.9	mrav-cross-vision	RARE
წარჰვალნ	წარჰვალნ	1	1	1.9	mrav-cross-vision	RARE
დაეცნიან	დაეცნიან	1	1	1.9	mrav-cross-vision	RARE
შეიმუსრნიან	შეიმუსრნიან	1	1	1.9	mrav-cross-vision	RARE
ერთნეს	ერთნეს	1	1	1.9	mrav-cross-vision	RARE
ერქუმოდა	ერქუმოდა	1	1	1.9	mrav-cross-vision	RARE
შეგუწირნა	შეგუწირნა	1	1	1.9	mrav-cross-vision	RARE
ევსები	ევსები	1	1	1.9	mrav-cross-vision	RARE
წინაშეთა	წინაშეთა	1	1	1.9	mrav-cross-vision	RARE
წარავლინა	წარავლინა	1	1	1.9	mrav-cross-vision	RARE
გამოძიებად	გამოძიებად	1	1	1.9	mrav-cross-vision	RARE
კოსტანტინჱსი	კოსტანტინესი	1	1	1.9	mrav-cross-vision	RARE
მოიძია	მოიძია	1	1	1.9	mrav-cross-vision	RARE
გამოიწულილვიდა	გამოიწულილვიდა	1	1	1.9	mrav-cross-vision	RARE
განმტკიცნა	განმტკიცნა	1	1	1.9	mrav-cross-vision	RARE
წურთილ	წურთილ	1	1	1.9	mrav-cross-vision	RARE
უჴრწნელისაჲ	უხრწნელისაი	1	1	1.9	mrav-cross-vision	RARE
მეორესა	მეორესა	1	1	1.9	mrav-cross-vision	RARE
თთჳსასა	თთვსასა	1	1	1.9	mrav-cross-vision	RARE
ერითა	ერითა	1	1	1.9	mrav-cross-vision	RARE
ქალაქებსა	ქალაქებსა	1	1	1.9	mrav-cross-vision	RARE
ჰურიასტანსა	ჰურიასტანსა	1	1	1.9	mrav-cross-vision	RARE
წარმოდგომად	წარმოდგომად	1	1	1.9	mrav-cross-vision	RARE
მოოჴრებულ	მოოხრებულ	1	1	1.9	mrav-cross-vision	RARE
იპოვნეს	იპოვნეს	1	1	1.9	mrav-cross-vision	RARE
გყუარობდა	გყუარობდა	1	1	1.9	mrav-cross-vision	RARE
ჰყავთ	ჰყავთ	1	1	1.9	mrav-cross-vision	RARE
აგონეთ	აგონეთ	1	1	1.9	mrav-cross-vision	RARE
ტყუვილად	ტყუვილად	1	1	1.9	mrav-cross-vision	RARE
სწყევდით	სწყევდით	1	1	1.9	mrav-cross-vision	RARE
ნერწყჳსაგან	ნერწყვსაგან	1	1	1.9	mrav-cross-vision	RARE
ნერწყჳთა	ნერწყვთა	1	1	1.9	mrav-cross-vision	RARE
ჰნერწყუევდით	ჰნერწყუევდით	1	1	1.9	mrav-cross-vision	RARE
მკუდრად	მკუდრად	1	1	1.9	mrav-cross-vision	RARE
გამოირჩიენით	გამოირჩიენით	1	1	1.9	mrav-cross-vision	RARE
იცოდიან	იცოდიან	1	1	1.9	mrav-cross-vision	RARE
დედოფლისაგან	დედოფლისაგან	1	1	1.9	mrav-cross-vision	RARE
წამებდეს	წამებდეს	1	1	1.9	mrav-cross-vision	RARE
გასმიესა	გასმიესა	1	1	1.9	mrav-cross-vision	RARE
ამცნეს	ამცნეს	1	1	1.9	mrav-cross-vision	RARE
მარადიშ	მარადიშ	1	1	1.9	mrav-cross-vision	RARE
ღაღადებს	ღაღადებს	1	1	1.9	mrav-cross-vision	RARE
მეცრუვნეს	მეცრუვნეს	1	1	1.9	mrav-cross-vision	RARE
მიცნა	მიცნა	1	1	1.9	mrav-cross-vision	RARE
სტრატიოტთაგან	სტრატიოტთაგან	1	1	1.9	mrav-cross-vision	RARE
გიტევნე	გიტევნე	1	1	1.9	mrav-cross-vision	RARE
გამოირჩინეთ	გამოირჩინეთ	1	1	1.9	mrav-cross-vision	RARE
გამოცადნეს	გამოცადნეს	1	1	1.9	mrav-cross-vision	RARE
ცოფნო	ცოფნო	1	1	1.9	mrav-cross-vision	RARE
გეყოა	გეყოა	1	1	1.9	mrav-cross-vision	RARE
იესუჲსსა	იესუისსა	1	1	1.9	mrav-cross-vision	RARE
მაქუსცა	მაქუსცა	1	1	1.9	mrav-cross-vision	RARE
ვიკითხავთცა	ვიკითხავთცა	1	1	1.9	mrav-cross-vision	RARE
გამოგჳცხადენ	გამოგვცხადენ	1	1	1.9	mrav-cross-vision	RARE
შევატყუათ	შევატყუათ	1	1	1.9	mrav-cross-vision	RARE
წარგუალეთ	წარგუალეთ	1	1	1.9	mrav-cross-vision	RARE
გამოარჩიენით	გამოარჩიენით	1	1	1.9	mrav-cross-vision	RARE
ჯერისათჳს	ჯერისათვს	1	1	1.9	mrav-cross-vision	RARE
გუაშრომებს	გუაშრომებს	1	1	1.9	mrav-cross-vision	RARE
აღვინმეიაროთ	აღვინმეიაროთ	1	1	1.9	mrav-cross-vision	RARE
დაიჴსნეს	დაიხსნეს	1	1	1.9	mrav-cross-vision	RARE
სიმონს	სიმონს	1	1	1.9	mrav-cross-vision	RARE
გამოუჩინე	გამოუჩინე	1	1	1.9	mrav-cross-vision	RARE
გუემად	გუემად	1	1	1.9	mrav-cross-vision	RARE
შენდამდე	შენდამდე	1	1	1.9	mrav-cross-vision	RARE
მეფობდენ	მეფობდენ	1	1	1.9	mrav-cross-vision	RARE
ცუმულსა	ცუმულსა	1	1	1.9	mrav-cross-vision	RARE
მიჰყვენით	მიჰყვენით	1	1	1.9	mrav-cross-vision	RARE
ვერთე	ვერთე	1	1	1.9	mrav-cross-vision	RARE
ვაყენებდიცა	ვაყენებდიცა	1	1	1.9	mrav-cross-vision	RARE
გარდამოიღეს	გარდამოიღეს	1	1	1.9	mrav-cross-vision	RARE
გამოუცხადა	გამოუცხადა	1	1	1.9	mrav-cross-vision	RARE
სადუკეველითურთ	სადუკეველითურთ	1	1	1.9	mrav-cross-vision	RARE
შუელად	შუელად	1	1	1.9	mrav-cross-vision	RARE
შეჭუვნებულ	შეჭუვნებულ	1	1	1.9	mrav-cross-vision	RARE
უტევებდა	უტევებდა	1	1	1.9	mrav-cross-vision	RARE
შეურაცხებ	შეურაცხებ	1	1	1.9	mrav-cross-vision	RARE
გასწაო	გასწაო	1	1	1.9	mrav-cross-vision	RARE
მოწყალებისა	მოწყალებისა	1	1	1.9	mrav-cross-vision	RARE
სავლეცა	სავლეცა	1	1	1.9	mrav-cross-vision	RARE
მხეველ	მხეველ	1	1	1.9	mrav-cross-vision	RARE
სტეფანჱსთჳს	სტეფანესთვს	1	1	1.9	mrav-cross-vision	RARE
ქველ	ქველ	1	1	1.9	mrav-cross-vision	RARE
გკითხოს	გკითხოს	1	1	1.9	mrav-cross-vision	RARE
ჯუარისათჳს	ჯუარისათვს	1	1	1.9	mrav-cross-vision	RARE
გუესმინა	გუესმინა	1	1	1.9	mrav-cross-vision	RARE
იცოდი	იცოდი	1	1	1.9	mrav-cross-vision	RARE
გიწესს	გიწესს	1	1	1.9	mrav-cross-vision	RARE
წარდგეს	წარდგეს	1	1	1.9	mrav-cross-vision	RARE
აღგისრულოს	აღგისრულოს	1	1	1.9	mrav-cross-vision	RARE
შეაწამეს	შეაწამეს	1	1	1.9	mrav-cross-vision	RARE
რომელსამცა	რომელსამცა	1	1	1.9	mrav-cross-vision	RARE
ედგა	ედგა	1	1	1.9	mrav-cross-vision	RARE
ქუეყანისაჲცა	ქუეყანისაიცა	1	1	1.9	mrav-cross-vision	RARE
ზეცისაჲცა	ზეცისაიცა	1	1	1.9	mrav-cross-vision	RARE
მაგისა	მაგისა	1	1	1.9	mrav-cross-vision	RARE
საფლავიცა	საფლავიცა	1	1	1.9	mrav-cross-vision	RARE
შეგუებით	შეგუებით	1	1	1.9	mrav-cross-vision	RARE
მაჩუენე	მაჩუენე	1	1	1.9	mrav-cross-vision	RARE
დავთხარო	დავთხარო	1	1	1.9	mrav-cross-vision	RARE
ვპოო	ვპოო	1	1	1.9	mrav-cross-vision	RARE
მოგაყმო	მოგაყმო	1	1	1.9	mrav-cross-vision	RARE
აღმიარო	აღმიარო	1	1	1.9	mrav-cross-vision	RARE
უზმით	უზმით	1	1	1.9	mrav-cross-vision	RARE
აღმომიყვანეთ	აღმომიყვანეთ	1	1	1.9	mrav-cross-vision	RARE
ქრისტჱსისაჲ	ქრისტესისაი	1	1	1.9	mrav-cross-vision	RARE
იუღა	იუღა	1	1	1.9	mrav-cross-vision	RARE
მიაკრა	მიაკრა	1	1	1.9	mrav-cross-vision	RARE
აკაბი	აკაბი	1	1	1.9	mrav-cross-vision	RARE
მელაქფისონ	მელაქფისონ	1	1	1.9	mrav-cross-vision	RARE
ადონა	ადონა	1	1	1.9	mrav-cross-vision	RARE
აბირიდო	აბირიდო	1	1	1.9	mrav-cross-vision	RARE
ელაბეთ	ელაბეთ	1	1	1.9	mrav-cross-vision	RARE
დოთა	დოთა	1	1	1.9	mrav-cross-vision	RARE
ქუზეაფე	ქუზეაფე	1	1	1.9	mrav-cross-vision	RARE
ეფათიუ	ეფათიუ	1	1	1.9	mrav-cross-vision	RARE
ბარულე	ბარულე	1	1	1.9	mrav-cross-vision	RARE
თარგმანებით	თარგმანებით	1	1	1.9	mrav-cross-vision	RARE
შეჰქმენ	შეჰქმენ	1	1	1.9	mrav-cross-vision	RARE
ქერობინთასა	ქერობინთასა	1	1	1.9	mrav-cross-vision	RARE
შეჰქმნენ	შეჰქმნენ	1	1	1.9	mrav-cross-vision	RARE
ექუსექუს	ექუსექუს	1	1	1.9	mrav-cross-vision	RARE
გმსახურებენ	გმსახურებენ	1	1	1.9	mrav-cross-vision	RARE
დაუდუმებელითა	დაუდუმებელითა	1	1	1.9	mrav-cross-vision	RARE
დაადგინენ	დაადგინენ	1	1	1.9	mrav-cross-vision	RARE
ქერობინად	ქერობინად	1	1	1.9	mrav-cross-vision	RARE
უფლებ	უფლებ	1	1	1.9	mrav-cross-vision	RARE
სატანჯველისაბა	სატანჯველისაბა	1	1	1.9	mrav-cross-vision	RARE
მოსცენ	მოსცენ	1	1	1.9	mrav-cross-vision	RARE
იგუემებიან	იგუემებიან	1	1	1.9	mrav-cross-vision	RARE
თუამცა	თუამცა	1	1	1.9	mrav-cross-vision	RARE
უჩუენენ	უჩუენენ	1	1	1.9	mrav-cross-vision	RARE
იოსებისნი	იოსებისნი	1	1	1.9	mrav-cross-vision	RARE
გამოგჳცხადე	გამოგვცხადე	1	1	1.9	mrav-cross-vision	RARE
შეიტყუელნა	შეიტყუელნა	1	1	1.9	mrav-cross-vision	RARE
მოიჴსენებ	მოიხსენებ	1	1	1.9	mrav-cross-vision	RARE
შემრაცხე	შემრაცხე	1	1	1.9	mrav-cross-vision	RARE
ჴსენებულ	ხსენებულ	1	1	1.9	mrav-cross-vision	RARE
შეირტყა	შეირტყა	1	1	1.9	mrav-cross-vision	RARE
აბრაჰამისმან	აბრაჰამისმან	1	1	1.9	mrav-cross-vision	RARE
ეთხარა	ეთხარა	1	1	1.9	mrav-cross-vision	RARE
მოსათხრელ	მოსათხრელ	1	1	1.9	mrav-cross-vision	RARE
ჯუარნი	ჯუარნი	1	1	1.9	mrav-cross-vision	RARE
დაფლულნი	დაფლულნი	1	1	1.9	mrav-cross-vision	RARE
აღმოიხუნა	აღმოიხუნა	1	1	1.9	mrav-cross-vision	RARE
შეიხუნა	შეიხუნა	1	1	1.9	mrav-cross-vision	RARE
ავაზაკთანი	ავაზაკთანი	1	1	1.9	mrav-cross-vision	RARE
მოიხუნეს	მოიხუნეს	1	1	1.9	mrav-cross-vision	RARE
განმხიარულდა	განმხიარულდა	1	1	1.9	mrav-cross-vision	RARE
დადგმად	დადგმად	1	1	1.9	mrav-cross-vision	RARE
მიფლობს	მიფლობს	1	1	1.9	mrav-cross-vision	RARE
ნაზორეველო	ნაზორეველო	1	1	1.9	mrav-cross-vision	RARE
მიიზიდე	მიიზიდე	1	1	1.9	mrav-cross-vision	RARE
ვაცოდვე	ვაცოდვე	1	1	1.9	mrav-cross-vision	RARE
ვიდევნები	ვიდევნები	1	1	1.9	mrav-cross-vision	RARE
აღვადგინო	აღვადგინო	1	1	1.9	mrav-cross-vision	RARE
იქმოდის	იქმოდის	1	1	1.9	mrav-cross-vision	RARE
მიგცეს	მიგცეს	1	1	1.9	mrav-cross-vision	RARE
გუემით	გუემით	1	1	1.9	mrav-cross-vision	RARE
აღადგინნის	აღადგინნის	1	1	1.9	mrav-cross-vision	RARE
გყავნ	გყავნ	1	1	1.9	mrav-cross-vision	RARE
კრძალულებითა	კრძალულებითა	1	1	1.9	mrav-cross-vision	RARE
შელესა	შელესა	1	1	1.9	mrav-cross-vision	RARE
დაჰკრძალა	დაჰკრძალა	1	1	1.9	mrav-cross-vision	RARE
გამოიდევნნეს	გამოიდევნნეს	1	1	1.9	mrav-cross-vision	RARE
დედოფლისაჲთა	დედოფლისაითა	1	1	1.9	mrav-cross-vision	RARE
კჳრიაკოსს	კვრიაკოსს	1	1	1.9	mrav-cross-vision	RARE
რითა	რითა	1	1	1.9	mrav-dormition-1	RARE
ვდუმნე	ვდუმნე	1	1	1.9	mrav-dormition-1	RARE
ქალწულისათჳს	ქალწულისათვს	1	1	1.9	mrav-dormition-1	RARE
დავემკჳდრო	დავემკვდრო	1	1	1.9	mrav-dormition-1	RARE
სე	ოსე	1	1	1.9	mrav-dormition-1	RARE
გავლო	გავლო	1	1	1.9	mrav-dormition-1	RARE
დაჴშულივე	დახშულივე	1	1	1.9	mrav-dormition-1	RARE
მთისაგან	მთისაგან	1	1	1.9	mrav-dormition-1	RARE
ჴელისაგან	ხელისაგან	1	1	1.9	mrav-dormition-1	RARE
ურჩთაჲ	ურჩთაი	1	1	1.9	mrav-dormition-1	RARE
ფიცხელთაჲ	ფიცხელთაი	1	1	1.9	mrav-dormition-1	RARE
სიტუაჲ	სიტუაი	1	1	1.9	mrav-dormition-1	RARE
წარმოავლინა	წარმოავლინა	1	1	1.9	mrav-dormition-1	RARE
ხარებად	ხარებად	1	1	1.9	mrav-dormition-1	RARE
ხარებისა	ხარებისა	1	1	1.9	mrav-dormition-1	RARE
ბრწყინვალეო	ბრწყინვალეო	1	1	1.9	mrav-dormition-1	RARE
კარაო	კარაო	1	1	1.9	mrav-dormition-1	RARE
ოქროჲსაო	ოქროისაო	1	1	1.9	mrav-dormition-1	RARE
სავსეო	სავსეო	1	1	1.9	mrav-dormition-1	RARE
ზეცისაჲთა	ზეცისაითა	1	1	1.9	mrav-dormition-1	RARE
ღრუბელო	ღრუბელო	1	1	1.9	mrav-dormition-1	RARE
ზღუდეო	ზღუდეო	1	1	1.9	mrav-dormition-1	RARE
სიმტკიცისაო	სიმტკიცისაო	1	1	1.9	mrav-dormition-1	RARE
წყაროო	წყაროო	1	1	1.9	mrav-dormition-1	RARE
სარწმუნოებისაო	სარწმუნოებისაო	1	1	1.9	mrav-dormition-1	RARE
ჭეშმარიტებისაო	ჭეშმარიტებისაო	1	1	1.9	mrav-dormition-1	RARE
ქერობინო	ქერობინო	1	1	1.9	mrav-dormition-1	RARE
ეგოს	ეგოს	1	1	1.9	mrav-dormition-1	RARE
ცურინ	ცურინ	1	1	1.9	mrav-dormition-1	RARE
გიხილა	გიხილა	1	1	1.9	mrav-dormition-1	RARE
შეუწუველად	შეუწუველად	1	1	1.9	mrav-dormition-1	RARE
გედეონ	გედეონ	1	1	1.9	mrav-dormition-1	RARE
გიცნა	გიცნა	1	1	1.9	mrav-dormition-1	RARE
სიწმიდისად	სიწმიდისად	1	1	1.9	mrav-dormition-1	RARE
იესჱსად	იესესად	1	1	1.9	mrav-dormition-1	RARE
გახარა	გახარა	1	1	1.9	mrav-dormition-1	RARE
წმიდისაო	წმიდისაო	1	1	1.9	mrav-dormition-1	RARE
განბრძობილნი	განბრძობილნი	1	1	1.9	mrav-dormition-1	RARE
აღგიარებთ	აღგიარებთ	1	1	1.9	mrav-dormition-1	RARE
შეუწველო	შეუწველო	1	1	1.9	mrav-dormition-1	RARE
სამოთხეო	სამოთხეო	1	1	1.9	mrav-dormition-1	RARE
აღმოგჳცჱნე	აღმოგვცენე	1	1	1.9	mrav-dormition-1	RARE
უკდავებაჲ	უკდავებაი	1	1	1.9	mrav-dormition-1	RARE
ხეო	ხეო	1	1	1.9	mrav-dormition-1	RARE
ვცხონდით	ვცხონდით	1	1	1.9	mrav-dormition-1	RARE
გამოეღო	გამოეღო	1	1	1.9	mrav-dormition-1	RARE
აღვემართენით	აღვემართენით	1	1	1.9	mrav-dormition-1	RARE
სოფლისაო	სოფლისაო	1	1	1.9	mrav-dormition-1	RARE
საუნჯეო	საუნჯეო	1	1	1.9	mrav-dormition-1	RARE
საფასეო	საფასეო	1	1	1.9	mrav-dormition-1	RARE
განამდიდრებ	განამდიდრებ	1	1	1.9	mrav-dormition-1	RARE
მწუხრისაო	მწუხრისაო	1	1	1.9	mrav-dormition-1	RARE
სამწუხროჲ	სამწუხროი	1	1	1.9	mrav-dormition-1	RARE
მიტევის	მიტევის	1	1	1.9	mrav-dormition-1	RARE
აღვივსი	აღვივსი	1	1	1.9	mrav-dormition-1	RARE
აღმოვდუღდი	აღმოვდუღდი	1	1	1.9	mrav-dormition-1	RARE
მორწმუნენო	მორწმუნენო	1	1	1.9	mrav-dormition-1	RARE
დაემკჳდრების	დაემკვდრების	1	1	1.9	mrav-dormition-1	RARE
კარავ	კარავ	1	1	1.9	mrav-dormition-1	RARE
ამაღლდების	ამაღლდების	1	1	1.9	mrav-dormition-1	RARE
ეზოჲ	ეზოი	1	1	1.9	mrav-dormition-1	RARE
კარვისაჲ	კარვისაი	1	1	1.9	mrav-dormition-1	RARE
ბრწყინვალესა	ბრწყინვალესა	1	1	1.9	mrav-dormition-1	RARE
შეუწუველი	შეუწუველი	1	1	1.9	mrav-dormition-1	RARE
ქორწინებითა	ქორწინებითა	1	1	1.9	mrav-dormition-1	RARE
განთავისუფლდების	განთავისუფლდების	1	1	1.9	mrav-dormition-1	RARE
მსმენელთაგანმან	მსმენელთაგანმან	1	1	1.9	mrav-dormition-1	RARE
იკადროს	იკადროს	1	1	1.9	mrav-dormition-1	RARE
ქალწულიო	ქალწულიო	1	1	1.9	mrav-dormition-1	RARE
დაიყავნ	დაიყავნ	1	1	1.9	mrav-dormition-1	RARE
სიცრუვესა	სიცრუვესა	1	1	1.9	mrav-dormition-1	RARE
აღმოღავიკითხნეთ	აღმოღავიკითხნეთ	1	1	1.9	mrav-dormition-1	RARE
სცაა	სცაა	1	1	1.9	mrav-dormition-1	RARE
მრავლისაგან	მრავლისაგან	1	1	1.9	mrav-dormition-1	RARE
ჴსნილნი	ხსნილნი	1	1	1.9	mrav-dormition-1	RARE
საცთურისაგან	საცთურისაგან	1	1	1.9	mrav-dormition-1	RARE
შევსწირვიდეთ	შევსწირვიდეთ	1	1	1.9	mrav-dormition-1	RARE
მიუწუდომელსა	მიუწუდომელსა	1	1	1.9	mrav-dormition-2	RARE
უჟეშთაჱს	უჟეშთაეს	1	1	1.9	mrav-dormition-2	RARE
ჰხედვენ	ჰხედვენ	1	1	1.9	mrav-dormition-2	RARE
უჟეშთაეს	უჟეშთაეს	1	1	1.9	mrav-dormition-2	RARE
ქერობინი	ქერობინი	1	1	1.9	mrav-dormition-2	RARE
სცავს	სცავს	1	1	1.9	mrav-dormition-2	RARE
ვსცავ	ვსცავ	1	1	1.9	mrav-dormition-2	RARE
ადამისმან	ადამისმან	1	1	1.9	mrav-dormition-2	RARE
გამოცჳვენ	გამოცვვენ	1	1	1.9	mrav-dormition-2	RARE
სამოთხისასა	სამოთხისასა	1	1	1.9	mrav-dormition-2	RARE
აღმაღლდების	აღმაღლდების	1	1	1.9	mrav-dormition-2	RARE
აღემართების	აღემართების	1	1	1.9	mrav-dormition-2	RARE
გარდაიქცევის	გარდაიქცევის	1	1	1.9	mrav-dormition-2	RARE
განანათლე	განანათლე	1	1	1.9	mrav-dormition-2	RARE
ვაკურთხევ	ვაკურთხევ	1	1	1.9	mrav-dormition-2	RARE
აღნთებულსა	აღნთებულსა	1	1	1.9	mrav-dormition-2	RARE
ენმანუელისო	ენმანუელისო	1	1	1.9	mrav-dormition-2	RARE
მჴევლად	მხევლად	1	1	1.9	mrav-dormition-2	RARE
ვითრაცა	ვითრაცა	1	1	1.9	mrav-dormition-2	RARE
დაურღუეველო	დაურღუეველო	1	1	1.9	mrav-dormition-2	RARE
უმანკოო	უმანკოო	1	1	1.9	mrav-dormition-2	RARE
დაუტევნელისაო	დაუტევნელისაო	1	1	1.9	mrav-dormition-2	RARE
დაიტიე	დაიტიე	1	1	1.9	mrav-dormition-2	RARE
გიგალობენ	გიგალობენ	1	1	1.9	mrav-dormition-2	RARE
გახარებს	გახარებს	1	1	1.9	mrav-dormition-2	RARE
სიხარულისათჳს	სიხარულისათვს	1	1	1.9	mrav-dormition-2	RARE
ძღომითა	ძღომითა	1	1	1.9	mrav-dormition-2	RARE
ოდესღა	ოდესღა	1	1	1.9	mrav-dormition-2	RARE
მოგუემადლა	მოგუემადლა	1	1	1.9	mrav-dormition-2	RARE
შემმუსრველი	შემმუსრველი	1	1	1.9	mrav-dormition-2	RARE
ჯოჯოხეთისაჲ	ჯოჯოხეთისაი	1	1	1.9	mrav-dormition-2	RARE
შექმნულისაჲ	შექმნულისაი	1	1	1.9	mrav-dormition-2	RARE
არიამ	არიამ	1	1	1.9	mrav-dormition-2	RARE
გამოგჳდინე	გამოგვდინე	1	1	1.9	mrav-dormition-2	RARE
იორდანისაჲ	იორდანისაი	1	1	1.9	mrav-dormition-2	RARE
განათლდებიან	განათლდებიან	1	1	1.9	mrav-dormition-2	RARE
ქრისტჱსთაჲ	ქრისტესთაი	1	1	1.9	mrav-dormition-2	RARE
იდევნების	იდევნების	1	1	1.9	mrav-dormition-2	RARE
უსწრობენ	უსწრობენ	1	1	1.9	mrav-dormition-2	RARE
ეგზებოდა	ეგზებოდა	1	1	1.9	mrav-dormition-2	RARE
ყმისა	ყმისა	1	1	1.9	mrav-dormition-2	RARE
ჰპოვებდეს	ჰპოვებდეს	1	1	1.9	mrav-dormition-2	RARE
მოიმკო	მოიმკო	1	1	1.9	mrav-dormition-2	RARE
დიოდა	დიოდა	1	1	1.9	mrav-dormition-2	RARE
მდინარისაჲ	მდინარისაი	1	1	1.9	mrav-dormition-2	RARE
განეღო	განეღო	1	1	1.9	mrav-dormition-2	RARE
მუშაკისაჲ	მუშაკისაი	1	1	1.9	mrav-dormition-2	RARE
მიგეხო	მიგეხო	1	1	1.9	mrav-dormition-2	RARE
აღმოსცენდი	აღმოსცენდი	1	1	1.9	mrav-dormition-2	RARE
იესჱსსა	იესესსა	1	1	1.9	mrav-dormition-2	RARE
განავსო	განავსო	1	1	1.9	mrav-dormition-2	RARE
წყაროჲსასა	წყაროისასა	1	1	1.9	mrav-dormition-2	RARE
არაჲთ	არაით	1	1	1.9	mrav-dormition-2	RARE
თჳთცა	თვთცა	1	1	1.9	mrav-dormition-2	RARE
ღმრთეებისამან	ღმრთეებისამან	1	1	1.9	mrav-dormition-2	RARE
საფასემან	საფასემან	1	1	1.9	mrav-dormition-2	RARE
სამოთხისამან	სამოთხისამან	1	1	1.9	mrav-dormition-2	RARE
აბრალებდეს	აბრალებდეს	1	1	1.9	mrav-dormition-2	RARE
განაღო	განაღო	1	1	1.9	mrav-dormition-2	RARE
დაამკჳდრა	დაამკვდრა	1	1	1.9	mrav-dormition-2	RARE
მოემადლა	მოემადლა	1	1	1.9	mrav-dormition-2	RARE
გამოუბრწინდა	გამოუბრწინდა	1	1	1.9	mrav-dormition-2	RARE
დაემსჭუალა	დაემსჭუალა	1	1	1.9	mrav-dormition-2	RARE
წარმოიტყუენა	წარმოიტყუენა	1	1	1.9	mrav-dormition-2	RARE
გადიდებთ	გადიდებთ	1	1	1.9	mrav-dormition-2	RARE
გაქებთ	გაქებთ	1	1	1.9	mrav-dormition-2	RARE
მიმოდაეფინნეს	მიმოდაეფინნეს	1	1	1.9	mrav-enkenia-1	RARE
მოსპო	მოსპო	1	1	1.9	mrav-enkenia-1	RARE
ამისთ	ამისთ	1	1	1.9	mrav-enkenia-1	RARE
ავდენღა	რავდენღა	1	1	1.9	mrav-enkenia-1	RARE
ვარსკულავთასა	ვარსკულავთასა	1	1	1.9	mrav-enkenia-1	RARE
ზრახევდით	ზრახევდით	1	1	1.9	mrav-enkenia-1	RARE
გამობრწყინდიან	გამობრწყინდიან	1	1	1.9	mrav-enkenia-1	RARE
ბრწყინვენ	ბრწყინვენ	1	1	1.9	mrav-enkenia-1	RARE
გამობრწყინებასა	გამობრწყინებასა	1	1	1.9	mrav-enkenia-1	RARE
მიმოდაჰფინნენ	მიმოდაჰფინნენ	1	1	1.9	mrav-enkenia-1	RARE
მკუდართასა	მკუდართასა	1	1	1.9	mrav-enkenia-1	RARE
დამოცჳვენ	დამოცვვენ	1	1	1.9	mrav-enkenia-1	RARE
აღიტაცნენ	აღიტაცნენ	1	1	1.9	mrav-enkenia-1	RARE
ვარსკულავთაჲ	ვარსკულავთაი	1	1	1.9	mrav-enkenia-1	RARE
მოციქულთაგანი	მოციქულთაგანი	1	1	1.9	mrav-enkenia-1	RARE
დარაჲმეეყენნეს	დარაიმეეყენნეს	1	1	1.9	mrav-enkenia-1	RARE
მათნიცა	მათნიცა	1	1	1.9	mrav-enkenia-1	RARE
მოწამეცა	მოწამეცა	1	1	1.9	mrav-enkenia-1	RARE
ცხოველთაგანნი	ცხოველთაგანნი	1	1	1.9	mrav-enkenia-1	RARE
საწამებელისაჲ	საწამებელისაი	1	1	1.9	mrav-enkenia-1	RARE
განსასუენებელ	განსასუენებელ	1	1	1.9	mrav-enkenia-1	RARE
უშჯულოებისანი	უშჯულოებისანი	1	1	1.9	mrav-enkenia-1	RARE
დააყუდნეს	დააყუდნეს	1	1	1.9	mrav-enkenia-1	RARE
აღამაღლეს	აღამაღლეს	1	1	1.9	mrav-enkenia-1	RARE
განაოტნეს	განაოტნეს	1	1	1.9	mrav-enkenia-1	RARE
განარინნეს	განარინნეს	1	1	1.9	mrav-enkenia-1	RARE
გამოჰფხურეს	გამოჰფხურეს	1	1	1.9	mrav-enkenia-1	RARE
დასთესეს	დასთესეს	1	1	1.9	mrav-enkenia-1	RARE
განკურნეს	განკურნეს	1	1	1.9	mrav-enkenia-1	RARE
განაცოცხლნეს	განაცოცხლნეს	1	1	1.9	mrav-enkenia-1	RARE
ისწაოთ	ისწაოთ	1	1	1.9	mrav-enkenia-1	RARE
დავღუარავთ	დავღუარავთ	1	1	1.9	mrav-enkenia-1	RARE
მიხედეთ	მიხედეთ	1	1	1.9	mrav-enkenia-1	RARE
დავასხ	დავასხ	1	1	1.9	mrav-enkenia-1	RARE
მორწყო	მორწყო	1	1	1.9	mrav-enkenia-1	RARE
აღაორძინა	აღაორძინა	1	1	1.9	mrav-enkenia-1	RARE
ვშურები	ვშურები	1	1	1.9	mrav-enkenia-1	RARE
ვჰგუემ	ვჰგუემ	1	1	1.9	mrav-enkenia-1	RARE
იერუსალემითგან	იერუსალემითგან	1	1	1.9	mrav-enkenia-1	RARE
იჳლირიკედმდე	ივლირიკედმდე	1	1	1.9	mrav-enkenia-1	RARE
ვიქცეოდე	ვიქცეოდე	1	1	1.9	mrav-enkenia-1	RARE
სისხლთაჲ	სისხლთაი	1	1	1.9	mrav-enkenia-1	RARE
ერისკაცად	ერისკაცად	1	1	1.9	mrav-enkenia-1	RARE
შეიჭურეთ	შეიჭურეთ	1	1	1.9	mrav-enkenia-1	RARE
შთაიცუთ	შთაიცუთ	1	1	1.9	mrav-enkenia-1	RARE
ახოვნად	ახოვნად	1	1	1.9	mrav-enkenia-1	RARE
მომიღუაწებიეს	მომიღუაწებიეს	1	1	1.9	mrav-enkenia-1	RARE
გჳრგჳნოსნად	გვრგვნოსნად	1	1	1.9	mrav-enkenia-1	RARE
ემსგავსოს	ემსგავსოს	1	1	1.9	mrav-enkenia-1	RARE
უფალმანცა	უფალმანცა	1	1	1.9	mrav-enkenia-1	RARE
ქმნე	იქმნე	1	1	1.9	mrav-enkenia-1	RARE
პოოს	პოოს	1	1	1.9	mrav-enkenia-1	RARE
ცხოვარ	ცხოვარ	1	1	1.9	mrav-enkenia-1	RARE
დადვის	დადვის	1	1	1.9	mrav-enkenia-1	RARE
ცოდვილ	ცოდვილ	1	1	1.9	mrav-enkenia-1	RARE
აიხუნეს	აიხუნეს	1	1	1.9	mrav-enkenia-1	RARE
ჭამის	ჭამის	1	1	1.9	mrav-enkenia-1	RARE
სუმის	სუმის	1	1	1.9	mrav-enkenia-1	RARE
სუას	სუას	1	1	1.9	mrav-enkenia-1	RARE
გიღებიეს	გიღებიეს	1	1	1.9	mrav-enkenia-1	RARE
ქორწინების	ქორწინების	1	1	1.9	mrav-enkenia-1	RARE
ქმარ	ქმარ	1	1	1.9	mrav-enkenia-1	RARE
განგათხოვენ	განგათხოვენ	1	1	1.9	mrav-enkenia-1	RARE
გარეშემან	გარეშემან	1	1	1.9	mrav-enkenia-1	RARE
განჴრწნის	განხრწნის	1	1	1.9	mrav-enkenia-1	RARE
სულიერისაჲ	სულიერისაი	1	1	1.9	mrav-enkenia-1	RARE
დაამტკიცის	დაამტკიცის	1	1	1.9	mrav-enkenia-1	RARE
ანმიმარტე	განმიმარტე	1	1	1.9	mrav-enkenia-1	RARE
მოგუმადლნეს	მოგუმადლნეს	1	1	1.9	mrav-enkenia-1	RARE
გარდაეცნეს	გარდაეცნეს	1	1	1.9	mrav-enkenia-1	RARE
გარდაეფინნეს	გარდაეფინნეს	1	1	1.9	mrav-enkenia-1	RARE
ჰკითხავს	ჰკითხავს	1	1	1.9	mrav-enkenia-1	RARE
გკითხავ	გკითხავ	1	1	1.9	mrav-enkenia-1	RARE
შესწუვიდა	შესწუვიდა	1	1	1.9	mrav-enkenia-1	RARE
მაყულისასა	მაყულისასა	1	1	1.9	mrav-enkenia-1	RARE
მაყულისა	მაყულისა	1	1	1.9	mrav-enkenia-1	RARE
დაშრტებოდა	დაშრტებოდა	1	1	1.9	mrav-enkenia-1	RARE
სტკებნიდეს	სტკებნიდეს	1	1	1.9	mrav-enkenia-1	RARE
შეიქმნებოდა	შეიქმნებოდა	1	1	1.9	mrav-enkenia-1	RARE
ვითაცა	ვითაცა	1	1	1.9	mrav-enkenia-1	RARE
რკინისა	რკინისა	1	1	1.9	mrav-enkenia-1	RARE
განმტკიცნეს	განმტკიცნეს	1	1	1.9	mrav-enkenia-1	RARE
მითარგმანე	მითარგმანე	1	1	1.9	mrav-enkenia-1	RARE
ჩინებისათჳს	ჩინებისათვს	1	1	1.9	mrav-enkenia-1	RARE
შეწყნარებისათა	შეწყნარებისათა	1	1	1.9	mrav-enkenia-1	RARE
განკაფნის	განკაფნის	1	1	1.9	mrav-enkenia-1	RARE
შთაასხა	შთაასხა	1	1	1.9	mrav-enkenia-1	RARE
დაუყო	დაუყო	1	1	1.9	mrav-enkenia-1	RARE
სიცოცხლედ	სიცოცხლედ	1	1	1.9	mrav-enkenia-1	RARE
განყარნეს	განყარნეს	1	1	1.9	mrav-enkenia-1	RARE
გარდაუცუეს	გარდაუცუეს	1	1	1.9	mrav-enkenia-1	RARE
მოირთხნეს	მოირთხნეს	1	1	1.9	mrav-enkenia-1	RARE
შეიკრებდეს	შეიკრებდეს	1	1	1.9	mrav-enkenia-1	RARE
აღსასრულადმდე	აღსასრულადმდე	1	1	1.9	mrav-enkenia-1	RARE
განუტევნეს	განუტევნეს	1	1	1.9	mrav-enkenia-1	RARE
შეიკრიბნის	შეიკრიბნის	1	1	1.9	mrav-enkenia-1	RARE
პირისპირ	პირისპირ	1	1	1.9	mrav-enkenia-1	RARE
განუტევნა	განუტევნა	1	1	1.9	mrav-enkenia-1	RARE
დაესახლეულნეს	დაესახლეულნეს	1	1	1.9	mrav-enkenia-1	RARE
მიგუავლინებს	მიგუავლინებს	1	1	1.9	mrav-enkenia-1	RARE
მიავლინებდა	მიავლინებდა	1	1	1.9	mrav-enkenia-1	RARE
მიგავლინებს	მიგავლინებს	1	1	1.9	mrav-enkenia-1	RARE
გარდავართხენ	გარდავართხენ	1	1	1.9	mrav-enkenia-1	RARE
დავარღჳვე	დავარღვვე	1	1	1.9	mrav-enkenia-1	RARE
ბეჭდის	ბეჭდის	1	1	1.9	mrav-enkenia-1	RARE
შევმშჭუალე	შევმშჭუალე	1	1	1.9	mrav-enkenia-1	RARE
ვცვალე	ვცვალე	1	1	1.9	mrav-enkenia-1	RARE
შეგიყვანენ	შეგიყვანენ	1	1	1.9	mrav-enkenia-1	RARE
ვყვენ	ვყვენ	1	1	1.9	mrav-enkenia-1	RARE
შეუძლის	შეუძლის	1	1	1.9	mrav-enkenia-1	RARE
დაყენებად	დაყენებად	1	1	1.9	mrav-enkenia-1	RARE
ექმნნეს	ექმნნეს	1	1	1.9	mrav-enkenia-1	RARE
შეიწყნარონ	შეიწყნარონ	1	1	1.9	mrav-enkenia-1	RARE
გიბრძანებ	გიბრძანებ	1	1	1.9	mrav-enkenia-1	RARE
ბევრგან	ბევრგან	1	1	1.9	mrav-enkenia-1	RARE
იწყლის	იწყლის	1	1	1.9	mrav-enkenia-1	RARE
განარინის	განარინის	1	1	1.9	mrav-enkenia-1	RARE
განიკურნის	განიკურნის	1	1	1.9	mrav-enkenia-1	RARE
დაიმარხე	დაიმარხე	1	1	1.9	mrav-enkenia-1	RARE
გამოხუედ	გამოხუედ	1	1	1.9	mrav-enkenia-1	RARE
ცხოდ	უცხოდ	1	1	1.9	mrav-enkenia-1	RARE
მიგიყვანოს	მიგიყვანოს	1	1	1.9	mrav-enkenia-1	RARE
გაკუდინოს	გაკუდინოს	1	1	1.9	mrav-enkenia-1	RARE
გზჲვე	გზივე	1	1	1.9	mrav-enkenia-1	RARE
წარსწყმედ	წარსწყმედ	1	1	1.9	mrav-enkenia-1	RARE
დაუკლებელსა	დაუკლებელსა	1	1	1.9	mrav-enkenia-1	RARE
იმარტჳლნეს	იმარტვლნეს	1	1	1.9	mrav-enkenia-1	RARE
უძლიერჱსღა	უძლიერესღა	1	1	1.9	mrav-enkenia-1	RARE
შთავიცუენ	შთავიცუენ	1	1	1.9	mrav-enkenia-1	RARE
ეკლესია	ეკლესია	1	1	1.9	mrav-enkenia-1	RARE
განძლიერებულ	განძლიერებულ	1	1	1.9	mrav-enkenia-1	RARE
გარდაერთხნეს	გარდაერთხნეს	1	1	1.9	mrav-enkenia-1	RARE
განკრბა	განკრბა	1	1	1.9	mrav-enkenia-1	RARE
ზრუანი	ზრუანი	1	1	1.9	mrav-enkenia-1	RARE
შეიძერწიან	შეიძერწიან	1	1	1.9	mrav-enkenia-1	RARE
შეიბრძჳნნიან	შეიბრძვნნიან	1	1	1.9	mrav-enkenia-1	RARE
წჳმდებოდა	წვმდებოდა	1	1	1.9	mrav-enkenia-1	RARE
რასაღა	რასაღა	1	1	1.9	mrav-enkenia-1	RARE
ძესაცა	ძესაცა	1	1	1.9	mrav-enkenia-1	RARE
ჰრიდა	ჰრიდა	1	1	1.9	mrav-enkenia-1	RARE
დააჭნეს	დააჭნეს	1	1	1.9	mrav-enkenia-1	RARE
მჴურვალებითა	მხურვალებითა	1	1	1.9	mrav-enkenia-1	RARE
ურვისაჲთა	ურვისაითა	1	1	1.9	mrav-enkenia-1	RARE
იპყრის	იპყრის	1	1	1.9	mrav-enkenia-1	RARE
ფურცლისა	ფურცლისა	1	1	1.9	mrav-enkenia-1	RARE
ზამთრისასა	ზამთრისასა	1	1	1.9	mrav-enkenia-1	RARE
დაეყარის	დაეყარის	1	1	1.9	mrav-enkenia-1	RARE
მოეკუეტოს	მოეკუეტოს	1	1	1.9	mrav-enkenia-1	RARE
ჰბრძვანედ	ჰბრძვანედ	1	1	1.9	mrav-enkenia-1	RARE
მბრძანებელნი	მბრძანებელნი	1	1	1.9	mrav-enkenia-1	RARE
აკუმიდეს	აკუმიდეს	1	1	1.9	mrav-enkenia-1	RARE
ცრემლისაჲ	ცრემლისაი	1	1	1.9	mrav-enkenia-1	RARE
აკუმევდეს	აკუმევდეს	1	1	1.9	mrav-enkenia-1	RARE
შეაბილწებდა	შეაბილწებდა	1	1	1.9	mrav-enkenia-1	RARE
შეიგინებოდეს	შეიგინებოდეს	1	1	1.9	mrav-enkenia-1	RARE
განირყუნებოდა	განირყუნებოდა	1	1	1.9	mrav-enkenia-1	RARE
აგინებდა	აგინებდა	1	1	1.9	mrav-enkenia-1	RARE
განიყოფოდა	განიყოფოდა	1	1	1.9	mrav-enkenia-1	RARE
უჴდებოდეს	უხდებოდეს	1	1	1.9	mrav-enkenia-1	RARE
ჰგონებთა	ჰგონებთა	1	1	1.9	mrav-enkenia-1	RARE
იგიღა	იგიღა	1	1	1.9	mrav-enkenia-1	RARE
შეპყრობად	შეპყრობად	1	1	1.9	mrav-enkenia-1	RARE
ათერთმეტთაღა	ათერთმეტთაღა	1	1	1.9	mrav-enkenia-1	RARE
ბევრთანი	ბევრთანი	1	1	1.9	mrav-enkenia-1	RARE
შეაწყუდინეს	შეაწყუდინეს	1	1	1.9	mrav-enkenia-1	RARE
ბადეთა	ბადეთა	1	1	1.9	mrav-enkenia-1	RARE
კიდენი	კიდენი	1	1	1.9	mrav-enkenia-1	RARE
დააყდუმენ	დააყდუმენ	1	1	1.9	mrav-enkenia-1	RARE
გეწიფების	გეწიფების	1	1	1.9	mrav-enkenia-1	RARE
ქრისტემანცა	ქრისტემანცა	1	1	1.9	mrav-enkenia-1	RARE
ცვალებად	ცვალებად	1	1	1.9	mrav-enkenia-1	RARE
აღვაშჱნე	აღვაშენე	1	1	1.9	mrav-enkenia-1	RARE
დავამტკიცენ	დავამტკიცენ	1	1	1.9	mrav-enkenia-1	RARE
ცათათჳს	ცათათვს	1	1	1.9	mrav-enkenia-1	RARE
შევისხენ	შევისხენ	1	1	1.9	mrav-enkenia-1	RARE
ისწაო	ისწაო	1	1	1.9	mrav-enkenia-1	RARE
შევატყუებთ	შევატყუებთ	1	1	1.9	mrav-enkenia-1	RARE
მივყოთ	მივყოთ	1	1	1.9	mrav-enkenia-1	RARE
დაუყოფ	დაუყოფ	1	1	1.9	mrav-enkenia-1	RARE
კლდეს	კლდეს	1	1	1.9	mrav-enkenia-1	RARE
ლდედ	კლდედ	1	1	1.9	mrav-enkenia-1	RARE
დაუთმის	დაუთმის	1	1	1.9	mrav-enkenia-1	RARE
ღელვისათა	ღელვისათა	1	1	1.9	mrav-enkenia-1	RARE
შეირყიის	შეირყიის	1	1	1.9	mrav-enkenia-1	RARE
ეკლესიათაცა	ეკლესიათაცა	1	1	1.9	mrav-enkenia-1	RARE
შეემთხჳნიან	შეემთხვნიან	1	1	1.9	mrav-enkenia-1	RARE
ლოდები	ლოდები	1	1	1.9	mrav-enkenia-1	RARE
საშჱნებლად	საშენებლად	1	1	1.9	mrav-enkenia-1	RARE
შჱნებად	შენებად	1	1	1.9	mrav-enkenia-1	RARE
დაირღჳს	დაირღვს	1	1	1.9	mrav-enkenia-1	RARE
ეშმაკთაცა	ეშმაკთაცა	1	1	1.9	mrav-enkenia-1	RARE
სძლიაან	სძლიაან	1	1	1.9	mrav-enkenia-1	RARE
იწამნეს	იწამნეს	1	1	1.9	mrav-enkenia-1	RARE
ხუეტდეს	ხუეტდეს	1	1	1.9	mrav-enkenia-1	RARE
დაითხარებოდა	დაითხარებოდა	1	1	1.9	mrav-enkenia-1	RARE
გამოიპარვოდა	გამოიპარვოდა	1	1	1.9	mrav-enkenia-1	RARE
მოჰკფთებოდეს	მოჰკფთებოდეს	1	1	1.9	mrav-enkenia-1	RARE
შემცირდებოდა	შემცირდებოდა	1	1	1.9	mrav-enkenia-1	RARE
ორჩილ	მორჩილ	1	1	1.9	mrav-enkenia-1	RARE
ჭეშმარიტებისათა	ჭეშმარიტებისათა	1	1	1.9	mrav-enkenia-1	RARE
ჯოჯოხეთისად	ჯოჯოხეთისად	1	1	1.9	mrav-enkenia-1	RARE
ქალაქისაჲ	ქალაქისაი	1	1	1.9	mrav-enkenia-1	RARE
ექმნის	ექმნის	1	1	1.9	mrav-enkenia-1	RARE
დააყენნე	დააყენნე	1	1	1.9	mrav-enkenia-1	RARE
ვაჩუენო	ვაჩუენო	1	1	1.9	mrav-enkenia-1	RARE
მეგულებოდა	მეგულებოდა	1	1	1.9	mrav-enkenia-1	RARE
ჰბრძოდისღა	ჰბრძოდისღა	1	1	1.9	mrav-enkenia-1	RARE
სძლონ	სძლონ	1	1	1.9	mrav-enkenia-1	RARE
ძლევისაჲ	ძლევისაი	1	1	1.9	mrav-enkenia-1	RARE
გამოიწერონ	გამოიწერონ	1	1	1.9	mrav-enkenia-1	RARE
ჯოჯოხეთისაჲთაჲ	ჯოჯოხეთისაითაი	1	1	1.9	mrav-enkenia-1	RARE
დაეყენონ	დაეყენონ	1	1	1.9	mrav-enkenia-1	RARE
შეიქმნებინ	შეიქმნებინ	1	1	1.9	mrav-enkenia-1	RARE
იძლევინ	იძლევინ	1	1	1.9	mrav-enkenia-1	RARE
ეკუთნიან	ეკუთნიან	1	1	1.9	mrav-enkenia-1	RARE
დაითქის	დაითქის	1	1	1.9	mrav-enkenia-1	RARE
გუემონ	გუემონ	1	1	1.9	mrav-enkenia-1	RARE
ღელვითა	ღელვითა	1	1	1.9	mrav-enkenia-1	RARE
შთაჴადონ	შთახადონ	1	1	1.9	mrav-enkenia-1	RARE
უფსკრულთასა	უფსკრულთასა	1	1	1.9	mrav-enkenia-1	RARE
ეცნეს	ეცნეს	1	1	1.9	mrav-enkenia-1	RARE
პირადითაღა	პირადითაღა	1	1	1.9	mrav-enkenia-1	RARE
ჰბრძოდიან	ჰბრძოდიან	1	1	1.9	mrav-enkenia-1	RARE
მტკიცეს	მტკიცეს	1	1	1.9	mrav-enkenia-1	RARE
დამყარებულივე	დამყარებულივე	1	1	1.9	mrav-enkenia-1	RARE
მტკიცედვე	მტკიცედვე	1	1	1.9	mrav-enkenia-1	RARE
შურებოდეს	შურებოდეს	1	1	1.9	mrav-enkenia-1	RARE
განრყუნად	განრყუნად	1	1	1.9	mrav-enkenia-1	RARE
აღელესნეს	აღელესნეს	1	1	1.9	mrav-enkenia-1	RARE
აღემახუნეს	აღემახუნეს	1	1	1.9	mrav-enkenia-1	RARE
მძჳნვარეთანი	მძვნვარეთანი	1	1	1.9	mrav-enkenia-1	RARE
უმზირდეს	უმზირდეს	1	1	1.9	mrav-enkenia-1	RARE
დაყარნა	დაყარნა	1	1	1.9	mrav-enkenia-1	RARE
საქმენიცა	საქმენიცა	1	1	1.9	mrav-enkenia-1	RARE
ჰბრძვეს	ჰბრძვეს	1	1	1.9	mrav-enkenia-1	RARE
მბრძოლნიცა	მბრძოლნიცა	1	1	1.9	mrav-enkenia-1	RARE
დასავიწყებელად	დასავიწყებელად	1	1	1.9	mrav-enkenia-1	RARE
შეიქმნეს	შეიქმნეს	1	1	1.9	mrav-enkenia-1	RARE
კლავდიოს	კლავდიოს	1	1	1.9	mrav-enkenia-1	RARE
ტიბერიოს	ტიბერიოს	1	1	1.9	mrav-enkenia-1	RARE
ყუავიან	ყუავიან	1	1	1.9	mrav-enkenia-1	RARE
მიხჳდე	მიხვდე	1	1	1.9	mrav-enkenia-1	RARE
იქცეოდი	იქცეოდი	1	1	1.9	mrav-enkenia-1	RARE
ისმინი	ისმინი	1	1	1.9	mrav-enkenia-1	RARE
საუკუნითგანვე	საუკუნითგანვე	1	1	1.9	mrav-enkenia-1	RARE
უდაბნოჲცა	უდაბნოიცა	1	1	1.9	mrav-enkenia-1	RARE
წარმოჴდიან	წარმოხდიან	1	1	1.9	mrav-enkenia-1	RARE
მჴევალთაცა	მხევალთაცა	1	1	1.9	mrav-enkenia-1	RARE
იჩინიან	იჩინიან	1	1	1.9	mrav-enkenia-1	RARE
სპარსთა	სპარსთა	1	1	1.9	mrav-enkenia-1	RARE
შეირთნიან	შეირთნიან	1	1	1.9	mrav-enkenia-1	RARE
გუთთა	გუთთა	1	1	1.9	mrav-enkenia-1	RARE
მოწყჳდნიან	მოწყვდნიან	1	1	1.9	mrav-enkenia-1	RARE
დათხევად	დათხევად	1	1	1.9	mrav-enkenia-1	RARE
აღუმაღლებიან	აღუმაღლებიან	1	1	1.9	mrav-enkenia-1	RARE
მიუღებიეს	მიუღებიეს	1	1	1.9	mrav-enkenia-1	RARE
სიყრმითგან	სიყრმითგან	1	1	1.9	mrav-enkenia-1	RARE
სიბრძნესა	სიბრძნესა	1	1	1.9	mrav-enkenia-1	RARE
გჳჩვენებს	გვჩვენებს	1	1	1.9	mrav-enkenia-1	RARE
ჰოროლისანნი	ჰოროლისანნი	1	1	1.9	mrav-enkenia-1	RARE
სინაგან	სინაგან	1	1	1.9	mrav-enkenia-1	RARE
სიმდაბლისანი	სიმდაბლისანი	1	1	1.9	mrav-enkenia-1	RARE
ვჰმადლობდეთ	ვჰმადლობდეთ	1	1	1.9	mrav-enkenia-1	RARE
მოუწესნ	მოუწესნ	1	1	1.9	mrav-enkenia-2	RARE
მოწლებისა	მოწლებისა	1	1	1.9	mrav-enkenia-2	RARE
ოხრიედ	ოხრიედ	1	1	1.9	mrav-enkenia-2	RARE
მოწლებისაჲთა	მოწლებისაითა	1	1	1.9	mrav-enkenia-2	RARE
მოისწრაფის	მოისწრაფის	1	1	1.9	mrav-enkenia-2	RARE
ოლეთა	ოლეთა	1	1	1.9	mrav-enkenia-2	RARE
უშიშრად	უშიშრად	1	1	1.9	mrav-enkenia-2	RARE
დაიდგიან	დაიდგიან	1	1	1.9	mrav-enkenia-2	RARE
იქმნიან	იქმნიან	1	1	1.9	mrav-enkenia-2	RARE
გამოიზარდნიან	გამოიზარდნიან	1	1	1.9	mrav-enkenia-2	RARE
თქჳანცა	თქვანცა	1	1	1.9	mrav-enkenia-2	RARE
იმარხავნ	იმარხავნ	1	1	1.9	mrav-enkenia-2	RARE
მოიკლის	მოიკლის	1	1	1.9	mrav-enkenia-2	RARE
მფრინველისაგან	მფრინველისაგან	1	1	1.9	mrav-enkenia-2	RARE
შეეყვის	შეეყვის	1	1	1.9	mrav-enkenia-2	RARE
დაადგრის	დაადგრის	1	1	1.9	mrav-enkenia-2	RARE
დედანო	დედანო	1	1	1.9	mrav-enkenia-2	RARE
მახესა	მახესა	1	1	1.9	mrav-enkenia-2	RARE
მონადირეთასა	მონადირეთასა	1	1	1.9	mrav-enkenia-2	RARE
უცჰნდა	უცჰნდა	1	1	1.9	mrav-enkenia-2	RARE
სოლომონიცა	სოლომონიცა	1	1	1.9	mrav-enkenia-2	RARE
გიღაღადებს	გიღაღადებს	1	1	1.9	mrav-enkenia-2	RARE
საფრჴესა	საფრხესა	1	1	1.9	mrav-enkenia-2	RARE
მდოგჳსასა	მდოგვსასა	1	1	1.9	mrav-enkenia-2	RARE
აღორძნდის	აღორძნდის	1	1	1.9	mrav-enkenia-2	RARE
შეიქმნის	შეიქმნის	1	1	1.9	mrav-enkenia-2	RARE
მოვიდიან	მოვიდიან	1	1	1.9	mrav-enkenia-2	RARE
დაადგრიან	დაადგრიან	1	1	1.9	mrav-enkenia-2	RARE
ხისათა	ხისათა	1	1	1.9	mrav-enkenia-2	RARE
განზარდნის	განზარდნის	1	1	1.9	mrav-enkenia-2	RARE
მფრინვველთა	მფრინვველთა	1	1	1.9	mrav-enkenia-2	RARE
წარსლვისა	წარსლვისა	1	1	1.9	mrav-enkenia-2	RARE
მოიყვანო	მოიყვანო	1	1	1.9	mrav-enkenia-2	RARE
მგლოვარეთა	მგლოვარეთა	1	1	1.9	mrav-enkenia-2	RARE
ღებულთაჲსა	ღებულთაისა	1	1	1.9	mrav-enkenia-2	RARE
ნახპეტთანი	ნახპეტთანი	1	1	1.9	mrav-enkenia-2	RARE
იერუსალემისად	იერუსალემისად	1	1	1.9	mrav-enkenia-2	RARE
მომხედა	მომხედა	1	1	1.9	mrav-enkenia-2	RARE
პირველისათჳს	პირველისათვს	1	1	1.9	mrav-enkenia-2	RARE
ღმოჰბრწყინდის	აღმოჰბრწყინდის	1	1	1.9	mrav-enkenia-2	RARE
დაჰჴდის	დაჰხდის	1	1	1.9	mrav-enkenia-2	RARE
მიეგის	მიეგის	1	1	1.9	mrav-enkenia-2	RARE
აღვმაღლდე	აღვმაღლდე	1	1	1.9	mrav-enkenia-2	RARE
მოვიზიდნე	მოვიზიდნე	1	1	1.9	mrav-enkenia-2	RARE
მალაქიაცა	მალაქიაცა	1	1	1.9	mrav-enkenia-2	RARE
სისხლისაჲ	სისხლისაი	1	1	1.9	mrav-enkenia-2	RARE
შეშინდებინ	შეშინდებინ	1	1	1.9	mrav-enkenia-2	RARE
შეინანენ	შეინანენ	1	1	1.9	mrav-enkenia-2	RARE
თქუნ	თქუნ	1	1	1.9	mrav-enkenia-2	RARE
შავღა	შავღა	1	1	1.9	mrav-enkenia-2	RARE
შუენიერვე	შუენიერვე	1	1	1.9	mrav-enkenia-2	RARE
წევნულ	წევნულ	1	1	1.9	mrav-enkenia-2	RARE
მიიწეოდის	მიიწეოდის	1	1	1.9	mrav-enkenia-2	RARE
რაყღა	რაყღა	1	1	1.9	mrav-enkenia-2	RARE
აღმოჰკრთებოდიან	აღმოჰკრთებოდიან	1	1	1.9	mrav-enkenia-2	RARE
ნუვე	ნუვე	1	1	1.9	mrav-enkenia-2	RARE
წარჰკუეთნ	წარჰკუეთნ	1	1	1.9	mrav-enkenia-2	RARE
გარდამოაწთვენ	გარდამოაწთვენ	1	1	1.9	mrav-enkenia-2	RARE
თსნი	თსნი	1	1	1.9	mrav-enkenia-2	RARE
განიწმიდენინ	განიწმიდენინ	1	1	1.9	mrav-enkenia-2	RARE
იღა	ძიღა	1	1	1.9	mrav-enkenia-2	RARE
მიემსგავსე	მიემსგავსე	1	1	1.9	mrav-enkenia-2	RARE
ეზეკია	ეზეკია	1	1	1.9	mrav-enkenia-2	RARE
მიახნდა	მიახნდა	1	1	1.9	mrav-enkenia-2	RARE
ცრემლოოდა	ცრემლოოდა	1	1	1.9	mrav-enkenia-2	RARE
შეუმატა	შეუმატა	1	1	1.9	mrav-enkenia-2	RARE
სეინანენ	სეინანენ	1	1	1.9	mrav-enkenia-2	RARE
შეეახლენ	შეეახლენ	1	1	1.9	mrav-enkenia-2	RARE
იღენ	იღენ	1	1	1.9	mrav-enkenia-2	RARE
ცხოვრებისაჲთა	ცხოვრებისაითა	1	1	1.9	mrav-enkenia-2	RARE
ცრემლთაჲთა	ცრემლთაითა	1	1	1.9	mrav-enkenia-2	RARE
ანიწმიდენინ	ანიწმიდენინ	1	1	1.9	mrav-enkenia-2	RARE
შემოგეახლოს	შემოგეახლოს	1	1	1.9	mrav-enkenia-2	RARE
ესაიასა	ესაიასა	1	1	1.9	mrav-enkenia-2	RARE
დამდვა	დამდვა	1	1	1.9	mrav-enkenia-2	RARE
დამმალა	დამმალა	1	1	1.9	mrav-enkenia-2	RARE
დასრსებოდა	დასრსებოდა	1	1	1.9	mrav-enkenia-2	RARE
შევიწყინო	შევიწყინო	1	1	1.9	mrav-enkenia-2	RARE
მწადოდიან	მწადოდიან	1	1	1.9	mrav-enkenia-2	RARE
დავთ	დავთ	1	1	1.9	mrav-enkenia-2	RARE
მიგდევდა	მიგდევდა	1	1	1.9	mrav-enkenia-2	RARE
შემიწყნარა	შემიწყნარა	1	1	1.9	mrav-enkenia-2	RARE
დაშრშებოდა	დაშრშებოდა	1	1	1.9	mrav-enkenia-2	RARE
მიყუარ	მიყუარ	1	1	1.9	mrav-enkenia-2	RARE
დაშსრშებოდა	დაშსრშებოდა	1	1	1.9	mrav-enkenia-2	RARE
განმაშოროს	განმაშოროს	1	1	1.9	mrav-enkenia-2	RARE
მოიხადოდა	მოიხადოდა	1	1	1.9	mrav-enkenia-2	RARE
პირისაჲთა	პირისაითა	1	1	1.9	mrav-enkenia-2	RARE
დავემორჩილო	დავემორჩილო	1	1	1.9	mrav-enkenia-2	RARE
ამბორებითა	ამბორებითა	1	1	1.9	mrav-enkenia-2	RARE
იერემიაჲსი	იერემიაისი	1	1	1.9	mrav-enkenia-2	RARE
ადამანტინესა	ადამანტინესა	1	1	1.9	mrav-enkenia-2	RARE
უყუარნ	უყუარნ	1	1	1.9	mrav-enkenia-2	RARE
წარსრულ	წარსრულ	1	1	1.9	mrav-enkenia-2	RARE
გარდაიხედავნ	გარდაიხედავნ	1	1	1.9	mrav-enkenia-2	RARE
მოელინ	მოელინ	1	1	1.9	mrav-enkenia-2	RARE
აიხილნი	აიხილნი	1	1	1.9	mrav-enkenia-2	RARE
იხედავნ	იხედავნ	1	1	1.9	mrav-enkenia-2	RARE
ზღუად	ზღუად	1	1	1.9	mrav-enkenia-2	RARE
მოვიდოდის	მოვიდოდის	1	1	1.9	mrav-enkenia-2	RARE
შეემთხჳის	შეემთხვის	1	1	1.9	mrav-enkenia-2	RARE
ჰკითხავნ	ჰკითხავნ	1	1	1.9	mrav-enkenia-2	RARE
დავასა	დავასა	1	1	1.9	mrav-enkenia-2	RARE
მოიმძევლებდა	მოიმძევლებდა	1	1	1.9	mrav-enkenia-2	RARE
ოთხმეოცდა	ოთხმეოცდა	1	1	1.9	mrav-enkenia-2	RARE
აძოვებსა	აძოვებსა	1	1	1.9	mrav-enkenia-2	RARE
წარწყმედულთათჳს	წარწყმედულთათვს	1	1	1.9	mrav-enkenia-2	RARE
მისაცა	მისაცა	1	1	1.9	mrav-enkenia-2	RARE
მსურის	მსურის	1	1	1.9	mrav-enkenia-2	RARE
მწყსიდეს	მწყსიდეს	1	1	1.9	mrav-enkenia-2	RARE
შეწკრიბნეს	შეწკრიბნეს	1	1	1.9	mrav-enkenia-2	RARE
მცემელ	მცემელ	1	1	1.9	mrav-enkenia-2	RARE
მაკეთა	მაკეთა	1	1	1.9	mrav-enkenia-2	RARE
ხოლომან	ხოლომან	1	1	1.9	mrav-enkenia-2	RARE
სცემ	სცემ	1	1	1.9	mrav-enkenia-2	RARE
განვჰჴსენ	განვჰხსენ	1	1	1.9	mrav-enkenia-2	RARE
შეორგულდები	შეორგულდები	1	1	1.9	mrav-enkenia-2	RARE
ითქუამ	ითქუამ	1	1	1.9	mrav-enkenia-2	RARE
მოსპნეს	მოსპნეს	1	1	1.9	mrav-enkenia-2	RARE
სზალი	სზალი	1	1	1.9	mrav-enkenia-2	RARE
ესაჲსი	ესაისი	1	1	1.9	mrav-enkenia-2	RARE
შეეხჳა	შეეხვა	1	1	1.9	mrav-enkenia-2	RARE
შეიტყბვო	შეიტყბვო	1	1	1.9	mrav-enkenia-2	RARE
აღესრულსა	აღესრულსა	1	1	1.9	mrav-enkenia-2	RARE
შეიმთხჳნეს	შეიმთხვნეს	1	1	1.9	mrav-enkenia-2	RARE
სიმართლემან	სიმართლემან	1	1	1.9	mrav-enkenia-2	RARE
იკოვნნეს	იკოვნნეს	1	1	1.9	mrav-enkenia-2	RARE
ქორწილისაჲ	ქორწილისაი	1	1	1.9	mrav-enkenia-2	RARE
აღეღო	აღეღო	1	1	1.9	mrav-enkenia-2	RARE
დაკლებაჲო	დაკლებაიო	1	1	1.9	mrav-enkenia-2	RARE
წიგნიცა	წიგნიცა	1	1	1.9	mrav-enkenia-2	RARE
დაწერდა	დაწერდა	1	1	1.9	mrav-enkenia-2	RARE
საპმარ	საპმარ	1	1	1.9	mrav-enkenia-2	RARE
დაწერე	დაწერე	1	1	1.9	mrav-enkenia-2	RARE
მწიგნობრისა	მწიგნობრისა	1	1	1.9	mrav-enkenia-2	RARE
ჴელოვნისაჲ	ხელოვნისაი	1	1	1.9	mrav-enkenia-2	RARE
ძჲადი	ძიადი	1	1	1.9	mrav-enkenia-2	RARE
ძღუნით	ძღუნით	1	1	1.9	mrav-enkenia-2	RARE
ჰმსახურებდენ	ჰმსახურებდენ	1	1	1.9	mrav-enkenia-2	RARE
ერისანი	ერისანი	1	1	1.9	mrav-enkenia-2	RARE
განკრძალვაჲ	განკრძალვაი	1	1	1.9	mrav-enkenia-2	RARE
დასწერს	დასწერს	1	1	1.9	mrav-enkenia-2	RARE
სილოვნე	სილოვნე	1	1	1.9	mrav-enkenia-2	RARE
ტიმოთე	ტიმოთე	1	1	1.9	mrav-enkenia-2	RARE
მიჰჴადნენ	მიჰხადნენ	1	1	1.9	mrav-enkenia-2	RARE
გალილეაჲსასა	გალილეაისასა	1	1	1.9	mrav-enkenia-2	RARE
კანა	კანა	1	1	1.9	mrav-enkenia-2	RARE
მიართუმიდეს	მიართუმიდეს	1	1	1.9	mrav-enkenia-2	RARE
აბრაჰამი	აბრაჰამი	1	1	1.9	mrav-enkenia-2	RARE
სარა	სარა	1	1	1.9	mrav-enkenia-2	RARE
ივდიდ	ივდიდ	1	1	1.9	mrav-enkenia-2	RARE
სამკაულისაჲთა	სამკაულისაითა	1	1	1.9	mrav-enkenia-2	RARE
აც	აც	1	1	1.9	mrav-enkenia-2	RARE
ქებაჲცა	ქებაიცა	1	1	1.9	mrav-enkenia-2	RARE
რაჲესე	რაიესე	1	1	1.9	mrav-enkenia-2	RARE
დაუტეოს	დაუტეოს	1	1	1.9	mrav-enkenia-2	RARE
მისდევდეს	მისდევდეს	1	1	1.9	mrav-enkenia-2	RARE
გამოთქუა	გამოთქუა	1	1	1.9	mrav-enkenia-2	RARE
მოიქცევინ	მოიქცევინ	1	1	1.9	mrav-exaltation-cross	RARE
ეძიებნ	ეძიებნ	1	1	1.9	mrav-exaltation-cross	RARE
მისულის	მისულის	1	1	1.9	mrav-exaltation-cross	RARE
მწუხარებისაგან	მწუხარებისაგან	1	1	1.9	mrav-exaltation-cross	RARE
მოიქციან	მოიქციან	1	1	1.9	mrav-exaltation-cross	RARE
სულებისაგან	სულებისაგან	1	1	1.9	mrav-exaltation-cross	RARE
განმრთელდიან	განმრთელდიან	1	1	1.9	mrav-exaltation-cross	RARE
ბრძოლისაგან	ბრძოლისაგან	1	1	1.9	mrav-exaltation-cross	RARE
დასცხრიან	დასცხრიან	1	1	1.9	mrav-exaltation-cross	RARE
გამოვიდიან	გამოვიდიან	1	1	1.9	mrav-exaltation-cross	RARE
მიიწიის	მიიწიის	1	1	1.9	mrav-exaltation-cross	RARE
იშუებნ	იშუებნ	1	1	1.9	mrav-exaltation-cross	RARE
მარადოს	მარადოს	1	1	1.9	mrav-exaltation-cross	RARE
ქუეყანასღა	ქუეყანასღა	1	1	1.9	mrav-exaltation-cross	RARE
დავსთესით	დავსთესით	1	1	1.9	mrav-exaltation-cross	RARE
შევკრიბით	შევკრიბით	1	1	1.9	mrav-exaltation-cross	RARE
გუაქუნ	გუაქუნ	1	1	1.9	mrav-exaltation-cross	RARE
პირისაცა	პირისაცა	1	1	1.9	mrav-exaltation-cross	RARE
ხისაგანვე	ხისაგანვე	1	1	1.9	mrav-exaltation-cross	RARE
ასხს	ასხს	1	1	1.9	mrav-exaltation-cross	RARE
მოიღის	მოიღის	1	1	1.9	mrav-exaltation-cross	RARE
გამოაქუნ	გამოაქუნ	1	1	1.9	mrav-exaltation-cross	RARE
გამოირკჳის	გამოირკვის	1	1	1.9	mrav-exaltation-cross	RARE
აჩუენებნ	აჩუენებნ	1	1	1.9	mrav-exaltation-cross	RARE
იზარდებინ	იზარდებინ	1	1	1.9	mrav-exaltation-cross	RARE
სიჴშოჲ	სიხშოი	1	1	1.9	mrav-exaltation-cross	RARE
იყარის	იყარის	1	1	1.9	mrav-exaltation-cross	RARE
მოისთულის	მოისთულის	1	1	1.9	mrav-exaltation-cross	RARE
შეზავნის	შეზავნის	1	1	1.9	mrav-exaltation-cross	RARE
სანთლად	სანთლად	1	1	1.9	mrav-exaltation-cross	RARE
შეიკრიბის	შეიკრიბის	1	1	1.9	mrav-exaltation-cross	RARE
იხარებნ	იხარებნ	1	1	1.9	mrav-exaltation-cross	RARE
გარდამეტებულ	გარდამეტებულ	1	1	1.9	mrav-exaltation-cross	RARE
საცხორებელ	საცხორებელ	1	1	1.9	mrav-exaltation-cross	RARE
იკითხვების	იკითხვების	1	1	1.9	mrav-exaltation-cross	RARE
ცუმისათჳს	ცუმისათვს	1	1	1.9	mrav-exaltation-cross	RARE
წუხნეს	წუხნეს	1	1	1.9	mrav-exaltation-cross	RARE
განგუარინნა	განგუარინნა	1	1	1.9	mrav-exaltation-cross	RARE
მოუცემიეს	მოუცემიეს	1	1	1.9	mrav-exaltation-cross	RARE
დაგუაგნა	დაგუაგნა	1	1	1.9	mrav-exaltation-cross	RARE
მტერობისაგან	მტერობისაგან	1	1	1.9	mrav-exaltation-cross	RARE
გუარწმუნნა	გუარწმუნნა	1	1	1.9	mrav-exaltation-cross	RARE
მოგუაქცინა	მოგუაქცინა	1	1	1.9	mrav-exaltation-cross	RARE
კრებულსაღა	კრებულსაღა	1	1	1.9	mrav-exaltation-cross	RARE
დრტჳნვიდა	დრტვნვიდა	1	1	1.9	mrav-exaltation-cross	RARE
გარდაექცა	გარდაექცა	1	1	1.9	mrav-exaltation-cross	RARE
უარმან	ჟუარმან	1	1	1.9	mrav-exaltation-cross	RARE
მიაქცია	მიაქცია	1	1	1.9	mrav-exaltation-cross	RARE
განაშოვრა	განაშოვრა	1	1	1.9	mrav-exaltation-cross	RARE
მაღლისანი	მაღლისანი	1	1	1.9	mrav-exaltation-cross	RARE
არაღარა	არაღარა	1	1	1.9	mrav-exaltation-cross	RARE
ძმად	ძმად	1	1	1.9	mrav-exaltation-cross	RARE
უთხრობდე	უთხრობდე	1	1	1.9	mrav-exaltation-cross	RARE
გიწოდო	გიწოდო	1	1	1.9	mrav-exaltation-cross	RARE
ჯუარმან	ჯუარმან	1	1	1.9	mrav-exaltation-cross	RARE
უფრიჲსრე	უფრიისრე	1	1	1.9	mrav-exaltation-cross	RARE
იგონე	იგონე	1	1	1.9	mrav-exaltation-cross	RARE
ჯუარისანი	ჯუარისანი	1	1	1.9	mrav-exaltation-cross	RARE
იდების	იდების	1	1	1.9	mrav-exaltation-cross	RARE
იცნობების	იცნობების	1	1	1.9	mrav-exaltation-cross	RARE
განვეშორენით	განვეშორენით	1	1	1.9	mrav-exaltation-cross	RARE
აიარებენ	აიარებენ	1	1	1.9	mrav-exaltation-cross	RARE
უკუდავებად	უკუდავებად	1	1	1.9	mrav-exaltation-cross	RARE
მოგუეტყუა	მოგუეტყუა	1	1	1.9	mrav-exaltation-cross	RARE
სამოთხისაგან	სამოთხისაგან	1	1	1.9	mrav-exaltation-cross	RARE
მოგჳყვანნა	მოგვყვანნა	1	1	1.9	mrav-exaltation-cross	RARE
დაბნელდეს	დაბნელდეს	1	1	1.9	mrav-exaltation-cross	RARE
დაყოფილ	დაყოფილ	1	1	1.9	mrav-exaltation-cross	RARE
აღიხილნეს	აღიხილნეს	1	1	1.9	mrav-exaltation-cross	RARE
გუაქუნდა	გუაქუნდა	1	1	1.9	mrav-exaltation-cross	RARE
მოვეახლენით	მოვეახლენით	1	1	1.9	mrav-exaltation-cross	RARE
ვიცნობთ	ვიცნობთ	1	1	1.9	mrav-exaltation-cross	RARE
ვჰყუარობთ	ვჰყუარობთ	1	1	1.9	mrav-exaltation-cross	RARE
ვცანთ	ვცანთ	1	1	1.9	mrav-exaltation-cross	RARE
დავსდებთ	დავსდებთ	1	1	1.9	mrav-exaltation-cross	RARE
მერმისათჳს	მერმისათვს	1	1	1.9	mrav-exaltation-cross	RARE
მიეფინის	მიეფინის	1	1	1.9	mrav-exaltation-cross	RARE
გამოჩნდებიან	გამოჩნდებიან	1	1	1.9	mrav-exaltation-cross	RARE
განძლიერდებიან	განძლიერდებიან	1	1	1.9	mrav-exaltation-cross	RARE
მოიქცევიან	მოიქცევიან	1	1	1.9	mrav-exaltation-cross	RARE
მიემთხუევიან	მიემთხუევიან	1	1	1.9	mrav-exaltation-cross	RARE
გუესწავნეს	გუესწავნეს	1	1	1.9	mrav-exaltation-cross	RARE
გუერცხუენის	გუერცხუენის	1	1	1.9	mrav-exaltation-cross	RARE
დებად	დებად	1	1	1.9	mrav-exaltation-cross	RARE
აღვიაროთ	აღვიაროთ	1	1	1.9	mrav-exaltation-cross	RARE
რომლიტა	რომლიტა	1	1	1.9	mrav-exaltation-cross	RARE
ვიწოდენით	ვიწოდენით	1	1	1.9	mrav-exaltation-cross	RARE
შეცვალნა	შეცვალნა	1	1	1.9	mrav-exaltation-cross	RARE
მოეფინა	მოეფინა	1	1	1.9	mrav-exaltation-cross	RARE
ჴორციელობისაჲ	ხორციელობისაი	1	1	1.9	mrav-exaltation-cross	RARE
მოისპო	მოისპო	1	1	1.9	mrav-exaltation-cross	RARE
სიწმიდისანი	სიწმიდისანი	1	1	1.9	mrav-exaltation-cross	RARE
განგჳგო	განგვგო	1	1	1.9	mrav-exaltation-cross	RARE
შეუგდო	შეუგდო	1	1	1.9	mrav-exaltation-cross	RARE
კერპთმსახურებისაჲ	კერპთმსახურებისაი	1	1	1.9	mrav-exaltation-cross	RARE
განაშორა	განაშორა	1	1	1.9	mrav-exaltation-cross	RARE
ღმრთეებისანი	ღმრთეებისანი	1	1	1.9	mrav-exaltation-cross	RARE
განამდიდრნა	განამდიდრნა	1	1	1.9	mrav-exaltation-cross	RARE
ეპოვა	ეპოვა	1	1	1.9	mrav-exaltation-cross	RARE
უკუდავებისად	უკუდავებისად	1	1	1.9	mrav-exaltation-cross	RARE
დათრგუნოს	დათრგუნოს	1	1	1.9	mrav-exaltation-cross	RARE
ჭეშმარიტებისათჳს	ჭეშმარიტებისათვს	1	1	1.9	mrav-exaltation-cross	RARE
აღავსოს	აღავსოს	1	1	1.9	mrav-exaltation-cross	RARE
მოიზიდნა	მოიზიდნა	1	1	1.9	mrav-exaltation-cross	RARE
მოანიჭა	მოანიჭა	1	1	1.9	mrav-exaltation-cross	RARE
განათავისუფლა	განათავისუფლა	1	1	1.9	mrav-exaltation-cross	RARE
დაბნელდა	დაბნელდა	1	1	1.9	mrav-exaltation-cross	RARE
დაბნელდე	დაბნელდე	1	1	1.9	mrav-exaltation-cross	RARE
ორთათჳსვე	ორთათვსვე	1	1	1.9	mrav-exaltation-cross	RARE
გალობათათჳს	გალობათათვს	1	1	1.9	mrav-exaltation-cross	RARE
უშჯულოებენ	უშჯულოებენ	1	1	1.9	mrav-exaltation-cross	RARE
ეგლოვდენ	ეგლოვდენ	1	1	1.9	mrav-exaltation-cross	RARE
დაესრულნეს	დაესრულნეს	1	1	1.9	mrav-exaltation-cross	RARE
ქრისტჱსით	ქრისტესით	1	1	1.9	mrav-exaltation-cross	RARE
ვნებით	ვნებით	1	1	1.9	mrav-exaltation-cross	RARE
ცმით	ცმით	1	1	1.9	mrav-exaltation-cross	RARE
წარმართნიცა	წარმართნიცა	1	1	1.9	mrav-exaltation-cross	RARE
იგლოვდეს	იგლოვდეს	1	1	1.9	mrav-exaltation-cross	RARE
აღიარებდეს	აღიარებდეს	1	1	1.9	mrav-exaltation-cross	RARE
მგლოვარენი	მგლოვარენი	1	1	1.9	mrav-exaltation-cross	RARE
კერპთმსახურ	კერპთმსახურ	1	1	1.9	mrav-exaltation-cross	RARE
გარდააქციოს	გარდააქციოს	1	1	1.9	mrav-exaltation-cross	RARE
ოგი	ოგი	1	1	1.9	mrav-exaltation-cross	RARE
შევსცეთით	შევსცეთით	1	1	1.9	mrav-exaltation-cross	RARE
დაგუფარნა	დაგუფარნა	1	1	1.9	mrav-exaltation-cross	RARE
აღვივსენით	აღვივსენით	1	1	1.9	mrav-exaltation-cross	RARE
მოვიჴსენენთ	მოვიხსენენთ	1	1	1.9	mrav-exaltation-cross	RARE
სიმედგრენი	სიმედგრენი	1	1	1.9	mrav-exaltation-cross	RARE
ვიურვოდით	ვიურვოდით	1	1	1.9	mrav-exaltation-cross	RARE
შევწუხნეთ	შევწუხნეთ	1	1	1.9	mrav-exaltation-cross	RARE
საცთურისათჳს	საცთურისათვს	1	1	1.9	mrav-exaltation-cross	RARE
მოვივლტოდით	მოვივლტოდით	1	1	1.9	mrav-exaltation-cross	RARE
მშჳლდისაჲსა	მშვლდისაისა	1	1	1.9	mrav-exaltation-cross	RARE
გჳჴსნნეს	გვხსნნეს	1	1	1.9	mrav-exaltation-cross	RARE
გუაცხოვნნეს	გუაცხოვნნეს	1	1	1.9	mrav-exaltation-cross	RARE
ვესვიდეთ	ვესვიდეთ	1	1	1.9	mrav-exaltation-cross	RARE
გუესწაოს	გუესწაოს	1	1	1.9	mrav-exaltation-cross	RARE
შევეახლნეთ	შევეახლნეთ	1	1	1.9	mrav-exaltation-cross	RARE
ჭეშმარიტისაჲ	ჭეშმარიტისაი	1	1	1.9	mrav-feristsvaleba	RARE
ტალავრობისაჲ	ტალავრობისაი	1	1	1.9	mrav-feristsvaleba	RARE
ძუელისაჲ	ძუელისაი	1	1	1.9	mrav-feristsvaleba	RARE
ფურცელთაგან	ფურცელთაგან	1	1	1.9	mrav-feristsvaleba	RARE
ხეთაჲსა	ხეთაისა	1	1	1.9	mrav-feristsvaleba	RARE
გამოაქუს	გამოაქუს	1	1	1.9	mrav-feristsvaleba	RARE
მოუკლებელ	მოუკლებელ	1	1	1.9	mrav-feristsvaleba	RARE
მკჳდრთაგან	მკვდრთაგან	1	1	1.9	mrav-feristsvaleba	RARE
განილევის	განილევის	1	1	1.9	mrav-feristsvaleba	RARE
დაეშჱნოს	დაეშენოს	1	1	1.9	mrav-feristsvaleba	RARE
თაბორი	თაბორი	1	1	1.9	mrav-feristsvaleba	RARE
თჳისასა	თვისასა	1	1	1.9	mrav-feristsvaleba	RARE
შეიმკვების	შეიმკვების	1	1	1.9	mrav-feristsvaleba	RARE
ნათლისაჲთა	ნათლისაითა	1	1	1.9	mrav-feristsvaleba	RARE
მომავალისასა	მომავალისასა	1	1	1.9	mrav-feristsvaleba	RARE
თანამდგომარესა	თანამდგომარესა	1	1	1.9	mrav-feristsvaleba	RARE
შესხმული	შესხმული	1	1	1.9	mrav-feristsvaleba	RARE
მოწაფეთანი	მოწაფეთანი	1	1	1.9	mrav-feristsvaleba	RARE
აღმაღლდებიან	აღმაღლდებიან	1	1	1.9	mrav-feristsvaleba	RARE
კაცთმოყუარებაჲ	კაცთმოყუარებაი	1	1	1.9	mrav-feristsvaleba	RARE
აუწყის	აუწყის	1	1	1.9	mrav-feristsvaleba	RARE
ქერაბინთაცა	ქერაბინთაცა	1	1	1.9	mrav-feristsvaleba	RARE
უფროჲსცა	უფროისცა	1	1	1.9	mrav-feristsvaleba	RARE
თუალედთა	თუალედთა	1	1	1.9	mrav-feristsvaleba	RARE
იფარვიან	იფარვიან	1	1	1.9	mrav-feristsvaleba	RARE
ჴელითაცა	ხელითაცა	1	1	1.9	mrav-feristsvaleba	RARE
მსახურებად	მსახურებად	1	1	1.9	mrav-feristsvaleba	RARE
მიუთხრობენ	მიუთხრობენ	1	1	1.9	mrav-feristsvaleba	RARE
აღავსეს	აღავსეს	1	1	1.9	mrav-feristsvaleba	RARE
რასამე	რასამე	1	1	1.9	mrav-feristsvaleba	RARE
გულსმოდგინე	გულსმოდგინე	1	1	1.9	mrav-feristsvaleba	RARE
შემინდვეთ	შემინდვეთ	1	1	1.9	mrav-feristsvaleba	RARE
შემეწიენით	შემეწიენით	1	1	1.9	mrav-feristsvaleba	RARE
მოვმედგრდე	მოვმედგრდე	1	1	1.9	mrav-feristsvaleba	RARE
რიცხჳსა	რიცხვსა	1	1	1.9	mrav-feristsvaleba	RARE
მოგჳთხრეს	მოგვთხრეს	1	1	1.9	mrav-feristsvaleba	RARE
შეჰრთვენ	შეჰრთვენ	1	1	1.9	mrav-feristsvaleba	RARE
შეჰრთავს	შეჰრთავს	1	1	1.9	mrav-feristsvaleba	RARE
მერვესა	მერვესა	1	1	1.9	mrav-feristsvaleba	RARE
შესაკრებელთ	შესაკრებელთ	1	1	1.9	mrav-feristsvaleba	RARE
მხოლოჲთა	მხოლოითა	1	1	1.9	mrav-feristsvaleba	RARE
განზრახვით	განზრახვით	1	1	1.9	mrav-feristsvaleba	RARE
გესმანიად	გესმანიად	1	1	1.9	mrav-feristsvaleba	RARE
დავამცირებ	დავამცირებ	1	1	1.9	mrav-feristsvaleba	RARE
უყუართ	უყუართ	1	1	1.9	mrav-feristsvaleba	RARE
შეასმენს	შეასმენს	1	1	1.9	mrav-feristsvaleba	RARE
ავიდოდა	ავიდოდა	1	1	1.9	mrav-feristsvaleba	RARE
დღესცა	დღესცა	1	1	1.9	mrav-feristsvaleba	RARE
იწოდებოდა	იწოდებოდა	1	1	1.9	mrav-feristsvaleba	RARE
შეიწირავს	შეიწირავს	1	1	1.9	mrav-feristsvaleba	RARE
ზეცისათაჲ	ზეცისათაი	1	1	1.9	mrav-feristsvaleba	RARE
ცოდვისა	ცოდვისა	1	1	1.9	mrav-feristsvaleba	RARE
შესწირვიდეს	შესწირვიდეს	1	1	1.9	mrav-feristsvaleba	RARE
გჳლხინებდეს	გვლხინებდეს	1	1	1.9	mrav-feristsvaleba	RARE
ღებითა	ღებითა	1	1	1.9	mrav-feristsvaleba	RARE
მიჰმადლებდა	მიჰმადლებდა	1	1	1.9	mrav-feristsvaleba	RARE
თანამზრახვალ	თანამზრახვალ	1	1	1.9	mrav-feristsvaleba	RARE
სინაჲსა	სინაისა	1	1	1.9	mrav-feristsvaleba	RARE
შეშინებული	შეშინებული	1	1	1.9	mrav-feristsvaleba	RARE
თანამდგომარჱ	თანამდგომარე	1	1	1.9	mrav-feristsvaleba	RARE
მოსჱსგან	მოსესგან	1	1	1.9	mrav-feristsvaleba	RARE
დაემტკიცების	დაემტკიცების	1	1	1.9	mrav-feristsvaleba	RARE
განქარვებადღა	განქარვებადღა	1	1	1.9	mrav-feristsvaleba	RARE
იწოდნეს	იწოდნეს	1	1	1.9	mrav-feristsvaleba	RARE
მკუდართაჲსა	მკუდართაისა	1	1	1.9	mrav-feristsvaleba	RARE
სიმაღლისაჲ	სიმაღლისაი	1	1	1.9	mrav-feristsvaleba	RARE
სიკუდილითაღა	სიკუდილითაღა	1	1	1.9	mrav-feristsvaleba	RARE
ისწავეების	ისწავეების	1	1	1.9	mrav-feristsvaleba	RARE
მიხილა	მიხილა	1	1	1.9	mrav-feristsvaleba	RARE
შეიმოსე	შეიმოსე	1	1	1.9	mrav-feristsvaleba	RARE
აღფრენითა	აღფრენითა	1	1	1.9	mrav-feristsvaleba	RARE
საუნჯეთა	საუნჯეთა	1	1	1.9	mrav-feristsvaleba	RARE
გამოისახის	გამოისახის	1	1	1.9	mrav-feristsvaleba	RARE
აღაშჱნებდა	აღაშენებდა	1	1	1.9	mrav-feristsvaleba	RARE
სამოციქულოჲ	სამოციქულოი	1	1	1.9	mrav-feristsvaleba	RARE
ერთობასავე	ერთობასავე	1	1	1.9	mrav-feristsvaleba	RARE
ცათამან	ცათამან	1	1	1.9	mrav-feristsvaleba	RARE
მიიხუნა	მიიხუნა	1	1	1.9	mrav-feristsvaleba	RARE
აღმართებითა	აღმართებითა	1	1	1.9	mrav-feristsvaleba	RARE
ცხებითა	ცხებითა	1	1	1.9	mrav-feristsvaleba	RARE
აღშჱნებისა	აღშენებისა	1	1	1.9	mrav-feristsvaleba	RARE
ფლობისა	ფლობისა	1	1	1.9	mrav-feristsvaleba	RARE
ქონებითა	ქონებითა	1	1	1.9	mrav-feristsvaleba	RARE
ცათაჲსანი	ცათაისანი	1	1	1.9	mrav-feristsvaleba	RARE
შეჰკრა	შეჰკრა	1	1	1.9	mrav-feristsvaleba	RARE
ერევიან	ერევიან	1	1	1.9	mrav-feristsvaleba	RARE
წარმოეცნენ	წარმოეცნენ	1	1	1.9	mrav-feristsvaleba	RARE
ქროდიან	ქროდიან	1	1	1.9	mrav-feristsvaleba	RARE
ეკუეთნენ	ეკუეთნენ	1	1	1.9	mrav-feristsvaleba	RARE
შებრკოლდეს	შებრკოლდეს	1	1	1.9	mrav-feristsvaleba	RARE
მადიდებლობითა	მადიდებლობითა	1	1	1.9	mrav-feristsvaleba	RARE
წჳმად	წვმად	1	1	1.9	mrav-feristsvaleba	RARE
ანქრევდეს	ანქრევდეს	1	1	1.9	mrav-feristsvaleba	RARE
ეკუეთნეს	ეკუეთნეს	1	1	1.9	mrav-feristsvaleba	RARE
დავსდებ	დავსდებ	1	1	1.9	mrav-feristsvaleba	RARE
დაბრკოლებისასა	დაბრკოლებისასა	1	1	1.9	mrav-feristsvaleba	RARE
საცთურებისასა	საცთურებისასა	1	1	1.9	mrav-feristsvaleba	RARE
ჰრცხუენეს	ჰრცხუენეს	1	1	1.9	mrav-feristsvaleba	RARE
განინქრიოს	განინქრიოს	1	1	1.9	mrav-feristsvaleba	RARE
ეკუეთოს	ეკუეთოს	1	1	1.9	mrav-feristsvaleba	RARE
შეიმუსროს	შეიმუსროს	1	1	1.9	mrav-feristsvaleba	RARE
შეუდეგით	შეუდეგით	1	1	1.9	mrav-feristsvaleba	RARE
ვხედევდით	ვხედევდით	1	1	1.9	mrav-feristsvaleba	RARE
ესევითარისაგან	ესევითარისაგან	1	1	1.9	mrav-feristsvaleba	RARE
ჭეშმარიტისათჳს	ჭეშმარიტისათვს	1	1	1.9	mrav-feristsvaleba	RARE
ეჴსენა	ეხსენა	1	1	1.9	mrav-feristsvaleba	RARE
მიძლავს	მიძლავს	1	1	1.9	mrav-feristsvaleba	RARE
მიეყრდნა	მიეყრდნა	1	1	1.9	mrav-feristsvaleba	RARE
სიღრმისაგან	სიღრმისაგან	1	1	1.9	mrav-feristsvaleba	RARE
უწამა	უწამა	1	1	1.9	mrav-feristsvaleba	RARE
ისაჯოს	ისაჯოს	1	1	1.9	mrav-feristsvaleba	RARE
დაშჯილ	დაშჯილ	1	1	1.9	mrav-feristsvaleba	RARE
იოვანჱსიცა	იოვანესიცა	1	1	1.9	mrav-feristsvaleba	RARE
ურჩ	ურჩ	1	1	1.9	mrav-feristsvaleba	RARE
შეჰრაცხოს	შეჰრაცხოს	1	1	1.9	mrav-feristsvaleba	RARE
ჩემია	ჩემია	1	1	1.9	mrav-feristsvaleba	RARE
მივაგო	მივაგო	1	1	1.9	mrav-feristsvaleba	RARE
ცხოველისათა	ცხოველისათა	1	1	1.9	mrav-feristsvaleba	RARE
დროჲ	დროი	1	1	1.9	mrav-feristsvaleba	RARE
თხრობისაჲ	თხრობისაი	1	1	1.9	mrav-feristsvaleba	RARE
აღდგესო	აღდგესო	1	1	1.9	mrav-feristsvaleba	RARE
მოიმოწაფენით	მოიმოწაფენით	1	1	1.9	mrav-feristsvaleba	RARE
მოციქულისაგან	მოციქულისაგან	1	1	1.9	mrav-feristsvaleba	RARE
თანამზრახვალი	თანამზრახვალი	1	1	1.9	mrav-feristsvaleba	RARE
გამოიცადოთ	გამოიცადოთ	1	1	1.9	mrav-feristsvaleba	RARE
აღთქუმისანო	აღთქუმისანო	1	1	1.9	mrav-feristsvaleba	RARE
მკჳდრნო	მკვდრნო	1	1	1.9	mrav-feristsvaleba	RARE
სარწმუნოებისანო	სარწმუნოებისანო	1	1	1.9	mrav-feristsvaleba	RARE
ჴსენებითა	ხსენებითა	1	1	1.9	mrav-forty-martyrs	RARE
განძღეს	განძღეს	1	1	1.9	mrav-forty-martyrs	RARE
მოყუასთაგან	მოყუასთაგან	1	1	1.9	mrav-forty-martyrs	RARE
შეიწყნარნეს	შეიწყნარნეს	1	1	1.9	mrav-forty-martyrs	RARE
დააკლდეს	დააკლდეს	1	1	1.9	mrav-forty-martyrs	RARE
მობაძაობისაგნ	მობაძაობისაგნ	1	1	1.9	mrav-forty-martyrs	RARE
ჰნატრიდ	ჰნატრიდ	1	1	1.9	mrav-forty-martyrs	RARE
მოწამესა	მოწამესა	1	1	1.9	mrav-forty-martyrs	RARE
განვლოთ	განვლოთ	1	1	1.9	mrav-forty-martyrs	RARE
ატადმდე	ატადმდე	1	1	1.9	mrav-forty-martyrs	RARE
აღმოტევებითა	აღმოტევებითა	1	1	1.9	mrav-forty-martyrs	RARE
ღუაწლისაჲ	ღუაწლისაი	1	1	1.9	mrav-forty-martyrs	RARE
ჭეშმარუტებისა	ჭეშმარუტებისა	1	1	1.9	mrav-forty-martyrs	RARE
აჩუენეს	აჩუენეს	1	1	1.9	mrav-forty-martyrs	RARE
მოყუსობითა	მოყუსობითა	1	1	1.9	mrav-forty-martyrs	RARE
კაცტა	კაცტა	1	1	1.9	mrav-forty-martyrs	RARE
სატნოებასა	სატნოებასა	1	1	1.9	mrav-forty-martyrs	RARE
ღაცათუმცა	ღაცათუმცა	1	1	1.9	mrav-forty-martyrs	RARE
განსაკრვებელი	განსაკრვებელი	1	1	1.9	mrav-forty-martyrs	RARE
ვერვემცა	ვერვემცა	1	1	1.9	mrav-forty-martyrs	RARE
მოჴსენებითა	მოხსენებითა	1	1	1.9	mrav-forty-martyrs	RARE
განუყოთ	განუყოთ	1	1	1.9	mrav-forty-martyrs	RARE
უჩუენებდეთ	უჩუენებდეთ	1	1	1.9	mrav-forty-martyrs	RARE
მხატვარნიცა	მხატვარნიცა	1	1	1.9	mrav-forty-martyrs	RARE
შეამკობენ	შეამკობენ	1	1	1.9	mrav-forty-martyrs	RARE
გამოჰხატვენ	გამოჰხატვენ	1	1	1.9	mrav-forty-martyrs	RARE
აღაბაძვეს	აღაბაძვეს	1	1	1.9	mrav-forty-martyrs	RARE
სიმჴნედ	სიმხნედ	1	1	1.9	mrav-forty-martyrs	RARE
ორკერძოთავე	ორკერძოთავე	1	1	1.9	mrav-forty-martyrs	RARE
უწყებისაჲ	უწყებისაი	1	1	1.9	mrav-forty-martyrs	RARE
სასმენელთაგან	სასმენელთაგან	1	1	1.9	mrav-forty-martyrs	RARE
წარმოადგინებს	წარმოადგინებს	1	1	1.9	mrav-forty-martyrs	RARE
უჩუენებს	უჩუენებს	1	1	1.9	mrav-forty-martyrs	RARE
მოვაჴსენოთ	მოვახსენოთ	1	1	1.9	mrav-forty-martyrs	RARE
შემოკრებულსა	შემოკრებულსა	1	1	1.9	mrav-forty-martyrs	RARE
აღვძრნეთ	აღვძრნეთ	1	1	1.9	mrav-forty-martyrs	RARE
მიბაძვებად	მიბაძვებად	1	1	1.9	mrav-forty-martyrs	RARE
შემოკრებულთაჲ	შემოკრებულთაი	1	1	1.9	mrav-forty-martyrs	RARE
ქებისასა	ქებისასა	1	1	1.9	mrav-forty-martyrs	RARE
აქებდ	აქებდ	1	1	1.9	mrav-forty-martyrs	RARE
მიზეზთაგან	მიზეზთაგან	1	1	1.9	mrav-forty-martyrs	RARE
იწყიან	იწყიან	1	1	1.9	mrav-forty-martyrs	RARE
ცუმულ	ცუმულ	1	1	1.9	mrav-forty-martyrs	RARE
ვთქუნეთ	ვთქუნეთ	1	1	1.9	mrav-forty-martyrs	RARE
მორეწეთაჲ	მორეწეთაი	1	1	1.9	mrav-forty-martyrs	RARE
წარმოიღიან	წარმოიღიან	1	1	1.9	mrav-forty-martyrs	RARE
შემოკრებულთა	შემოკრებულთა	1	1	1.9	mrav-forty-martyrs	RARE
იპოვის	იპოვის	1	1	1.9	mrav-forty-martyrs	RARE
ჭესმარიტი	ჭესმარიტი	1	1	1.9	mrav-forty-martyrs	RARE
ქალქი	ქალქი	1	1	1.9	mrav-forty-martyrs	RARE
სობილ	სობილ	1	1	1.9	mrav-forty-martyrs	RARE
შვილებისაგან	შვილებისაგან	1	1	1.9	mrav-forty-martyrs	RARE
მზად	მზად	1	1	1.9	mrav-forty-martyrs	RARE
შეკრებისაჲ	შეკრებისაი	1	1	1.9	mrav-forty-martyrs	RARE
ჰასაკთაჲთა	ჰასაკთაითა	1	1	1.9	mrav-forty-martyrs	RARE
სახელოვნად	სახელოვნად	1	1	1.9	mrav-forty-martyrs	RARE
იქცევოდეს	იქცევოდეს	1	1	1.9	mrav-forty-martyrs	RARE
დაწესებულ	დაწესებულ	1	1	1.9	mrav-forty-martyrs	RARE
მეფეთაგან	მეფეთაგან	1	1	1.9	mrav-forty-martyrs	RARE
სახელოვან	სახელოვან	1	1	1.9	mrav-forty-martyrs	RARE
სათნოებითა	სათნოებითა	1	1	1.9	mrav-forty-martyrs	RARE
მიმოდაედვა	მიმოდაედვა	1	1	1.9	mrav-forty-martyrs	RARE
უშჯულოჲ	უშჯულოი	1	1	1.9	mrav-forty-martyrs	RARE
უღმრთოჲ	უღმრთოი	1	1	1.9	mrav-forty-martyrs	RARE
შევარდეს	შევარდეს	1	1	1.9	mrav-forty-martyrs	RARE
მძლავრებისაჲ	მძლავრებისაი	1	1	1.9	mrav-forty-martyrs	RARE
მსაჯულთაჲ	მსაჯულთაი	1	1	1.9	mrav-forty-martyrs	RARE
სიცრუვისათაჲ	სიცრუვისათაი	1	1	1.9	mrav-forty-martyrs	RARE
იზრახებოდეს	იზრახებოდეს	1	1	1.9	mrav-forty-martyrs	RARE
ფერადი	ფერადი	1	1	1.9	mrav-forty-martyrs	RARE
აღლესულ	აღლესულ	1	1	1.9	mrav-forty-martyrs	RARE
აღმართებულ	აღმართებულ	1	1	1.9	mrav-forty-martyrs	RARE
ივტოდეს	ივტოდეს	1	1	1.9	mrav-forty-martyrs	RARE
ირყეოდეს	ირყეოდეს	1	1	1.9	mrav-forty-martyrs	RARE
ხილვადმდე	ხილვადმდე	1	1	1.9	mrav-forty-martyrs	RARE
ტანჯვისათჳს	ტანჯვისათვს	1	1	1.9	mrav-forty-martyrs	RARE
იწინეს	იწინეს	1	1	1.9	mrav-forty-martyrs	RARE
შეირვეს	შეირვეს	1	1	1.9	mrav-forty-martyrs	RARE
ჴდეს	ხდეს	1	1	1.9	mrav-forty-martyrs	RARE
დაზამთრებულნი	დაზამთრებულნი	1	1	1.9	mrav-forty-martyrs	RARE
მოთმინებისაჲ	მოთმინებისაი	1	1	1.9	mrav-forty-martyrs	RARE
დაექცა	დაექცა	1	1	1.9	mrav-forty-martyrs	RARE
წარწყმდეს	წარწყმდეს	1	1	1.9	mrav-forty-martyrs	RARE
მოხდიდა	მოხდიდა	1	1	1.9	mrav-forty-martyrs	RARE
შეძრწუნდეს	შეძრწუნდეს	1	1	1.9	mrav-forty-martyrs	RARE
ხილვულისა	ხილვულისა	1	1	1.9	mrav-forty-martyrs	RARE
აღუტევეს	აღუტევეს	1	1	1.9	mrav-forty-martyrs	RARE
განწმ	განწმ	1	1	1.9	mrav-forty-martyrs	RARE
დნა	დნა	1	1	1.9	mrav-forty-martyrs	RARE
აღწერნა	აღწერნა	1	1	1.9	mrav-forty-martyrs	RARE
წარმოდგებოდა	წარმოდგებოდა	1	1	1.9	mrav-forty-martyrs	RARE
მოღუაწენი	მოღუაწენი	1	1	1.9	mrav-forty-martyrs	RARE
წარმოდგიან	წარმოდგიან	1	1	1.9	mrav-forty-martyrs	RARE
ღუაწლისასა	ღუაწლისასა	1	1	1.9	mrav-forty-martyrs	RARE
მიდგიან	მიდგიან	1	1	1.9	mrav-forty-martyrs	RARE
წოდებულნი	წოდებულნი	1	1	1.9	mrav-forty-martyrs	RARE
შობითგანნი	შობითგანნი	1	1	1.9	mrav-forty-martyrs	RARE
შეხუდგინებდა	შეხუდგინებდა	1	1	1.9	mrav-forty-martyrs	RARE
იპყრობდა	იპყრობდა	1	1	1.9	mrav-forty-martyrs	RARE
შეიქცევდა	შეიქცევდა	1	1	1.9	mrav-forty-martyrs	RARE
ჰმოგუნიდა	ჰმოგუნიდა	1	1	1.9	mrav-forty-martyrs	RARE
მსახურებისა	მსახურებისა	1	1	1.9	mrav-forty-martyrs	RARE
გამოსცდიდა	გამოსცდიდა	1	1	1.9	mrav-forty-martyrs	RARE
განმცემელ	განმცემელ	1	1	1.9	mrav-forty-martyrs	RARE
ექმნებით	ექმნებით	1	1	1.9	mrav-forty-martyrs	RARE
სიჭაბუკესა	სიჭაბუკესა	1	1	1.9	mrav-forty-martyrs	RARE
შეიმთხუევთ	შეიმთხუევთ	1	1	1.9	mrav-forty-martyrs	RARE
გამოშჩნდით	გამოშჩნდით	1	1	1.9	mrav-forty-martyrs	RARE
მოქმედებრ	მოქმედებრ	1	1	1.9	mrav-forty-martyrs	RARE
მოჰსწყედით	მოჰსწყედით	1	1	1.9	mrav-forty-martyrs	RARE
საფასესაცა	საფასესაცა	1	1	1.9	mrav-forty-martyrs	RARE
მეფისაგან	მეფისაგან	1	1	1.9	mrav-forty-martyrs	RARE
განზრახვითა	განზრახვითა	1	1	1.9	mrav-forty-martyrs	RARE
ეწყვებოდა	ეწყვებოდა	1	1	1.9	mrav-forty-martyrs	RARE
მანქანებად	მანქანებად	1	1	1.9	mrav-forty-martyrs	RARE
იქცა	იქცა	1	1	1.9	mrav-forty-martyrs	RARE
მოლალეო	მოლალეო	1	1	1.9	mrav-forty-martyrs	RARE
განდგომად	განდგომად	1	1	1.9	mrav-forty-martyrs	RARE
მოგუცე	მოგუცე	1	1	1.9	mrav-forty-martyrs	RARE
მიღებადცა	მიღებადცა	1	1	1.9	mrav-forty-martyrs	RARE
იწრაფე	იწრაფე	1	1	1.9	mrav-forty-martyrs	RARE
მძულს	მძულს	1	1	1.9	mrav-forty-martyrs	RARE
ზღვევისა	ზღვევისა	1	1	1.9	mrav-forty-martyrs	RARE
ვიდებთ	ვიდებთ	1	1	1.9	mrav-forty-martyrs	RARE
უპატივოებისა	უპატივოებისა	1	1	1.9	mrav-forty-martyrs	RARE
მომცე	მომცე	1	1	1.9	mrav-forty-martyrs	RARE
დაშდომადი	დაშდომადი	1	1	1.9	mrav-forty-martyrs	RARE
დაცჳვნებადი	დაცვვნებადი	1	1	1.9	mrav-forty-martyrs	RARE
ჰმეტყუელობ	ჰმეტყუელობ	1	1	1.9	mrav-forty-martyrs	RARE
მიერთაჲ	მიერთაი	1	1	1.9	mrav-forty-martyrs	RARE
გჳყყოფიეს	გვყყოფიეს	1	1	1.9	mrav-forty-martyrs	RARE
ამათგანი	ამათგანი	1	1	1.9	mrav-forty-martyrs	RARE
მართალთასა	მართალთასა	1	1	1.9	mrav-forty-martyrs	RARE
მითქუამს	მითქუამს	1	1	1.9	mrav-forty-martyrs	RARE
დამაშრუალ	დამაშრუალ	1	1	1.9	mrav-forty-martyrs	RARE
შემირაცხიეს	შემირაცხიეს	1	1	1.9	mrav-forty-martyrs	RARE
სტანჯნე	სტანჯნე	1	1	1.9	mrav-forty-martyrs	RARE
მიუსრულო	მიუსრულო	1	1	1.9	mrav-forty-martyrs	RARE
ჰქმნნე	ჰქმნნე	1	1	1.9	mrav-forty-martyrs	RARE
წარსწირო	წარსწირო	1	1	1.9	mrav-forty-martyrs	RARE
სულთაცა	სულთაცა	1	1	1.9	mrav-forty-martyrs	RARE
მთავრობად	მთავრობად	1	1	1.9	mrav-forty-martyrs	RARE
ჰჴდებითვე	ჰხდებითვე	1	1	1.9	mrav-forty-martyrs	RARE
განჰრისხნებით	განჰრისხნებით	1	1	1.9	mrav-forty-martyrs	RARE
გჳთქუამთ	გვთქუამთ	1	1	1.9	mrav-forty-martyrs	RARE
დაგჳდებთ	დაგვდებთ	1	1	1.9	mrav-forty-martyrs	RARE
შემთხუეულ	შემთხუეულ	1	1	1.9	mrav-forty-martyrs	RARE
თავსვიდებთ	თავსვიდებთ	1	1	1.9	mrav-forty-martyrs	RARE
დაკრვასადა	დაკრვასადა	1	1	1.9	mrav-forty-martyrs	RARE
აღდუღნა	აღდუღნა	1	1	1.9	mrav-forty-martyrs	RARE
განუმზადოს	განუმზადოს	1	1	1.9	mrav-forty-martyrs	RARE
ანქრევდა	ანქრევდა	1	1	1.9	mrav-forty-martyrs	RARE
შიშუელთაჲ	შიშუელთაი	1	1	1.9	mrav-forty-martyrs	RARE
ნეფხვითა	ნეფხვითა	1	1	1.9	mrav-forty-martyrs	RARE
გამოგიცდიეს	გამოგიცდიეს	1	1	1.9	mrav-forty-martyrs	RARE
დაუთმენელ	დაუთმენელ	1	1	1.9	mrav-forty-martyrs	RARE
ვერვის	ვერვის	1	1	1.9	mrav-forty-martyrs	RARE
გამოუცდიეს	გამოუცდიეს	1	1	1.9	mrav-forty-martyrs	RARE
სახისათჳს	სახისათვს	1	1	1.9	mrav-forty-martyrs	RARE
შეცჳვიან	შეცვვიან	1	1	1.9	mrav-forty-martyrs	RARE
იქმნნიან	იქმნნიან	1	1	1.9	mrav-forty-martyrs	RARE
სისხლისაჲთა	სისხლისაითა	1	1	1.9	mrav-forty-martyrs	RARE
არმოდუღნ	არმოდუღნ	1	1	1.9	mrav-forty-martyrs	RARE
კბილნი	კბილნი	1	1	1.9	mrav-forty-martyrs	RARE
ერეკებიედ	ერეკებიედ	1	1	1.9	mrav-forty-martyrs	RARE
განსთქდებიედ	განსთქდებიედ	1	1	1.9	mrav-forty-martyrs	RARE
შეიმჭუალვინ	შეიმჭუალვინ	1	1	1.9	mrav-forty-martyrs	RARE
შეიწევინ	შეიწევინ	1	1	1.9	mrav-forty-martyrs	RARE
შეეგონებინ	შეეგონებინ	1	1	1.9	mrav-forty-martyrs	RARE
თითთანი	თითთანი	1	1	1.9	mrav-forty-martyrs	RARE
წარსცჳვიედ	წარსცვვიედ	1	1	1.9	mrav-forty-martyrs	RARE
ივლტინ	ივლტინ	1	1	1.9	mrav-forty-martyrs	RARE
გუამისათა	გუამისათა	1	1	1.9	mrav-forty-martyrs	RARE
შეივტინ	შეივტინ	1	1	1.9	mrav-forty-martyrs	RARE
განეშოვრის	განეშოვრის	1	1	1.9	mrav-forty-martyrs	RARE
დაუტევის	დაუტევის	1	1	1.9	mrav-forty-martyrs	RARE
შეკრბებინ	შეკრბებინ	1	1	1.9	mrav-forty-martyrs	RARE
უჩუენებნ	უჩუენებნ	1	1	1.9	mrav-forty-martyrs	RARE
შეუვალნ	შეუვალნ	1	1	1.9	mrav-forty-martyrs	RARE
ტბაჲ	ტბაი	1	1	1.9	mrav-forty-martyrs	RARE
დასჱნებულ	დასენებულ	1	1	1.9	mrav-forty-martyrs	RARE
მჴნდებოდეს	მხნდებოდეს	1	1	1.9	mrav-forty-martyrs	RARE
ცხენთ	ცხენთ	1	1	1.9	mrav-forty-martyrs	RARE
დაყინებისა	დაყინებისა	1	1	1.9	mrav-forty-martyrs	RARE
დიოდეს	დიოდეს	1	1	1.9	mrav-forty-martyrs	RARE
შეიყინნეს	შეიყინნეს	1	1	1.9	mrav-forty-martyrs	RARE
დინებისაგან	დინებისაგან	1	1	1.9	mrav-forty-martyrs	RARE
აქრევდეს	აქრევდეს	1	1	1.9	mrav-forty-martyrs	RARE
უჩუენებდეს	უჩუენებდეს	1	1	1.9	mrav-forty-martyrs	RARE
აღსასრულისაჲ	აღსასრულისაი	1	1	1.9	mrav-forty-martyrs	RARE
სამისელი	სამისელი	1	1	1.9	mrav-forty-martyrs	RARE
სიკუდალად	სიკუდალად	1	1	1.9	mrav-forty-martyrs	RARE
განვიშოვრებთ	განვიშოვრებთ	1	1	1.9	mrav-forty-martyrs	RARE
მაცთურებისა	მაცთურებისა	1	1	1.9	mrav-forty-martyrs	RARE
მადლიერ	მადლიერ	1	1	1.9	mrav-forty-martyrs	RARE
შევიმოსეთ	შევიმოსეთ	1	1	1.9	mrav-forty-martyrs	RARE
განვიძარცოთ	განვიძარცოთ	1	1	1.9	mrav-forty-martyrs	RARE
გუეწყალიან	გუეწყალიან	1	1	1.9	mrav-forty-martyrs	RARE
წარვიწყმიდეთ	წარვიწყმიდეთ	1	1	1.9	mrav-forty-martyrs	RARE
მივაგოთ	მივაგოთ	1	1	1.9	mrav-forty-martyrs	RARE
უფალიცა	უფალიცა	1	1	1.9	mrav-forty-martyrs	RARE
განიძარცუა	განიძარცუა	1	1	1.9	mrav-forty-martyrs	RARE
უფლისაებრვე	უფლისაებრვე	1	1	1.9	mrav-forty-martyrs	RARE
ევნოს	ევნოს	1	1	1.9	mrav-forty-martyrs	RARE
განვაძუარცუეთ	განვაძუარცუეთ	1	1	1.9	mrav-forty-martyrs	RARE
სტრატიოტთაჲ	სტრატიოტთაი	1	1	1.9	mrav-forty-martyrs	RARE
განძარცუეს	განძარცუეს	1	1	1.9	mrav-forty-martyrs	RARE
განიყვნე	განიყვნე	1	1	1.9	mrav-forty-martyrs	RARE
აღვჴოცოთ	აღვხოცოთ	1	1	1.9	mrav-forty-martyrs	RARE
მავნებლ	მავნებლ	1	1	1.9	mrav-forty-martyrs	RARE
განსუენებაჲ	განსუენებაი	1	1	1.9	mrav-forty-martyrs	RARE
დავითმინოთ	დავითმინოთ	1	1	1.9	mrav-forty-martyrs	RARE
გუეფუფუნებოდის	გუეფუფუნებოდის	1	1	1.9	mrav-forty-martyrs	RARE
მოვიცვალნეთ	მოვიცვალნეთ	1	1	1.9	mrav-forty-martyrs	RARE
დავიწუნეთ	დავიწუნეთ	1	1	1.9	mrav-forty-martyrs	RARE
წარგუცჳვედ	წარგუცვვედ	1	1	1.9	mrav-forty-martyrs	RARE
არპყრობად	არპყრობად	1	1	1.9	mrav-forty-martyrs	RARE
ერწმუნნეს	ერწმუნნეს	1	1	1.9	mrav-forty-martyrs	RARE
აღვირჩიოთ	აღვირჩიოთ	1	1	1.9	mrav-forty-martyrs	RARE
სიცრუვისათჳს	სიცრუვისათვს	1	1	1.9	mrav-forty-martyrs	RARE
დავითმინოთა	დავითმინოთა	1	1	1.9	mrav-forty-martyrs	RARE
მოღუაწენო	მოღუაწენო	1	1	1.9	mrav-forty-martyrs	RARE
ჩუენნო	ჩუენნო	1	1	1.9	mrav-forty-martyrs	RARE
ვერიდებით	ვერიდებით	1	1	1.9	mrav-forty-martyrs	RARE
გუედების	გუედების	1	1	1.9	mrav-forty-martyrs	RARE
სათნომცა	სათნომცა	1	1	1.9	mrav-forty-martyrs	RARE
გეყოფით	გეყოფით	1	1	1.9	mrav-forty-martyrs	RARE
საკუერთხი	საკუერთხი	1	1	1.9	mrav-forty-martyrs	RARE
ვერძთაჲ	ვერძთაი	1	1	1.9	mrav-forty-martyrs	RARE
ცემისა	ცემისა	1	1	1.9	mrav-forty-martyrs	RARE
უბრძანებდეს	უბრძანებდეს	1	1	1.9	mrav-forty-martyrs	RARE
ბრძოლისასა	ბრძოლისასა	1	1	1.9	mrav-forty-martyrs	RARE
გარდაჰჴდიდეს	გარდაჰხდიდეს	1	1	1.9	mrav-forty-martyrs	RARE
დაითმენდეს	დაითმენდეს	1	1	1.9	mrav-forty-martyrs	RARE
ერთიერთისათჳს	ერთიერთისათვს	1	1	1.9	mrav-forty-martyrs	RARE
შემოვედით	შემოვედით	1	1	1.9	mrav-forty-martyrs	RARE
ორმეოცნივემცა	ორმეოცნივემცა	1	1	1.9	mrav-forty-martyrs	RARE
ვიქმნებით	ვიქმნებით	1	1	1.9	mrav-forty-martyrs	RARE
დავაკლდებით	დავაკლდებით	1	1	1.9	mrav-forty-martyrs	RARE
შემოჴდა	შემოხდა	1	1	1.9	mrav-forty-martyrs	RARE
შეემთხჳნეს	შეემთხვნეს	1	1	1.9	mrav-forty-martyrs	RARE
აღბეჭდულთაჲ	აღბეჭდულთაი	1	1	1.9	mrav-forty-martyrs	RARE
ივტოდა	ივტოდა	1	1	1.9	mrav-forty-martyrs	RARE
უზომოჲ	უზომოი	1	1	1.9	mrav-forty-martyrs	RARE
წურთისაგან	წურთისაგან	1	1	1.9	mrav-forty-martyrs	RARE
რომლისამე	რომლისამე	1	1	1.9	mrav-forty-martyrs	RARE
იფუფუნებოდა	იფუფუნებოდა	1	1	1.9	mrav-forty-martyrs	RARE
ძნელიმცა	ძნელიმცა	1	1	1.9	mrav-forty-martyrs	RARE
მოივტოდის	მოივტოდის	1	1	1.9	mrav-forty-martyrs	RARE
აბანოჲ	აბანოი	1	1	1.9	mrav-forty-martyrs	RARE
ტბასა	ტბასა	1	1	1.9	mrav-forty-martyrs	RARE
შესაწევნელ	შესაწევნელ	1	1	1.9	mrav-forty-martyrs	RARE
განეზრახა	განეზრახა	1	1	1.9	mrav-forty-martyrs	RARE
განემზადა	განემზადა	1	1	1.9	mrav-forty-martyrs	RARE
უმბრწყინვალჱ	უმბრწყინვალე	1	1	1.9	mrav-forty-martyrs	RARE
მარტჳრთასა	მარტვრთასა	1	1	1.9	mrav-forty-martyrs	RARE
მოთმინედ	მოთმინედ	1	1	1.9	mrav-forty-martyrs	RARE
გამოჩდების	გამოჩდების	1	1	1.9	mrav-forty-martyrs	RARE
სასუებელსა	სასუებელსა	1	1	1.9	mrav-forty-martyrs	RARE
ითმენდეს	ითმენდეს	1	1	1.9	mrav-forty-martyrs	RARE
გარდამოვიდეს	გარდამოვიდეს	1	1	1.9	mrav-forty-martyrs	RARE
განუყვეს	განუყვეს	1	1	1.9	mrav-forty-martyrs	RARE
მიივლტოდა	მიივლტოდა	1	1	1.9	mrav-forty-martyrs	RARE
წარიტყუენა	წარიტყუენა	1	1	1.9	mrav-forty-martyrs	RARE
საწყალ	საწყალ	1	1	1.9	mrav-forty-martyrs	RARE
სიცხისაჲთა	სიცხისაითა	1	1	1.9	mrav-forty-martyrs	RARE
უშჩულო	უშჩულო	1	1	1.9	mrav-forty-martyrs	RARE
შერთო	შერთო	1	1	1.9	mrav-forty-martyrs	RARE
განწყობილისასა	განწყობილისასა	1	1	1.9	mrav-forty-martyrs	RARE
წმიდათასა	წმიდათასა	1	1	1.9	mrav-forty-martyrs	RARE
გარდაცველებითა	გარდაცველებითა	1	1	1.9	mrav-forty-martyrs	RARE
დააკჳრვა	დააკვრვა	1	1	1.9	mrav-forty-martyrs	RARE
თანათა	თანათა	1	1	1.9	mrav-forty-martyrs	RARE
შეძინებითა	შეძინებითა	1	1	1.9	mrav-forty-martyrs	RARE
წინაჲსაჲ	წინაისაი	1	1	1.9	mrav-forty-martyrs	RARE
განწყობილისაჲ	განწყობილისაი	1	1	1.9	mrav-forty-martyrs	RARE
დაეცის	დაეცის	1	1	1.9	mrav-forty-martyrs	RARE
დადგის	დადგის	1	1	1.9	mrav-forty-martyrs	RARE
დაკლებითა	დაკლებითა	1	1	1.9	mrav-forty-martyrs	RARE
განვარდა	განვარდა	1	1	1.9	mrav-forty-martyrs	RARE
ამისიცა	ამისიცა	1	1	1.9	mrav-forty-martyrs	RARE
სარწმუნოვებითა	სარწმუნოვებითა	1	1	1.9	mrav-forty-martyrs	RARE
დაბადებულთამდე	დაბადებულთამდე	1	1	1.9	mrav-forty-martyrs	RARE
იღუაწეს	იღუაწეს	1	1	1.9	mrav-forty-martyrs	RARE
განვლეთ	განვლეთ	1	1	1.9	mrav-forty-martyrs	RARE
გამომიყვანენ	გამომიყვანენ	1	1	1.9	mrav-forty-martyrs	RARE
განსასუენებლად	განსასუენებლად	1	1	1.9	mrav-forty-martyrs	RARE
ვილოცავთ	ვილოცავთ	1	1	1.9	mrav-forty-martyrs	RARE
განანათლეს	განანათლეს	1	1	1.9	mrav-forty-martyrs	RARE
მტკიცენი	მტკიცენი	1	1	1.9	mrav-forty-martyrs	RARE
მიივლტიან	მიივლტიან	1	1	1.9	mrav-forty-martyrs	RARE
დევნისაგან	დევნისაგან	1	1	1.9	mrav-forty-martyrs	RARE
შეამკვნეს	შეამკვნეს	1	1	1.9	mrav-forty-martyrs	RARE
განუჩუენეს	განუჩუენეს	1	1	1.9	mrav-forty-martyrs	RARE
მოჰქონან	მოჰქონან	1	1	1.9	mrav-forty-martyrs	RARE
აღერინეს	აღერინეს	1	1	1.9	mrav-forty-martyrs	RARE
იქცევიან	იქცევიან	1	1	1.9	mrav-forty-martyrs	RARE
დააკლდებიან	დააკლდებიან	1	1	1.9	mrav-forty-martyrs	RARE
შეიწყნარებენ	შეიწყნარებენ	1	1	1.9	mrav-forty-martyrs	RARE
თითოჲთ	თითოით	1	1	1.9	mrav-forty-martyrs	RARE
განჰყვნე	განჰყვნე	1	1	1.9	mrav-forty-martyrs	RARE
გადაჰვლენ	გადაჰვლენ	1	1	1.9	mrav-forty-martyrs	RARE
შეჰკრიბნე	შეჰკრიბნე	1	1	1.9	mrav-forty-martyrs	RARE
ორმეოცნივე	ორმეოცნივე	1	1	1.9	mrav-forty-martyrs	RARE
აღინთის	აღინთის	1	1	1.9	mrav-forty-martyrs	RARE
წარიღის	წარიღის	1	1	1.9	mrav-forty-martyrs	RARE
ჰნათიედ	ჰნათიედ	1	1	1.9	mrav-forty-martyrs	RARE
ყ	ყ	1	1	1.9	mrav-forty-martyrs	RARE
კაცადისა	კაცადისა	1	1	1.9	mrav-forty-martyrs	RARE
მადიდებელთაჲ	მადიდებელთაი	1	1	1.9	mrav-forty-martyrs	RARE
რავდენმცა	რავდენმცა	1	1	1.9	mrav-forty-martyrs	RARE
დაჰშუერ	დაჰშუერ	1	1	1.9	mrav-forty-martyrs	RARE
ორმეოცთაგანნი	ორმეოცთაგანნი	1	1	1.9	mrav-forty-martyrs	RARE
პირვეულ	პირვეულ	1	1	1.9	mrav-forty-martyrs	RARE
ორმეოცთავე	ორმეოცთავე	1	1	1.9	mrav-forty-martyrs	RARE
მოხარულ	მოხარულ	1	1	1.9	mrav-forty-martyrs	RARE
მიისწრაფის	მიისწრაფის	1	1	1.9	mrav-forty-martyrs	RARE
მიილტის	მიილტის	1	1	1.9	mrav-forty-martyrs	RARE
შვილთათჳს	შვილთათვს	1	1	1.9	mrav-forty-martyrs	RARE
გზად	გზად	1	1	1.9	mrav-forty-martyrs	RARE
წარსრულისათჳს	წარსრულისათვს	1	1	1.9	mrav-forty-martyrs	RARE
სიცოცხლისათჳს	სიცოცხლისათვს	1	1	1.9	mrav-forty-martyrs	RARE
ევედრების	ევედრების	1	1	1.9	mrav-forty-martyrs	RARE
ცხირებაჲ	ცხირებაი	1	1	1.9	mrav-forty-martyrs	RARE
მოძღრუებასა	მოძღრუებასა	1	1	1.9	mrav-forty-martyrs	RARE
ისწავებდით	ისწავებდით	1	1	1.9	mrav-forty-martyrs	RARE
მასღა	მასღა	1	1	1.9	mrav-forty-martyrs	RARE
შემძლებელღა	შემძლებელღა	1	1	1.9	mrav-forty-martyrs	RARE
აიღო	აიღო	1	1	1.9	mrav-forty-martyrs	RARE
წარგუალე	წარგუალე	1	1	1.9	mrav-forty-martyrs	RARE
დააკლდები	დააკლდები	1	1	1.9	mrav-forty-martyrs	RARE
ეჩუენები	ეჩუენები	1	1	1.9	mrav-forty-martyrs	RARE
ძირისაჲ	ძირისაი	1	1	1.9	mrav-forty-martyrs	RARE
განზარდა	განზარდა	1	1	1.9	mrav-forty-martyrs	RARE
აღზრდილ	აღზრდილ	1	1	1.9	mrav-forty-martyrs	RARE
წარეგზავნა	წარეგზავნა	1	1	1.9	mrav-forty-martyrs	RARE
მსახურისაგან	მსახურისაგან	1	1	1.9	mrav-forty-martyrs	RARE
სირცხუილეული	სირცხუილეული	1	1	1.9	mrav-forty-martyrs	RARE
აღძრა	აღძრა	1	1	1.9	mrav-forty-martyrs	RARE
საზამთროჲ	საზამთროი	1	1	1.9	mrav-forty-martyrs	RARE
წელიწადისაჲ	წელიწადისაი	1	1	1.9	mrav-forty-martyrs	RARE
მცველნო	მცველნო	1	1	1.9	mrav-forty-martyrs	RARE
კაცთაჲსანო	კაცთაისანო	1	1	1.9	mrav-forty-martyrs	RARE
კეთილნო	კეთილნო	1	1	1.9	mrav-forty-martyrs	RARE
ზოგადნო	ზოგადნო	1	1	1.9	mrav-forty-martyrs	RARE
მზრუნველნო	მზრუნველნო	1	1	1.9	mrav-forty-martyrs	RARE
შემწენო	შემწენო	1	1	1.9	mrav-forty-martyrs	RARE
ძლიერნო	ძლიერნო	1	1	1.9	mrav-forty-martyrs	RARE
ვარსკულავნო	ვარსკულავნო	1	1	1.9	mrav-forty-martyrs	RARE
სოფლისანო	სოფლისანო	1	1	1.9	mrav-forty-martyrs	RARE
ყუავილნო	ყუავილნო	1	1	1.9	mrav-forty-martyrs	RARE
ეკლესიათანო	ეკლესიათანო	1	1	1.9	mrav-forty-martyrs	RARE
დაგფარნა	დაგფარნა	1	1	1.9	mrav-forty-martyrs	RARE
ცამან	ცამან	1	1	1.9	mrav-forty-martyrs	RARE
შეგიწყნარნა	შეგიწყნარნა	1	1	1.9	mrav-forty-martyrs	RARE
გაგეხუნეს	გაგეხუნეს	1	1	1.9	mrav-forty-martyrs	RARE
სამოთხისანი	სამოთხისანი	1	1	1.9	mrav-forty-martyrs	RARE
მადლთაჲ	მადლთაი	1	1	1.9	mrav-forty-martyrs	RARE
სიჭაბუკისაჲ	სიჭაბუკისაი	1	1	1.9	mrav-forty-martyrs	RARE
ცხორებისსა	ცხორებისსა	1	1	1.9	mrav-forty-martyrs	RARE
ადიდონ	ადიდონ	1	1	1.9	mrav-forty-martyrs	RARE
აჰმართნეს	აჰმართნეს	1	1	1.9	mrav-forty-martyrs	RARE
შთაუგდეს	შთაუგდეს	1	1	1.9	mrav-forty-martyrs	RARE
განემზადნეს	განემზადნეს	1	1	1.9	mrav-forty-martyrs	RARE
ერთითაცა	ერთითაცა	1	1	1.9	mrav-forty-martyrs	RARE
სიმართლისაჲთა	სიმართლისაითა	1	1	1.9	mrav-forty-martyrs	RARE
შეიმკვნეს	შეიმკვნეს	1	1	1.9	mrav-forty-martyrs	RARE
მყოფელით	მყოფელით	1	1	1.9	mrav-forty-martyrs	RARE
ლეღუი	ლეღუი	1	1	1.9	mrav-holymonday	RARE
განჴმა	განხმა	1	1	1.9	mrav-holymonday	RARE
მოგაჴსენებ	მოგახსენებ	1	1	1.9	mrav-holymonday	RARE
აკლია	აკლია	1	1	1.9	mrav-holymonday	RARE
დაახლოებით	დაახლოებით	1	1	1.9	mrav-holymonday	RARE
ფურცლის	ფურცლის	1	1	1.9	mrav-holymonday	RARE
ტექსტი	ტექსტი	1	1	1.9	mrav-holymonday	RARE
სცვალებდა	სცვალებდა	1	1	1.9	mart-iaqob-up-dzma	RARE
კათოლიკედ	კათოლიკედ	1	1	1.9	mart-iaqob-up-dzma	RARE
ეპისკოპოს	ეპისკოპოს	1	1	1.9	mart-iaqob-up-dzma	RARE
საშოჲთგან	საშოითგან	1	1	1.9	mart-iaqob-up-dzma	RARE
თჳსისაჲთ	თვსისაით	1	1	1.9	mart-iaqob-up-dzma	RARE
მშუმინვაერისაგანი	მშუმინვაერისაგანი	1	1	1.9	mart-iaqob-up-dzma	RARE
აღსრულ	აღსრულ	1	1	1.9	mart-iaqob-up-dzma	RARE
ზეტი	ზეტი	1	1	1.9	mart-iaqob-up-dzma	RARE
ეცხო	ეცხო	1	1	1.9	mart-iaqob-up-dzma	RARE
მივიდის	მივიდის	1	1	1.9	mart-iaqob-up-dzma	RARE
სეიმოსის	სეიმოსის	1	1	1.9	mart-iaqob-up-dzma	RARE
ჰმოსიედ	ჰმოსიედ	1	1	1.9	mart-iaqob-up-dzma	RARE
შევიდის	შევიდის	1	1	1.9	mart-iaqob-up-dzma	RARE
დგან	დგან	1	1	1.9	mart-iaqob-up-dzma	RARE
ილოცავნ	ილოცავნ	1	1	1.9	mart-iaqob-up-dzma	RARE
მოტევებისათჳს	მოტევებისათვს	1	1	1.9	mart-iaqob-up-dzma	RARE
აქლემისანი	აქლემისანი	1	1	1.9	mart-iaqob-up-dzma	RARE
ობე	ობე	1	1	1.9	mart-iaqob-up-dzma	RARE
განმართლებაჲ	განმართლებაი	1	1	1.9	mart-iaqob-up-dzma	RARE
წვალებისაგანნი	წვალებისაგანნი	1	1	1.9	mart-iaqob-up-dzma	RARE
მათგანთა	მათგანთა	1	1	1.9	mart-iaqob-up-dzma	RARE
ჰრწმეა	ჰრწმეა	1	1	1.9	mart-iaqob-up-dzma	RARE
მთავართაგანთაცა	მთავართაგანთაცა	1	1	1.9	mart-iaqob-up-dzma	RARE
განგუადგების	განგუადგების	1	1	1.9	mart-iaqob-up-dzma	RARE
მოლოდებითა	მოლოდებითა	1	1	1.9	mart-iaqob-up-dzma	RARE
შემოკრებულნი	შემოკრებულნი	1	1	1.9	mart-iaqob-up-dzma	RARE
სეუდგენ	სეუდგენ	1	1	1.9	mart-iaqob-up-dzma	RARE
შეგივრდებით	შეგივრდებით	1	1	1.9	mart-iaqob-up-dzma	RARE
გერჩიან	გერჩიან	1	1	1.9	mart-iaqob-up-dzma	RARE
თუალთ	თუალთ	1	1	1.9	mart-iaqob-up-dzma	RARE
ხუმით	ხუმით	1	1	1.9	mart-iaqob-up-dzma	RARE
ჰყოფ	ჰყოფ	1	1	1.9	mart-iaqob-up-dzma	RARE
დაარწმუნე	დაარწმუნე	1	1	1.9	mart-iaqob-up-dzma	RARE
სცთებოდიან	სცთებოდიან	1	1	1.9	mart-iaqob-up-dzma	RARE
გერჩით	გერჩით	1	1	1.9	mart-iaqob-up-dzma	RARE
აღჴედ	აღხედ	1	1	1.9	mart-iaqob-up-dzma	RARE
ტაძრისასა	ტაძრისასა	1	1	1.9	mart-iaqob-up-dzma	RARE
შჩნდე	შჩნდე	1	1	1.9	mart-iaqob-up-dzma	RARE
სიმრავრემან	სიმრავრემან	1	1	1.9	mart-iaqob-up-dzma	RARE
სცთების	სცთების	1	1	1.9	mart-iaqob-up-dzma	RARE
ცუმულისათჳს	ცუმულისათვს	1	1	1.9	mart-iaqob-up-dzma	RARE
ეწამებოდეს	ეწამებოდეს	1	1	1.9	mart-iaqob-up-dzma	RARE
ვქმენით	ვქმენით	1	1	1.9	mart-iaqob-up-dzma	RARE
აღვჴდეთ	აღვხდეთ	1	1	1.9	mart-iaqob-up-dzma	RARE
გარდამოვაგდოთ	გარდამოვაგდოთ	1	1	1.9	mart-iaqob-up-dzma	RARE
ჵჵ	ჵჵ	1	1	1.9	mart-iaqob-up-dzma	RARE
განმაძნებელ	განმაძნებელ	1	1	1.9	mart-iaqob-up-dzma	RARE
მათთასა	მათთასა	1	1	1.9	mart-iaqob-up-dzma	RARE
ჭამდენ	ჭამდენ	1	1	1.9	mart-iaqob-up-dzma	RARE
გარდამოაგდეს	გარდამოაგდეს	1	1	1.9	mart-iaqob-up-dzma	RARE
დაჰკრიბეთ	დაჰკრიბეთ	1	1	1.9	mart-iaqob-up-dzma	RARE
გარდავარდა	გარდავარდა	1	1	1.9	mart-iaqob-up-dzma	RARE
მიუტევე	მიუტევე	1	1	1.9	mart-iaqob-up-dzma	RARE
უწყიან	უწყიან	1	1	1.9	mart-iaqob-up-dzma	RARE
ქვსა	ქვსა	1	1	1.9	mart-iaqob-up-dzma	RARE
მღდელთაგანი	მღდელთაგანი	1	1	1.9	mart-iaqob-up-dzma	RARE
ძეთაგანი	ძეთაგანი	1	1	1.9	mart-iaqob-up-dzma	RARE
რექაბისთა	რექაბისთა	1	1	1.9	mart-iaqob-up-dzma	RARE
რექაბინისი	რექაბინისი	1	1	1.9	mart-iaqob-up-dzma	RARE
დასცხერით	დასცხერით	1	1	1.9	mart-iaqob-up-dzma	RARE
იქმთ	იქმთ	1	1	1.9	mart-iaqob-up-dzma	RARE
გარდაართხიან	გარდაართხიან	1	1	1.9	mart-iaqob-up-dzma	RARE
მართლისასა	მართლისასა	1	1	1.9	mart-iaqob-up-dzma	RARE
ჲესუსთჳს	იესუსთვს	1	1	1.9	mart-iaqob-up-dzma	RARE
სპასიონი	სპასიონი	1	1	1.9	mart-iaqob-up-dzma	RARE
მოიცვნა	მოიცვნა	1	1	1.9	mart-iaqob-up-dzma	RARE
განუცხადებდა	განუცხადებდა	1	1	1.9	mart-iaqob-up-dzma	RARE
იაკობისსა	იაკობისსა	1	1	1.9	mart-iaqob-up-dzma	RARE
ჰურიათაგანნიცა	ჰურიათაგანნიცა	1	1	1.9	mart-iaqob-up-dzma	RARE
მოიცვა	მოიცვა	1	1	1.9	mart-iaqob-up-dzma	RARE
ვესპასიონისა	ვესპასიონისა	1	1	1.9	mart-iaqob-up-dzma	RARE
მიყვნეს	მიყვნეს	1	1	1.9	mart-iaqob-up-dzma	RARE
წარმდებებით	წარმდებებით	1	1	1.9	mart-iaqob-up-dzma	RARE
დაწერად	დაწერად	1	1	1.9	mart-iaqob-up-dzma	RARE
ესევითარიმცა	ესევითარიმცა	1	1	1.9	mart-iaqob-up-dzma	RARE
შეემთხუევის	შეემთხუევის	1	1	1.9	mart-iaqob-up-dzma	RARE
ჲესუსი	იესუსი	1	1	1.9	mart-iaqob-up-dzma	RARE
იაკობისთჳს	იაკობისთვს	1	1	1.9	mart-iaqob-up-dzma	RARE
კათოლიკეთა	კათოლიკეთა	1	1	1.9	mart-iaqob-up-dzma	RARE
ებისტოლეთა	ებისტოლეთა	1	1	1.9	mart-iaqob-up-dzma	RARE
ებისკოპოს	ებისკოპოს	1	1	1.9	mart-iaqob-up-dzma	RARE
იერუსალემისათა	იერუსალემისათა	1	1	1.9	mart-iaqob-up-dzma	RARE
ამარხულ	დამარხულ	1	1	1.9	mrav-ioane-zosime	RARE
ნინო	ნინო	1	1	1.9	mrav-ioane-zosime	RARE
ჰჱლენე	ჰელენე	1	1	1.9	mrav-ioane-zosime	RARE
დანი	დანი	1	1	1.9	mrav-ioane-zosime	RARE
მათჱსსა	მათესსა	1	1	1.9	mrav-ioane-zosime	RARE
ასოჲ	ასოი	1	1	1.9	mrav-ioane-zosime	RARE
ანბანისაჲ	ანბანისაი	1	1	1.9	mrav-ioane-zosime	RARE
ჰეროდიადაჲსთჳს	ჰეროდიადაისთვს	1	1	1.9	mrav-john-baptist-decollatio-2	RARE
შეირთო	შეირთო	1	1	1.9	mrav-john-baptist-decollatio-2	RARE
ფილიპჱსი	ფილიპესი	1	1	1.9	mrav-john-baptist-decollatio-2	RARE
უსახურთაჲ	უსახურთაი	1	1	1.9	mrav-john-baptist-decollatio-2	RARE
ბორგნეულთაჲ	ბორგნეულთაი	1	1	1.9	mrav-john-baptist-decollatio-2	RARE
თარგმანოს	თარგმანოს	1	1	1.9	mrav-john-baptist-decollatio-2	RARE
ვიცნი	ვიცნი	1	1	1.9	mrav-john-baptist-decollatio-2	RARE
ლომიცა	ლომიცა	1	1	1.9	mrav-john-baptist-decollatio-2	RARE
ვეშაპიცა	ვეშაპიცა	1	1	1.9	mrav-john-baptist-decollatio-2	RARE
მწემვე	მწემვე	1	1	1.9	mrav-john-baptist-decollatio-2	RARE
საქმეთაგანღა	საქმეთაგანღა	1	1	1.9	mrav-john-baptist-decollatio-2	RARE
განვიცადნეთ	განვიცადნეთ	1	1	1.9	mrav-john-baptist-decollatio-2	RARE
ანიელს	დანიელს	1	1	1.9	mrav-john-baptist-decollatio-2	RARE
დაჰრიდეს	დაჰრიდეს	1	1	1.9	mrav-john-baptist-decollatio-2	RARE
ნაბუთე	ნაბუთე	1	1	1.9	mrav-john-baptist-decollatio-2	RARE
დალილმან	დალილმან	1	1	1.9	mrav-john-baptist-decollatio-2	RARE
ძწოდეს	ძწოდეს	1	1	1.9	mrav-john-baptist-decollatio-2	RARE
ეროდიადა	ეროდიადა	1	1	1.9	mrav-john-baptist-decollatio-2	RARE
გამოზარდეს	გამოზარდეს	1	1	1.9	mrav-john-baptist-decollatio-2	RARE
მონიჭების	მონიჭების	1	1	1.9	mrav-john-baptist-decollatio-2	RARE
შემამთხჳედ	შემამთხვედ	1	1	1.9	mrav-john-baptist-decollatio-2	RARE
შემძინედ	შემძინედ	1	1	1.9	mrav-john-baptist-decollatio-2	RARE
დავსთხინე	დავსთხინე	1	1	1.9	mrav-john-baptist-decollatio-2	RARE
მძორთაგანი	მძორთაგანი	1	1	1.9	mrav-john-baptist-decollatio-2	RARE
ადაღა	სადაღა	1	1	1.9	mrav-john-baptist-decollatio-2	RARE
გუელისაჲსა	გუელისაისა	1	1	1.9	mrav-john-baptist-decollatio-2	RARE
ჰურიას	ჰურიას	1	1	1.9	mrav-john-baptist-decollatio-2	RARE
აღუდგინნა	აღუდგინნა	1	1	1.9	mrav-john-baptist-decollatio-2	RARE
დააბრმო	დააბრმო	1	1	1.9	mrav-john-baptist-decollatio-2	RARE
მღდელისანი	მღდელისანი	1	1	1.9	mrav-john-baptist-decollatio-2	RARE
მოწყდებიან	მოწყდებიან	1	1	1.9	mrav-john-baptist-decollatio-2	RARE
იგინებიან	იგინებიან	1	1	1.9	mrav-john-baptist-decollatio-2	RARE
მოიკლვიან	მოიკლვიან	1	1	1.9	mrav-john-baptist-decollatio-2	RARE
მოძღუართაგან	მოძღუართაგან	1	1	1.9	mrav-john-baptist-decollatio-2	RARE
ჰრცხუენინ	ჰრცხუენინ	1	1	1.9	mrav-john-baptist-decollatio-2	RARE
შეიკდიმის	შეიკდიმის	1	1	1.9	mrav-john-baptist-decollatio-2	RARE
სიბოროტისაჲ	სიბოროტისაი	1	1	1.9	mrav-john-baptist-decollatio-2	RARE
ოჴერთაგან	ოხერთაგან	1	1	1.9	mrav-john-baptist-decollatio-2	RARE
ოჴერ	ოხერ	1	1	1.9	mrav-john-baptist-decollatio-2	RARE
აღუღებელი	აღუღებელი	1	1	1.9	mrav-john-baptist-decollatio-2	RARE
ასპიტნიცა	ასპიტნიცა	1	1	1.9	mrav-john-baptist-decollatio-2	RARE
დაიმწყემსებიან	დაიმწყემსებიან	1	1	1.9	mrav-john-baptist-decollatio-2	RARE
ვეფხნიცა	ვეფხნიცა	1	1	1.9	mrav-john-baptist-decollatio-2	RARE
ფუფუნებით	ფუფუნებით	1	1	1.9	mrav-john-baptist-decollatio-2	RARE
დამშჳდდიან	დამშვდდიან	1	1	1.9	mrav-john-baptist-decollatio-2	RARE
ლომნიცა	ლომნიცა	1	1	1.9	mrav-john-baptist-decollatio-2	RARE
ვიგრნიცა	ვიგრნიცა	1	1	1.9	mrav-john-baptist-decollatio-2	RARE
აგინებდე	აგინებდე	1	1	1.9	mrav-john-baptist-decollatio-2	RARE
აღგიბორგდეს	აღგიბორგდეს	1	1	1.9	mrav-john-baptist-decollatio-2	RARE
ექენებოდი	ექენებოდი	1	1	1.9	mrav-john-baptist-decollatio-2	RARE
აღზუავნეს	აღზუავნეს	1	1	1.9	mrav-john-baptist-decollatio-2	RARE
ესუას	ესუას	1	1	1.9	mrav-john-baptist-decollatio-2	RARE
დღით	დღით	1	1	1.9	mrav-john-baptist-decollatio-2	RARE
დაჰგუმერნ	დაჰგუმერნ	1	1	1.9	mrav-john-baptist-decollatio-2	RARE
აღმახჳს	აღმახვს	1	1	1.9	mrav-john-baptist-decollatio-2	RARE
ლალვითა	ლალვითა	1	1	1.9	mrav-john-baptist-decollatio-2	RARE
განკაფოს	განკაფოს	1	1	1.9	mrav-john-baptist-decollatio-2	RARE
აგინებნ	აგინებნ	1	1	1.9	mrav-john-baptist-decollatio-2	RARE
ჰკდემნ	ჰკდემნ	1	1	1.9	mrav-john-baptist-decollatio-2	RARE
შეუდგს	შეუდგს	1	1	1.9	mrav-john-baptist-decollatio-2	RARE
საშჯელისაჲ	საშჯელისაი	1	1	1.9	mrav-john-baptist-decollatio-2	RARE
ეკრძალების	ეკრძალების	1	1	1.9	mrav-john-baptist-decollatio-2	RARE
მზახობისა	მზახობისა	1	1	1.9	mrav-john-baptist-decollatio-2	RARE
შეურაცხიეს	შეურაცხიეს	1	1	1.9	mrav-john-baptist-decollatio-2	RARE
იობისი	იობისი	1	1	1.9	mrav-john-baptist-decollatio-2	RARE
შეიწყალა	შეიწყალა	1	1	1.9	mrav-john-baptist-decollatio-2	RARE
აღდუღებულთა	აღდუღებულთა	1	1	1.9	mrav-john-baptist-decollatio-2	RARE
ბრძუნთა	ბრძუნთა	1	1	1.9	mrav-john-baptist-decollatio-2	RARE
ნაკუერცხლითა	ნაკუერცხლითა	1	1	1.9	mrav-john-baptist-decollatio-2	RARE
შედრკა	შედრკა	1	1	1.9	mrav-john-baptist-decollatio-2	RARE
გამოიღებდა	გამოიღებდა	1	1	1.9	mrav-john-baptist-decollatio-2	RARE
შელბა	შელბა	1	1	1.9	mrav-john-baptist-decollatio-2	RARE
შარავანდედისაჲთა	შარავანდედისაითა	1	1	1.9	mrav-john-baptist-decollatio-2	RARE
სკორეთა	სკორეთა	1	1	1.9	mrav-john-baptist-decollatio-2	RARE
სალმობათაჲ	სალმობათაი	1	1	1.9	mrav-john-baptist-decollatio-2	RARE
მოგიგოა	მოგიგოა	1	1	1.9	mrav-john-baptist-decollatio-2	RARE
განკაფაა	განკაფაა	1	1	1.9	mrav-john-baptist-decollatio-2	RARE
ეყოა	ეყოა	1	1	1.9	mrav-john-baptist-decollatio-2	RARE
მოატყუებდი	მოატყუებდი	1	1	1.9	mrav-john-baptist-decollatio-2	RARE
დალილაჲ	დალილაი	1	1	1.9	mrav-john-baptist-decollatio-2	RARE
დაჰყვნა	დაჰყვნა	1	1	1.9	mrav-john-baptist-decollatio-2	RARE
თესლთასა	თესლთასა	1	1	1.9	mrav-john-baptist-decollatio-2	RARE
ჰლიქნიდა	ჰლიქნიდა	1	1	1.9	mrav-john-baptist-decollatio-2	RARE
ჰყუარობდა	ჰყუარობდა	1	1	1.9	mrav-john-baptist-decollatio-2	RARE
ცთუნებით	ცთუნებით	1	1	1.9	mrav-john-baptist-decollatio-2	RARE
დაჰფლვიდა	დაჰფლვიდა	1	1	1.9	mrav-john-baptist-decollatio-2	RARE
უმჴნის	უმხნის	1	1	1.9	mrav-john-baptist-decollatio-2	RARE
დააშთო	დააშთო	1	1	1.9	mrav-john-baptist-decollatio-2	RARE
სწყუროდა	სწყუროდა	1	1	1.9	mrav-john-baptist-decollatio-2	RARE
ნაკლულევანებითა	ნაკლულევანებითა	1	1	1.9	mrav-john-baptist-decollatio-2	RARE
წყლისაჲთა	წყლისაითა	1	1	1.9	mrav-john-baptist-decollatio-2	RARE
წყრა	წყრა	1	1	1.9	mrav-john-baptist-decollatio-2	RARE
ლხინებით	ლხინებით	1	1	1.9	mrav-john-baptist-decollatio-2	RARE
დაუდგა	დაუდგა	1	1	1.9	mrav-john-baptist-decollatio-2	RARE
კეთილობითა	კეთილობითა	1	1	1.9	mrav-john-baptist-decollatio-2	RARE
ქმრისაჲთა	ქმრისაითა	1	1	1.9	mrav-john-baptist-decollatio-2	RARE
გამოსტყუვა	გამოსტყუვა	1	1	1.9	mrav-john-baptist-decollatio-2	RARE
საბლითა	საბლითა	1	1	1.9	mrav-john-baptist-decollatio-2	RARE
ძალისაგან	ძალისაგან	1	1	1.9	mrav-john-baptist-decollatio-2	RARE
გამცნებს	გამცნებს	1	1	1.9	mrav-john-baptist-decollatio-2	RARE
მეუღლისათჳს	მეუღლისათვს	1	1	1.9	mrav-john-baptist-decollatio-2	RARE
იზრაჴის	იზრახის	1	1	1.9	mrav-john-baptist-decollatio-2	RARE
ძუმან	ძუმან	1	1	1.9	mrav-john-baptist-decollatio-2	RARE
გითხრა	გითხრა	1	1	1.9	mrav-john-baptist-decollatio	RARE
გამზადებაჲ	გამზადებაი	1	1	1.9	mrav-john-baptist-decollatio	RARE
მელისასა	მელისასა	1	1	1.9	mrav-john-baptist-decollatio	RARE
ლომისაჲ	ლომისაი	1	1	1.9	mrav-john-baptist-decollatio	RARE
მელისაჲ	მელისაი	1	1	1.9	mrav-john-baptist-decollatio	RARE
წარმოჴდეს	წარმოხდეს	1	1	1.9	mrav-john-baptist-decollatio	RARE
მროკვალნი	მროკვალნი	1	1	1.9	mrav-john-baptist-decollatio	RARE
უსაწყალობელჱს	უსაწყალობელეს	1	1	1.9	mrav-john-baptist-decollatio	RARE
სასუმურიცა	სასუმურიცა	1	1	1.9	mrav-john-baptist-decollatio	RARE
მეფეთაგანი	მეფეთაგანი	1	1	1.9	mrav-john-baptist-decollatio	RARE
წესსაცა	წესსაცა	1	1	1.9	mrav-john-baptist-decollatio	RARE
ფილიპჱს	ფილიპეს	1	1	1.9	mrav-john-baptist-decollatio	RARE
ეცოლა	ეცოლა	1	1	1.9	mrav-john-baptist-decollatio	RARE
დასაშჯელ	დასაშჯელ	1	1	1.9	mrav-john-baptist-decollatio	RARE
აღუდგინა	აღუდგინა	1	1	1.9	mrav-john-baptist-decollatio	RARE
უწესოებაჲცა	უწესოებაიცა	1	1	1.9	mrav-john-baptist-decollatio	RARE
დახოლოიჯერა	დახოლოიჯერა	1	1	1.9	mrav-john-baptist-decollatio	RARE
ჰმონა	ჰმონა	1	1	1.9	mrav-john-baptist-decollatio	RARE
ჰეროდია	ჰეროდია	1	1	1.9	mrav-john-baptist-decollatio	RARE
გულისთქუმით	გულისთქუმით	1	1	1.9	mrav-john-baptist-decollatio	RARE
წინაწარმეტყუელობნ	წინაწარმეტყუელობნ	1	1	1.9	mrav-john-baptist-decollatio	RARE
მოეცის	მოეცის	1	1	1.9	mrav-john-baptist-decollatio	RARE
იდვაღა	იდვაღა	1	1	1.9	mrav-john-baptist-decollatio	RARE
მოცელსა	მოცელსა	1	1	1.9	mrav-john-baptist-decollatio	RARE
ასოჲთა	ასოითა	1	1	1.9	mrav-john-baptist-decollatio	RARE
ჰსწადოდაცა	ჰსწადოდაცა	1	1	1.9	mrav-john-baptist-decollatio	RARE
მიჩუენენ	მიჩუენენ	1	1	1.9	mrav-john-baptist-decollatio	RARE
თჳსისათჳს	თვსისათვს	1	1	1.9	mrav-john-baptist-decollatio	RARE
ჰსწადოდა	ჰსწადოდა	1	1	1.9	mrav-john-baptist-decollatio	RARE
წინაწარმეტყელნი	წინაწარმეტყელნი	1	1	1.9	mrav-john-baptist-decollatio	RARE
იტყოდიან	იტყოდიან	1	1	1.9	mrav-john-baptist-decollatio	RARE
წინაწარმეტყუელებასაცა	წინაწარმეტყუელებასაცა	1	1	1.9	mrav-john-baptist-decollatio	RARE
განაცინებს	განაცინებს	1	1	1.9	mrav-john-baptist-decollatio	RARE
მოსპოლავს	მოსპოლავს	1	1	1.9	mrav-john-baptist-decollatio	RARE
თავსიდებდა	თავსიდებდა	1	1	1.9	mrav-john-baptist-decollatio	RARE
განცხადნების	განცხადნების	1	1	1.9	mrav-john-baptist-decollatio	RARE
აწავლებს	აწავლებს	1	1	1.9	mrav-john-baptist-decollatio	RARE
კეთილა	კეთილა	1	1	1.9	mrav-john-baptist-decollatio	RARE
აღდგაა	აღდგაა	1	1	1.9	mrav-john-baptist-decollatio	RARE
აკურთხაა	აკურთხაა	1	1	1.9	mrav-john-baptist-decollatio	RARE
შესაწირავ	შესაწირავ	1	1	1.9	mrav-john-baptist-decollatio	RARE
ჰრქუაა	ჰრქუაა	1	1	1.9	mrav-john-baptist-decollatio	RARE
უზორე	უზორე	1	1	1.9	mrav-john-baptist-decollatio	RARE
გონიერებისა	გონიერებისა	1	1	1.9	mrav-john-baptist-decollatio	RARE
გონიერების	გონიერების	1	1	1.9	mrav-john-baptist-decollatio	RARE
წინაწარმეტყუელებისასა	წინაწარმეტყუელებისასა	1	1	1.9	mrav-john-baptist-decollatio	RARE
მჭამელ	მჭამელ	1	1	1.9	mrav-john-baptist-decollatio	RARE
აიძულებს	აიძულებს	1	1	1.9	mrav-john-baptist-decollatio	RARE
აქლემისაჲ	აქლემისაი	1	1	1.9	mrav-john-baptist-decollatio	RARE
დაუდებს	დაუდებს	1	1	1.9	mrav-john-baptist-decollatio	RARE
ველურისაჲ	ველურისაი	1	1	1.9	mrav-john-baptist-decollatio	RARE
მბრძანებელსა	მბრძანებელსა	1	1	1.9	mrav-john-baptist-decollatio	RARE
აწუევს	აწუევს	1	1	1.9	mrav-john-baptist-decollatio	RARE
განუტევა	განუტევა	1	1	1.9	mrav-john-baptist-decollatio	RARE
ანრისხნა	განრისხნა	1	1	1.9	mrav-john-baptist-decollatio	RARE
სახითაცა	სახითაცა	1	1	1.9	mrav-john-baptist-decollatio	RARE
საძაგელებითა	საძაგელებითა	1	1	1.9	mrav-john-baptist-decollatio	RARE
შეაგდებენ	შეაგდებენ	1	1	1.9	mrav-john-baptist-decollatio	RARE
განიცადეს	განიცადეს	1	1	1.9	mrav-john-baptist-decollatio	RARE
უგუნურებისა	უგუნურებისა	1	1	1.9	mrav-john-baptist-decollatio	RARE
სწავე	ასწავე	1	1	1.9	mrav-john-baptist-decollatio	RARE
შეგიყუაროს	შეგიყუაროს	1	1	1.9	mrav-john-baptist-decollatio	RARE
მოგიძულოს	მოგიძულოს	1	1	1.9	mrav-john-baptist-decollatio	RARE
დააცადებდა	დააცადებდა	1	1	1.9	mrav-john-baptist-decollatio	RARE
უკეთურებისაჲ	უკეთურებისაი	1	1	1.9	mrav-john-baptist-decollatio	RARE
საპყრობილეს	საპყრობილეს	1	1	1.9	mrav-john-baptist-decollatio	RARE
სიმწარისაჲ	სიმწარისაი	1	1	1.9	mrav-john-baptist-decollatio	RARE
წინაწარმეტყელისაჲ	წინაწარმეტყელისაი	1	1	1.9	mrav-john-baptist-decollatio	RARE
ეროდიადაჲსი	ეროდიადაისი	1	1	1.9	mrav-john-baptist-decollatio	RARE
მახიობრებლ	მახიობრებლ	1	1	1.9	mrav-john-baptist-decollatio	RARE
ჭჳრობადცა	ჭვრობადცა	1	1	1.9	mrav-john-baptist-decollatio	RARE
ჯერიყო	ჯერიყო	1	1	1.9	mrav-john-baptist-decollatio	RARE
მამათაჲ	მამათაი	1	1	1.9	mrav-john-baptist-decollatio	RARE
ურცხჳნოჲსაჲ	ურცხვნოისაი	1	1	1.9	mrav-john-baptist-decollatio	RARE
აღსცხარდებოდეს	აღსცხარდებოდეს	1	1	1.9	mrav-john-baptist-decollatio	RARE
ძჳრისაჲ	ძვრისაი	1	1	1.9	mrav-john-baptist-decollatio	RARE
ჰრიდებდეს	ჰრიდებდეს	1	1	1.9	mrav-john-baptist-decollatio	RARE
სირცხჳლისაჲ	სირცხვლისაი	1	1	1.9	mrav-john-baptist-decollatio	RARE
თნდა	სთნდა	1	1	1.9	mrav-john-baptist-decollatio	RARE
მეინაჴეთაცა	მეინახეთაცა	1	1	1.9	mrav-john-baptist-decollatio	RARE
მისთანათაცა	მისთანათაცა	1	1	1.9	mrav-john-baptist-decollatio	RARE
დაამჴენ	დაამხენ	1	1	1.9	mrav-john-baptist-decollatio	RARE
პავლჱსგანცა	პავლესგანცა	1	1	1.9	mrav-john-baptist-decollatio	RARE
ისმის	ისმის	1	1	1.9	mrav-john-baptist-decollatio	RARE
წარმართთაცა	წარმართთაცა	1	1	1.9	mrav-john-baptist-decollatio	RARE
განლაღებულ	განლაღებულ	1	1	1.9	mrav-john-baptist-decollatio	RARE
იგლოვთ	იგლოვთ	1	1	1.9	mrav-john-baptist-decollatio	RARE
აქებთ	აქებთ	1	1	1.9	mrav-john-baptist-decollatio	RARE
სასყიდელსაცა	სასყიდელსაცა	1	1	1.9	mrav-john-baptist-decollatio	RARE
სიცხარისასა	სიცხარისასა	1	1	1.9	mrav-john-baptist-decollatio	RARE
ჰეროდეცა	ჰეროდეცა	1	1	1.9	mrav-john-baptist-decollatio	RARE
ეფიცების	ეფიცების	1	1	1.9	mrav-john-baptist-decollatio	RARE
მთხოვე	მთხოვე	1	1	1.9	mrav-john-baptist-decollatio	RARE
მეფობისა	მეფობისა	1	1	1.9	mrav-john-baptist-decollatio	RARE
ფუცავს	ფუცავს	1	1	1.9	mrav-john-baptist-decollatio	RARE
მიგცე	მიგცე	1	1	1.9	mrav-john-baptist-decollatio	RARE
დაიმცირებ	დაიმცირებ	1	1	1.9	mrav-john-baptist-decollatio	RARE
როკვისათჳს	როკვისათვს	1	1	1.9	mrav-john-baptist-decollatio	RARE
აღნათქუემისასა	აღნათქუემისასა	1	1	1.9	mrav-john-baptist-decollatio	RARE
მიჰყავს	მიჰყავს	1	1	1.9	mrav-john-baptist-decollatio	RARE
ზოგიცა	ზოგიცა	1	1	1.9	mrav-john-baptist-decollatio	RARE
შეგირაცხიესა	შეგირაცხიესა	1	1	1.9	mrav-john-baptist-decollatio	RARE
განგიცდესა	განგიცდესა	1	1	1.9	mrav-john-baptist-decollatio	RARE
როკვითა	როკვითა	1	1	1.9	mrav-john-baptist-decollatio	RARE
მკოდოვ	მკოდოვ	1	1	1.9	mrav-john-baptist-decollatio	RARE
თქუმის	თქუმის	1	1	1.9	mrav-john-baptist-decollatio	RARE
მოყუარეო	მოყუარეო	1	1	1.9	mrav-john-baptist-decollatio	RARE
სამეუფოჲსაჲ	სამეუფოისაი	1	1	1.9	mrav-john-baptist-decollatio	RARE
დასდევ	დასდევ	1	1	1.9	mrav-john-baptist-decollatio	RARE
მროკვალისათა	მროკვალისათა	1	1	1.9	mrav-john-baptist-decollatio	RARE
დაგაგდოს	დაგაგდოს	1	1	1.9	mrav-john-baptist-decollatio	RARE
მთხოვლად	მთხოვლად	1	1	1.9	mrav-john-baptist-decollatio	RARE
უჯეროჲსაჲ	უჯეროისაი	1	1	1.9	mrav-john-baptist-decollatio	RARE
მროკვალისაჲ	მროკვალისაი	1	1	1.9	mrav-john-baptist-decollatio	RARE
ნიჭისაჲ	ნიჭისაი	1	1	1.9	mrav-john-baptist-decollatio	RARE
მიღავიდა	მიღავიდა	1	1	1.9	mrav-john-baptist-decollatio	RARE
სთხოვა	სთხოვა	1	1	1.9	mrav-john-baptist-decollatio	RARE
ნათლისმცემელისაჲ	ნათლისმცემელისაი	1	1	1.9	mrav-john-baptist-decollatio	RARE
სტირ	სტირ	1	1	1.9	mrav-john-baptist-decollatio	RARE
ძწის	ძწის	1	1	1.9	mrav-john-baptist-decollatio	RARE
სძაგებს	სძაგებს	1	1	1.9	mrav-john-baptist-decollatio	RARE
ტყუვილსა	ტყუვილსა	1	1	1.9	mrav-john-baptist-decollatio	RARE
იკადრებს	იკადრებს	1	1	1.9	mrav-john-baptist-decollatio	RARE
კადრებ	იკადრებ	1	1	1.9	mrav-john-baptist-decollatio	RARE
ეტრფიალე	ეტრფიალე	1	1	1.9	mrav-john-baptist-decollatio	RARE
გძაგს	გძაგს	1	1	1.9	mrav-john-baptist-decollatio	RARE
საკიცხელ	საკიცხელ	1	1	1.9	mrav-john-baptist-decollatio	RARE
აღსარულსა	აღსარულსა	1	1	1.9	mrav-john-baptist-decollatio	RARE
მოჰკლავს	მოჰკლავს	1	1	1.9	mrav-john-baptist-decollatio	RARE
მოიძულოთ	მოიძულოთ	1	1	1.9	mrav-john-baptist-decollatio	RARE
შეწუხნა	შეწუხნა	1	1	1.9	mrav-john-baptist-decollatio	RARE
ჰბაძავს	ჰბაძავს	1	1	1.9	mrav-john-baptist-decollatio	RARE
პილატჱსსა	პილატესსა	1	1	1.9	mrav-john-baptist-decollatio	RARE
წინანდელ	წინანდელ	1	1	1.9	mrav-john-baptist-decollatio	RARE
დაიბანს	დაიბანს	1	1	1.9	mrav-john-baptist-decollatio	RARE
საშჯელისასა	საშჯელისასა	1	1	1.9	mrav-john-baptist-decollatio	RARE
შეჭუვნა	შეჭუვნა	1	1	1.9	mrav-john-baptist-decollatio	RARE
აიძულა	აიძულა	1	1	1.9	mrav-john-baptist-decollatio	RARE
შეჰპალავანდო	შეჰპალავანდო	1	1	1.9	mrav-john-baptist-decollatio	RARE
რწმუნებისა	რწმუნებისა	1	1	1.9	mrav-john-baptist-decollatio	RARE
მოჰკლა	მოჰკლა	1	1	1.9	mrav-john-baptist-decollatio	RARE
ფუცა	ფუცა	1	1	1.9	mrav-john-baptist-decollatio	RARE
შეიშინა	შეიშინა	1	1	1.9	mrav-john-baptist-decollatio	RARE
მსაჯულისათჳს	მსაჯულისათვს	1	1	1.9	mrav-john-baptist-decollatio	RARE
ლანკლითა	ლანკლითა	1	1	1.9	mrav-john-baptist-decollatio	RARE
უმწრჱს	უმწრეს	1	1	1.9	mrav-john-baptist-decollatio	RARE
ოხჭნისა	ოხჭნისა	1	1	1.9	mrav-john-baptist-decollatio	RARE
მოეკუეთების	მოეკუეთების	1	1	1.9	mrav-john-baptist-decollatio	RARE
აჰვალს	აჰვალს	1	1	1.9	mrav-john-baptist-decollatio	RARE
შეძრწუნდების	შეძრწუნდების	1	1	1.9	mrav-john-baptist-decollatio	RARE
მიიქცევის	მიიქცევის	1	1	1.9	mrav-john-baptist-decollatio	RARE
დაბღალვითა	დაბღალვითა	1	1	1.9	mrav-john-baptist-decollatio	RARE
დაიდების	დაიდების	1	1	1.9	mrav-john-baptist-decollatio	RARE
დაეგების	დაეგების	1	1	1.9	mrav-john-baptist-decollatio	RARE
საჭმლისათჳსცა	საჭმლისათვსცა	1	1	1.9	mrav-john-baptist-decollatio	RARE
მოკლვისათჳსცა	მოკლვისათვსცა	1	1	1.9	mrav-john-baptist-decollatio	RARE
ასვე	მასვე	1	1	1.9	mrav-john-baptist-decollatio	RARE
დასწუთებოდა	დასწუთებოდა	1	1	1.9	mrav-john-baptist-decollatio	RARE
შეიღეს	შეიღეს	1	1	1.9	mrav-john-baptist-decollatio	RARE
ცოლებად	ცოლებად	1	1	1.9	mrav-john-baptist-decollatio	RARE
მიართუა	მიართუა	1	1	1.9	mrav-john-baptist-decollatio	RARE
მროკვალისამან	მროკვალისამან	1	1	1.9	mrav-john-baptist-decollatio	RARE
სამოძღურებლად	სამოძღურებლად	1	1	1.9	mrav-john-baptist-decollatio	RARE
გამოვიკულიეთ	გამოვიკულიეთ	1	1	1.9	mrav-john-baptist-decollatio	RARE
ხილვის	ხილვის	1	1	1.9	mrav-john-baptist-decollatio	RARE
განვწმიდნე	განვწმიდნე	1	1	1.9	mrav-john-baptist-decollatio	RARE
მიქცევად	მიქცევად	1	1	1.9	mrav-john-baptist-decollatio	RARE
დავჰჴსნათ	დავჰხსნათ	1	1	1.9	mrav-john-baptist-decollatio	RARE
დაეყენებინ	დაეყენებინ	1	1	1.9	mrav-john-baptist-decollatio	RARE
მროკვალთაგან	მროკვალთაგან	1	1	1.9	mrav-john-baptist-decollatio	RARE
გარდავცვალოთ	გარდავცვალოთ	1	1	1.9	mrav-john-baptist-decollatio	RARE
საინაჴისაჲ	საინახისაი	1	1	1.9	mrav-john-baptist-decollatio	RARE
მძლავრისაჲ	მძლავრისაი	1	1	1.9	mrav-john-baptist-decollatio	RARE
სასუმურისაჲ	სასუმურისაი	1	1	1.9	mrav-john-baptist-decollatio	RARE
ვედრებოდა	ევედრებოდა	1	1	1.9	mrav-john-baptist-decollatio	RARE
იდგა	იდგა	1	1	1.9	mrav-john-baptist-decollatio	RARE
უწყოდაა	უწყოდაა	1	1	1.9	mrav-john-baptist-decollatio	RARE
მხდალისაჲ	მხდალისაი	1	1	1.9	mrav-john-baptist-decollatio	RARE
გრძელებით	გრძელებით	1	1	1.9	mrav-john-baptist-decollatio	RARE
იდებდა	იდებდა	1	1	1.9	mrav-john-baptist-decollatio	RARE
ინაჴედგა	ინახედგა	1	1	1.9	mrav-john-baptist-decollatio	RARE
შეეღო	შეეღო	1	1	1.9	mrav-john-baptist-decollatio	RARE
დაასხა	დაასხა	1	1	1.9	mrav-john-baptist-decollatio	RARE
წარჰჴოცდა	წარჰხოცდა	1	1	1.9	mrav-john-baptist-decollatio	RARE
უდგამს	უდგამს	1	1	1.9	mrav-john-baptist-decollatio	RARE
გეშურობს	გეშურობს	1	1	1.9	mrav-john-baptist-decollatio	RARE
ეშურობა	ეშურობა	1	1	1.9	mrav-john-baptist-decollatio	RARE
მეყსეულადმცა	მეყსეულადმცა	1	1	1.9	mrav-john-baptist-decollatio	RARE
ფარისევლისაჲ	ფარისევლისაი	1	1	1.9	mrav-john-baptist-decollatio	RARE
არცაღათუ	არცაღათუ	1	1	1.9	mrav-john-baptist-decollatio	RARE
შეოდენსძრავ	შეოდენსძრავ	1	1	1.9	mrav-john-baptist-decollatio	RARE
აღმოიკითხავს	აღმოიკითხავს	1	1	1.9	mrav-john-baptist-decollatio	RARE
აქცევ	აქცევ	1	1	1.9	mrav-john-baptist-decollatio	RARE
ჰპოვებს	ჰპოვებს	1	1	1.9	mrav-john-baptist-decollatio	RARE
ორთაჲ	ორთაი	1	1	1.9	mrav-john-baptist-decollatio	RARE
მოსესხეთაჲ	მოსესხეთაი	1	1	1.9	mrav-john-baptist-decollatio	RARE
წარმოიღო	წარმოიღო	1	1	1.9	mrav-john-baptist-decollatio	RARE
შეიყუაროს	შეიყუაროს	1	1	1.9	mrav-john-baptist-decollatio	RARE
გამოარჩევს	გამოარჩევს	1	1	1.9	mrav-john-baptist-decollatio	RARE
აყუედრებნ	აყუედრებნ	1	1	1.9	mrav-john-baptist-decollatio	RARE
ეტყჳნ	ეტყვნ	1	1	1.9	mrav-john-baptist-decollatio	RARE
თარგმანენ	თარგმანენ	1	1	1.9	mrav-john-baptist-decollatio	RARE
ეცინ	ეცინ	1	1	1.9	mrav-john-baptist-decollatio	RARE
განამართლოს	განამართლოს	1	1	1.9	mrav-john-baptist-decollatio	RARE
განმაცრუვებელ	განმაცრუვებელ	1	1	1.9	mrav-john-baptist-decollatio	RARE
ოიღეთ	მოიღეთ	1	1	1.9	mrav-john-baptist-decollatio	RARE
გამოვიკულიოთ	გამოვიკულიოთ	1	1	1.9	mrav-john-baptist-decollatio	RARE
ვჰბაძვიდეთცა	ვჰბაძვიდეთცა	1	1	1.9	mrav-john-baptist-decollatio	RARE
უსულოჲთა	უსულოითა	1	1	1.9	mrav-john-baptist-decollatio	RARE
სუნნელთა	სუნნელთა	1	1	1.9	mrav-john-baptist-decollatio	RARE
წყაროჲთა	წყაროითა	1	1	1.9	mrav-john-baptist-decollatio	RARE
ასოთაგან	ასოთაგან	1	1	1.9	mrav-john-baptist-decollatio	RARE
დაშრიტა	დაშრიტა	1	1	1.9	mrav-john-baptist-decollatio	RARE
მყრალ	მყრალ	1	1	1.9	mrav-john-baptist-decollatio	RARE
შეყროლდეს	შეყროლდეს	1	1	1.9	mrav-john-baptist-decollatio	RARE
დალპეს	დალპეს	1	1	1.9	mrav-john-baptist-decollatio	RARE
ცოდავს	ცოდავს	1	1	1.9	mrav-john-baptist-decollatio	RARE
შეინანის	შეინანის	1	1	1.9	mrav-john-baptist-decollatio	RARE
შეეზავებიან	შეეზავებიან	1	1	1.9	mrav-john-baptist-decollatio	RARE
შეეზაოს	შეეზაოს	1	1	1.9	mrav-john-baptist-decollatio	RARE
დამცაასხა	დამცაასხა	1	1	1.9	mrav-john-baptist-decollatio	RARE
იჭჳსათჳს	იჭვსათვს	1	1	1.9	mrav-john-baptist-decollatio	RARE
დასხმად	დასხმად	1	1	1.9	mrav-john-baptist-decollatio	RARE
წინამორბედისაჲ	წინამორბედისაი	1	1	1.9	mrav-john-baptist-decollatio	RARE
სიბოროტისაგან	სიბოროტისაგან	1	1	1.9	mrav-john-baptist-decollatio	RARE
დაეფლნენ	დაეფლნენ	1	1	1.9	mrav-john-baptist-decollatio	RARE
მკუდრეთითცა	მკუდრეთითცა	1	1	1.9	mrav-john-baptist-decollatio	RARE
უწესოებისა	უწესოებისა	1	1	1.9	mrav-john-baptist-decollatio	RARE
იოვანჱსნი	იოვანესნი	1	1	1.9	mrav-john-baptist-decollatio	RARE
განწყობილებითა	განწყობილებითა	1	1	1.9	mrav-kharbeba-1	RARE
აღფრინდების	აღფრინდების	1	1	1.9	mrav-kharbeba-1	RARE
მორჩილთაჲ	მორჩილთაი	1	1	1.9	mrav-kharbeba-1	RARE
შეერთებად	შეერთებად	1	1	1.9	mrav-kharbeba-1	RARE
მსახურებ	მსახურებ	1	1	1.9	mrav-kharbeba-1	RARE
ისა	ისა	1	1	1.9	mrav-kharbeba-1	RARE
ქუმულ	ქუმულ	1	1	1.9	mrav-kharbeba-1	RARE
იშუებდინ	იშუებდინ	1	1	1.9	mrav-kharbeba-1	RARE
მაღნარისანი	მაღნარისანი	1	1	1.9	mrav-kharbeba-1	RARE
გამომღებელად	გამომღებელად	1	1	1.9	mrav-kharbeba-1	RARE
სასმე	სასმე	1	1	1.9	mrav-kharbeba-1	RARE
ნე	ნე	1	1	1.9	mrav-kharbeba-1	RARE
აღბეჭდულთა	აღბეჭდულთა	1	1	1.9	mrav-kharbeba-1	RARE
მოგუეთხრობის	მოგუეთხრობის	1	1	1.9	mrav-kharbeba-1	RARE
უწოდო	უწოდო	1	1	1.9	mrav-kharbeba-1	RARE
თჳსისაი	თვსისაი	1	1	1.9	mrav-kharbeba-1	RARE
მეუფებდეს	მეუფებდეს	1	1	1.9	mrav-kharbeba-1	RARE
მისისად	მისისად	1	1	1.9	mrav-kharbeba-1	RARE
ვადგრეა	ვადგრეა	1	1	1.9	mrav-kharbeba-1	RARE
მიმეღოს	მიმეღოს	1	1	1.9	mrav-kharbeba-1	RARE
გარნაღა	გარნაღა	1	1	1.9	mrav-kharbeba-1	RARE
ბოროტთ	ბოროტთ	1	1	1.9	mrav-kharbeba-1	RARE
გულისსიტყუაჲ	გულისსიტყუაი	1	1	1.9	mrav-kharbeba-1	RARE
მზაკუვარმან	მზაკუვარმან	1	1	1.9	mrav-kharbeba-1	RARE
განზავა	განზავა	1	1	1.9	mrav-kharbeba-1	RARE
განიკურნების	განიკურნების	1	1	1.9	mrav-kharbeba-1	RARE
საუნჯეთაგან	საუნჯეთაგან	1	1	1.9	mrav-kharbeba-1	RARE
სანთელ	სანთელ	1	1	1.9	mrav-kharbeba-1	RARE
შეძრწუნებად	შეძრწუნებად	1	1	1.9	mrav-kharbeba-1	RARE
განსდევნო	განსდევნო	1	1	1.9	mrav-kharbeba-1	RARE
დამორჩილებად	დამორჩილებად	1	1	1.9	mrav-kharbeba-1	RARE
შესცილდეს	შესცილდეს	1	1	1.9	mrav-kharbeba-1	RARE
ისწავენ	ისწავენ	1	1	1.9	mrav-kharbeba-1	RARE
რსადა	რსადა	1	1	1.9	mrav-kharbeba-1	RARE
ღმრთისშემოსილთაჲ	ღმრთისშემოსილთაი	1	1	1.9	mrav-kharbeba-1	RARE
წარმართებულ	წარმართებულ	1	1	1.9	mrav-kharbeba-1	RARE
მფლობელ	მფლობელ	1	1	1.9	mrav-kharbeba-1	RARE
განათლდების	განათლდების	1	1	1.9	mrav-kharbeba-1	RARE
გამოვლენედ	გამოვლენედ	1	1	1.9	mrav-kharbeba-1	RARE
მიმადლე	მიმადლე	1	1	1.9	mrav-kharbeba-1	RARE
ბულო	ბულო	1	1	1.9	mrav-kharbeba-1	RARE
დაკრებულ	დაკრებულ	1	1	1.9	mrav-kharbeba-1	RARE
გუერდისაგან	გუერდისაგან	1	1	1.9	mrav-kharbeba-1	RARE
გამოიყვანა	გამოიყვანა	1	1	1.9	mrav-kharbeba-1	RARE
შევერთნეთ	შევერთნეთ	1	1	1.9	mrav-kharbeba-1	RARE
განანათლებ	განანათლებ	1	1	1.9	mrav-kharbeba-1	RARE
დაუთესველო	დაუთესველო	1	1	1.9	mrav-kharbeba-1	RARE
გონებით	გონებით	1	1	1.9	mrav-kharbeba-1	RARE
მიმსგავსებისათჳს	მიმსგავსებისათვს	1	1	1.9	mrav-kharbeba-1	RARE
აღვსებისათჳს	აღვსებისათვს	1	1	1.9	mrav-kharbeba-1	RARE
გამოვდა	გამოვდა	1	1	1.9	mrav-kharbeba-1	RARE
ელვისაგან	ელვისაგან	1	1	1.9	mrav-kharbeba-1	RARE
ზღჳსაგან	ზღვსაგან	1	1	1.9	mrav-kharbeba-1	RARE
შეუშფოთებელად	შეუშფოთებელად	1	1	1.9	mrav-kharbeba-1	RARE
უბიწოჲსაგან	უბიწოისაგან	1	1	1.9	mrav-kharbeba-1	RARE
ათაგანთა	ათაგანთა	1	1	1.9	mrav-kharbeba-1	RARE
ღრუბლისაჲთა	ღრუბლისაითა	1	1	1.9	mrav-kharbeba-1	RARE
აღვსებისა	აღვსებისა	1	1	1.9	mrav-kharbeba-1	RARE
აღმოცჱნებად	აღმოცენებად	1	1	1.9	mrav-kharbeba-1	RARE
მეცნიერებისაცა	მეცნიერებისაცა	1	1	1.9	mrav-kharbeba-1	RARE
თჳალითა	თვალითა	1	1	1.9	mrav-kharbeba-1	RARE
იხილნე	იხილნე	1	1	1.9	mrav-kharbeba-1	RARE
მაუწყებელისაჲ	მაუწყებელისაი	1	1	1.9	mrav-kharbeba-1	RARE
გითხრობ	გითხრობ	1	1	1.9	mrav-kharbeba-1	RARE
წარსწრობილთასა	წარსწრობილთასა	1	1	1.9	mrav-kharbeba-1	RARE
იჱსჱს	იესეს	1	1	1.9	mrav-kharbeba-1	RARE
მშობელსაცა	მშობელსაცა	1	1	1.9	mrav-kharbeba-1	RARE
გალილეაჲთ	გალილეაით	1	1	1.9	mrav-kharbeba-1	RARE
ჰურიასტანისა	ჰურიასტანისა	1	1	1.9	mrav-kharbeba-1	RARE
მარიამის	მარიამის	1	1	1.9	mrav-kharbeba-1	RARE
მისისანი	მისისანი	1	1	1.9	mrav-kharbeba-1	RARE
დაბადებულთაჲ	დაბადებულთაი	1	1	1.9	mrav-kharbeba-1	RARE
დიდებულს	დიდებულს	1	1	1.9	mrav-kharbeba-1	RARE
პირმეტყუელთაჲ	პირმეტყუელთაი	1	1	1.9	mrav-kharbeba-1	RARE
დაეგო	დაეგო	1	1	1.9	mrav-kharbeba-1	RARE
საზრდელისაჲ	საზრდელისაი	1	1	1.9	mrav-kharbeba-1	RARE
მისაღებელი	მისაღებელი	1	1	1.9	mrav-kharbeba-1	RARE
დაამყარა	დაამყარა	1	1	1.9	mrav-kharbeba-1	RARE
დედისათა	დედისათა	1	1	1.9	mrav-kharbeba-1	RARE
მოადგეს	მოადგეს	1	1	1.9	mrav-kharbeba-1	RARE
ახარებდეს	ახარებდეს	1	1	1.9	mrav-kharbeba-1	RARE
განისუენებდა	განისუენებდა	1	1	1.9	mrav-kharbeba-1	RARE
გალობათაჲ	გალობათაი	1	1	1.9	mrav-kharbeba-2	RARE
შეწირვად	შეწირვად	1	1	1.9	mrav-kharbeba-2	RARE
შეიცვა	შეიცვა	1	1	1.9	mrav-kharbeba-2	RARE
გახარებ	გახარებ	1	1	1.9	mrav-kharbeba-2	RARE
მაცხოვარებისასა	მაცხოვარებისასა	1	1	1.9	mrav-kharbeba-2	RARE
გუახარა	გუახარა	1	1	1.9	mrav-kharbeba-2	RARE
ჰმადლობდით	ჰმადლობდით	1	1	1.9	mrav-kharbeba-2	RARE
მოგუნიჭა	მოგუნიჭა	1	1	1.9	mrav-kharbeba-2	RARE
მისათჳსცა	ამისათვსცა	1	1	1.9	mrav-kharbeba-2	RARE
იძლიოს	იძლიოს	1	1	1.9	mrav-kharbeba-2	RARE
გუამისაჲთა	გუამისაითა	1	1	1.9	mrav-kharbeba-2	RARE
დავაკლო	დავაკლო	1	1	1.9	mrav-kharbeba-2	RARE
გამოვთქუა	გამოვთქუა	1	1	1.9	mrav-kharbeba-2	RARE
მოცვალებულ	მოცვალებულ	1	1	1.9	mrav-kharbeba-2	RARE
სათნოებით	სათნოებით	1	1	1.9	mrav-kharbeba-2	RARE
იქმ	იქმ	1	1	1.9	mrav-kharbeba-2	RARE
შეგირტყამს	შეგირტყამს	1	1	1.9	mrav-kharbeba-2	RARE
განეყოფის	განეყოფის	1	1	1.9	mrav-kharbeba-2	RARE
გონიერებისასა	გონიერებისასა	1	1	1.9	mrav-kharbeba-2	RARE
სიწმიდისასა	სიწმიდისასა	1	1	1.9	mrav-kharbeba-2	RARE
მოიკითხვიდა	მოიკითხვიდა	1	1	1.9	mrav-kharbeba-2	RARE
შესინდა	შესინდა	1	1	1.9	mrav-kharbeba-2	RARE
იმარხვიდა	იმარხვიდა	1	1	1.9	mrav-kharbeba-2	RARE
დაიცვეს	დაიცვეს	1	1	1.9	mrav-kharbeba-2	RARE
ჰმოსიენ	ჰმოსიენ	1	1	1.9	mrav-kharbeba-2	RARE
მწიკულევანებაჲ	მწიკულევანებაი	1	1	1.9	mrav-kharbeba-2	RARE
შეეხოს	შეეხოს	1	1	1.9	mrav-kharbeba-2	RARE
მახარებლისაჲ	მახარებლისაი	1	1	1.9	mrav-kharbeba-2	RARE
მტყუენველისაჲ	მტყუენველისაი	1	1	1.9	mrav-kharbeba-2	RARE
მოიკითხავს	მოიკითხავს	1	1	1.9	mrav-kharbeba-2	RARE
განუყოფელი	განუყოფელი	1	1	1.9	mrav-kharbeba-2	RARE
მოგოკითხვენ	მოგოკითხვენ	1	1	1.9	mrav-kharbeba-2	RARE
უფლებს	უფლებს	1	1	1.9	mrav-kharbeba-2	RARE
გამოგირჩია	გამოგირჩია	1	1	1.9	mrav-kharbeba-2	RARE
წმიდაჲცა	წმიდაიცა	1	1	1.9	mrav-kharbeba-2	RARE
უფ	უფ	1	1	1.9	mrav-kharbeba-2	RARE
როჲს	როის	1	1	1.9	mrav-kharbeba-2	RARE
მყინვრისაჲ	მყინვრისაი	1	1	1.9	mrav-kharbeba-2	RARE
საშინელისაჲ	საშინელისაი	1	1	1.9	mrav-kharbeba-2	RARE
საყდრისაჲ	საყდრისაი	1	1	1.9	mrav-kharbeba-2	RARE
საფირონისაჲ	საფირონისაი	1	1	1.9	mrav-kharbeba-2	RARE
ილიკტრიონისჲ	ილიკტრიონისი	1	1	1.9	mrav-kharbeba-2	RARE
ტჳრთვად	ტვრთვად	1	1	1.9	mrav-kharbeba-2	RARE
გედვა	გედვა	1	1	1.9	mrav-kharbeba-2	RARE
სატნოებითა	სატნოებითა	1	1	1.9	mrav-kharbeba-2	RARE
ომლითა	რომლითა	1	1	1.9	mrav-kharbeba-2	RARE
შევამკოთ	შევამკოთ	1	1	1.9	mrav-kharbeba-2	RARE
დანერგულ	დანერგულ	1	1	1.9	mrav-kharbeba-2	RARE
ფარვითა	ფარვითა	1	1	1.9	mrav-kharbeba-2	RARE
გჳწოდა	გვწოდა	1	1	1.9	mrav-kharbeba-2	RARE
მოგუანიჭებს	მოგუანიჭებს	1	1	1.9	mrav-kharbeba-2	RARE
უკუდვებისა	უკუდვებისა	1	1	1.9	mrav-kharbeba-2	RARE
აღმოეცა	აღმოეცა	1	1	1.9	mrav-kharbeba-2	RARE
უთქუამს	უთქუამს	1	1	1.9	mrav-kharbeba-2	RARE
განეშორნენ	განეშორნენ	1	1	1.9	mrav-kharbeba-2	RARE
დაიდგან	დაიდგან	1	1	1.9	mrav-kharbeba-2	RARE
მოიგეს	მოიგეს	1	1	1.9	mrav-kharbeba-2	RARE
მიიყვანნენ	მიიყვანნენ	1	1	1.9	mrav-kharbeba-2	RARE
თქმულისა	თქმულისა	1	1	1.9	mrav-kharbeba-2	RARE
ნეტარებისა	ნეტარებისა	1	1	1.9	mrav-kharbeba-2	RARE
მოიპოვონ	მოიპოვონ	1	1	1.9	mrav-kharbeba-2	RARE
შვილებისაჲ	შვილებისაი	1	1	1.9	mrav-kharbeba-2	RARE
მშობელისასა	მშობელისასა	1	1	1.9	mrav-kharbeba-2	RARE
დღესასწაულობდენ	დღესასწაულობდენ	1	1	1.9	mrav-kharbeba-2	RARE
დღესასწაულობად	დღესასწაულობად	1	1	1.9	mrav-kharbeba-2	RARE
დღესასწაულობდა	დღესასწაულობდა	1	1	1.9	mrav-kharbeba-2	RARE
ისრაელიცა	ისრაელიცა	1	1	1.9	mrav-kharbeba-2	RARE
უცომოჲთა	უცომოითა	1	1	1.9	mrav-kharbeba-2	RARE
მწუხარებად	მწუხარებად	1	1	1.9	mrav-kharbeba-2	RARE
ნაყოფთაგან	ნაყოფთაგან	1	1	1.9	mrav-kharbeba-2	RARE
სინანულისათა	სინანულისათა	1	1	1.9	mrav-kharbeba-2	RARE
შჯლსა	შჯლსა	1	1	1.9	mrav-kharbeba-2	RARE
მსახურებათაჲ	მსახურებათაი	1	1	1.9	mrav-kharbeba-2	RARE
სალმობითა	სალმობითა	1	1	1.9	mrav-kharbeba-2	RARE
დაცუეთისაჲთა	დაცუეთისაითა	1	1	1.9	mrav-kharbeba-2	RARE
აღსღსრულებადმდე	აღსღსრულებადმდე	1	1	1.9	mrav-kharbeba-2	RARE
მონიჭებულ	მონიჭებულ	1	1	1.9	mrav-kharbeba-2	RARE
უფროჲ	უფროი	1	1	1.9	mrav-kharbeba-2	RARE
მზისთუალნი	მზისთუალნი	1	1	1.9	mrav-kharbeba-2	RARE
აღმოგჳცჱნდების	აღმოგვცენდების	1	1	1.9	mrav-kharbeba-2	RARE
სიბრძნისაჲ	სიბრძნისაი	1	1	1.9	mrav-kharbeba-2	RARE
ბრკინვალედ	ბრკინვალედ	1	1	1.9	mrav-kharbeba-2	RARE
გამოადინებს	გამოადინებს	1	1	1.9	mrav-kharbeba-2	RARE
მსახურებისათა	მსახურებისათა	1	1	1.9	mrav-kharbeba-2	RARE
მეცნიერებისანი	მეცნიერებისანი	1	1	1.9	mrav-kharbeba-2	RARE
გამოიძიეთ	გამოიძიეთ	1	1	1.9	mrav-kharbeba-2	RARE
ელით	ელით	1	1	1.9	mrav-kharbeba-2	RARE
გამოეძიებენ	გამოეძიებენ	1	1	1.9	mrav-kharbeba-2	RARE
გამოეცხადების	გამოეცხადების	1	1	1.9	mrav-kharbeba-2	RARE
დაგჳფინა	დაგვფინა	1	1	1.9	mrav-kharbeba-2	RARE
გუზრახავს	გუზრახავს	1	1	1.9	mrav-kharbeba-2	RARE
იშუებს	იშუებს	1	1	1.9	mrav-kharbeba-2	RARE
გონიერსა	გონიერსა	1	1	1.9	mrav-kharbeba-2	RARE
განისუენებს	განისუენებს	1	1	1.9	mrav-kharbeba-2	RARE
უგალობთ	უგალობთ	1	1	1.9	mrav-kharbeba-2	RARE
გუეყოფის	გუეყოფის	1	1	1.9	mrav-kharbeba-2	RARE
მივიწინეთ	მივიწინეთ	1	1	1.9	mrav-kharbeba-2	RARE
აღმოიკითხვებოდის	აღმოიკითხვებოდის	1	1	1.9	mrav-kharbeba-2	RARE
მეტყუელებით	მეტყუელებით	1	1	1.9	mrav-kharbeba-2	RARE
გუახარებს	გუახარებს	1	1	1.9	mrav-kharbeba-2	RARE
განიშორა	განიშორა	1	1	1.9	mrav-kharbeba-2	RARE
ჰკურნებს	ჰკურნებს	1	1	1.9	mrav-kharbeba-2	RARE
მოყუარებისაჲთა	მოყუარებისაითა	1	1	1.9	mrav-kharbeba-2	RARE
შეეწევის	შეეწევის	1	1	1.9	mrav-kharbeba-2	RARE
განათავისუფლებს	განათავისუფლებს	1	1	1.9	mrav-kharbeba-2	RARE
განაცხოველებს	განაცხოველებს	1	1	1.9	mrav-kharbeba-2	RARE
ტყუეთა	ტყუეთა	1	1	1.9	mrav-kharbeba-2	RARE
გამოიჴსნის	გამოიხსნის	1	1	1.9	mrav-kharbeba-2	RARE
გონიერებისათჳს	გონიერებისათვს	1	1	1.9	mrav-kharbeba-2	RARE
ივაჭროს	ივაჭროს	1	1	1.9	mrav-kharbeba-2	RARE
საშუებლისასა	საშუებლისასა	1	1	1.9	mrav-kharbeba-2	RARE
იქცეოდის	იქცეოდის	1	1	1.9	mrav-kharbeba-2	RARE
სიკუდილისასა	სიკუდილისასა	1	1	1.9	mrav-kharbeba-2	RARE
დაკირთებულ	დაკირთებულ	1	1	1.9	mrav-kharbeba-2	RARE
ძიებით	ძიებით	1	1	1.9	mrav-kharbeba-2	RARE
მიეჴადებოდა	მიეხადებოდა	1	1	1.9	mrav-kharbeba-2	RARE
მოსჱსამდე	მოსესამდე	1	1	1.9	mrav-kharbeba-2	RARE
შექნა	შექნა	1	1	1.9	mrav-kharbeba-2	RARE
ნათესავითი	ნათესავითი	1	1	1.9	mrav-kharbeba-2	RARE
დააკლო	დააკლო	1	1	1.9	mrav-kharbeba-2	RARE
ეჩუენებოდა	ეჩუენებოდა	1	1	1.9	mrav-kharbeba-2	RARE
მსგავსებით	მსგავსებით	1	1	1.9	mrav-kharbeba-2	RARE
იღუწიდა	იღუწიდა	1	1	1.9	mrav-kharbeba-2	RARE
გჳჴსნნა	გვხსნნა	1	1	1.9	mrav-kharbeba-2	RARE
მოანიჭოს	მოანიჭოს	1	1	1.9	mrav-kharbeba-2	RARE
გარდაემატა	გარდაემატა	1	1	1.9	mrav-kharbeba-2	RARE
სახლისაგან	სახლისაგან	1	1	1.9	mrav-kharbeba-2	RARE
თუეთაჲ	თუეთაი	1	1	1.9	mrav-kharbeba-2	RARE
დღესასწაულობდით	დღესასწაულობდით	1	1	1.9	mrav-kharbeba-2	RARE
მეექუსედ	მეექუსედ	1	1	1.9	mrav-kharbeba-2	RARE
თუედ	თუედ	1	1	1.9	mrav-kharbeba-2	RARE
ზაქარიაჲს	ზაქარიაის	1	1	1.9	mrav-kharbeba-2	RARE
სამართლად	სამართლად	1	1	1.9	mrav-kharbeba-2	RARE
მითხოვილ	მითხოვილ	1	1	1.9	mrav-kharbeba-2	RARE
სათნოებათაცა	სათნოებათაცა	1	1	1.9	mrav-kharbeba-2	RARE
უწესედ	უწესედ	1	1	1.9	mrav-kharbeba-2	RARE
მიუთხრობედ	მიუთხრობედ	1	1	1.9	mrav-kharbeba-2	RARE
კეთუ	უკეთუ	1	1	1.9	mrav-kharbeba-2	RARE
პყრობად	პყრობად	1	1	1.9	mrav-kharbeba-2	RARE
დაიმარხონ	დაიმარხონ	1	1	1.9	mrav-kharbeba-2	RARE
ელისაბედისა	ელისაბედისა	1	1	1.9	mrav-kharbeba-2	RARE
ელისაბეთს	ელისაბეთს	1	1	1.9	mrav-kharbeba-2	RARE
ელისაბე	ელისაბე	1	1	1.9	mrav-kharbeba-2	RARE
დაუსრულებელისაგან	დაუსრულებელისაგან	1	1	1.9	mrav-kharbeba-2	RARE
გამოუცჱნა	გამოუცენა	1	1	1.9	mrav-kharbeba-2	RARE
ყრმისათა	ყრმისათა	1	1	1.9	mrav-kharbeba-2	RARE
დაბმულთა	დაბმულთა	1	1	1.9	mrav-kharbeba-2	RARE
ღირდა	ღირდა	1	1	1.9	mrav-kharbeba-2	RARE
კურთხეუ	კურთხეუ	1	1	1.9	mrav-kharbeba-2	RARE
ექმენ	ექმენ	1	1	1.9	mrav-kharbeba-2	RARE
განახლებისა	განახლებისა	1	1	1.9	mrav-kharbeba-2	RARE
შესლვისაჲ	შესლვისაი	1	1	1.9	mrav-kharbeba-2	RARE
მოგუმადლე	მოგუმადლე	1	1	1.9	mrav-kharbeba-2	RARE
განსდევნე	განსდევნე	1	1	1.9	mrav-kharbeba-2	RARE
იყუედრებოდის	იყუედრებოდის	1	1	1.9	mrav-kharbeba-2	RARE
ევაჲსთა	ევაისთა	1	1	1.9	mrav-kharbeba-2	RARE
დამნერგველი	დამნერგველი	1	1	1.9	mrav-kharbeba-2	RARE
ბერწისათა	ბერწისათა	1	1	1.9	mrav-kharbeba-2	RARE
აღმოთქუნა	აღმოთქუნა	1	1	1.9	mrav-kharbeba-2	RARE
მადლობისაჲ	მადლობისაი	1	1	1.9	mrav-kharbeba-2	RARE
ჟამთასა	ჟამთასა	1	1	1.9	mrav-kharbeba-2	RARE
გამოთქუნა	გამოთქუნა	1	1	1.9	mrav-kharbeba-2	RARE
ნატესავსა	ნატესავსა	1	1	1.9	mrav-kharbeba-2	RARE
მთავრისაცა	მთავრისაცა	1	1	1.9	mrav-kharbeba-2	RARE
გარდაჰმატა	გარდაჰმატა	1	1	1.9	mrav-kharbeba-2	RARE
აღმასრულებელ	აღმასრულებელ	1	1	1.9	mrav-kharbeba-2	RARE
წინაწარმეტყუელებისა	წინაწარმეტყუელებისა	1	1	1.9	mrav-kharbeba-2	RARE
მიყო	მიყო	1	1	1.9	mrav-kharbeba-2	RARE
თესლადმდე	თესლადმდე	1	1	1.9	mrav-kharbeba-2	RARE
დამმარხა	დამმარხა	1	1	1.9	mrav-kharbeba-2	RARE
მუცლისაგან	მუცლისაგან	1	1	1.9	mrav-kharbeba-2	RARE
სიწმიდედ	სიწმიდედ	1	1	1.9	mrav-kharbeba-2	RARE
განაბნინნა	განაბნინნა	1	1	1.9	mrav-kharbeba-2	RARE
ამპარტავან	ამპარტავან	1	1	1.9	mrav-kharbeba-2	RARE
მაღლისა	მაღლისა	1	1	1.9	mrav-kharbeba-2	RARE
ჯოჯოხეთამდე	ჯოჯოხეთამდე	1	1	1.9	mrav-kharbeba-2	RARE
შთაჰჴდე	შთაჰხდე	1	1	1.9	mrav-kharbeba-2	RARE
წარმართთაგან	წარმართთაგან	1	1	1.9	mrav-kharbeba-2	RARE
განჰმზადა	განჰმზადა	1	1	1.9	mrav-kharbeba-2	RARE
საყდართაგან	საყდართაგან	1	1	1.9	mrav-kharbeba-2	RARE
სხჳთა	სხვთა	1	1	1.9	mrav-kharbeba-2	RARE
განმდიდრებულ	განმდიდრებულ	1	1	1.9	mrav-kharbeba-2	RARE
უშჯულოდ	უშჯულოდ	1	1	1.9	mrav-kharbeba-2	RARE
იჴმევდეს	იხმევდეს	1	1	1.9	mrav-kharbeba-2	RARE
წინაწარმეტყუელებათაგან	წინაწარმეტყუელებათაგან	1	1	1.9	mrav-kharbeba-2	RARE
მღდელობათაგან	მღდელობათაგან	1	1	1.9	mrav-kharbeba-2	RARE
დებისაგან	დებისაგან	1	1	1.9	mrav-kharbeba-2	RARE
მოძღურებისაგან	მოძღურებისაგან	1	1	1.9	mrav-kharbeba-2	RARE
სიმდიდრისაგნ	სიმდიდრისაგნ	1	1	1.9	mrav-kharbeba-2	RARE
მსხუერპლთაგან	მსხუერპლთაგან	1	1	1.9	mrav-kharbeba-2	RARE
სიმრავლისაგან	სიმრავლისაგან	1	1	1.9	mrav-kharbeba-2	RARE
დღესასწაულთაჲსა	დღესასწაულთაისა	1	1	1.9	mrav-kharbeba-2	RARE
სიშუველნი	სიშუველნი	1	1	1.9	mrav-kharbeba-2	RARE
ტყუედ	ტყუედ	1	1	1.9	mrav-kharbeba-2	RARE
განივლინნეს	განივლინნეს	1	1	1.9	mrav-kharbeba-2	RARE
წარმართთაგანნი	წარმართთაგანნი	1	1	1.9	mrav-kharbeba-2	RARE
ამაღლდეს	ამაღლდეს	1	1	1.9	mrav-kharbeba-2	RARE
სიგლახაკეს	სიგლახაკეს	1	1	1.9	mrav-kharbeba-2	RARE
საიდუმლოთაგან	საიდუმლოთაგან	1	1	1.9	mrav-kharbeba-2	RARE
მისცვალა	მისცვალა	1	1	1.9	mrav-kharbeba-2	RARE
ეეწია	შეეწია	1	1	1.9	mrav-kharbeba-2	RARE
აზნაუირებასა	აზნაუირებასა	1	1	1.9	mrav-kharbeba-2	RARE
მოპსენებად	მოპსენებად	1	1	1.9	mrav-kharbeba-2	RARE
მოდრიკნა	მოდრიკნა	1	1	1.9	mrav-kharbeba-2	RARE
გამოგუეცხადა	გამოგუეცხადა	1	1	1.9	mrav-kharbeba-2	RARE
განხილვად	განხილვად	1	1	1.9	mrav-kharbeba-2	RARE
ზრახვათა	ზრახვათა	1	1	1.9	mrav-kharbeba-2	RARE
თჳსისამდე	თვსისამდე	1	1	1.9	mrav-kharbeba-2	RARE
აბრაჰამის	აბრაჰამის	1	1	1.9	mrav-kharbeba-2	RARE
კეისრისამან	კეისრისამან	1	1	1.9	mrav-kharbeba-2	RARE
ბეთლემდ	ბეთლემდ	1	1	1.9	mrav-kharbeba-2	RARE
აღმოსლვაჲ	აღმოსლვაი	1	1	1.9	mrav-kharbeba-2	RARE
აწჳა	აწვა	1	1	1.9	mrav-kharbeba-2	RARE
სამეუფოსავე	სამეუფოსავე	1	1	1.9	mrav-kharbeba-2	RARE
აგასა	ააგასა	1	1	1.9	mrav-kharbeba-2	RARE
მიიწვინა	მიიწვინა	1	1	1.9	mrav-kharbeba-2	RARE
პორველ	პორველ	1	1	1.9	mrav-kharbeba-2	RARE
უნათებდა	უნათებდა	1	1	1.9	mrav-kharbeba-2	RARE
მოართვეს	მოართვეს	1	1	1.9	mrav-kharbeba-2	RARE
დაემარხნეს	დაემარხნეს	1	1	1.9	mrav-kharbeba-2	RARE
ენდა	შენდა	1	1	1.9	mrav-kharbeba-2	RARE
შესწირავს	შესწირავს	1	1	1.9	mrav-kharbeba-2	RARE
საყდრად	საყდრად	1	1	1.9	mrav-kharbeba-2	RARE
გამოუბრწყინდები	გამოუბრწყინდები	1	1	1.9	mrav-kharbeba-2	RARE
გაქუნდა	გაქუნდა	1	1	1.9	mrav-kharbeba-2	RARE
სრულისა	სრულისა	1	1	1.9	mrav-kharbeba-2	RARE
ვცრემლოოდი	ვცრემლოოდი	1	1	1.9	mrav-kharbeba-3	RARE
ვიხილი	ვიხილი	1	1	1.9	mrav-kharbeba-3	RARE
განვახლდი	განვახლდი	1	1	1.9	mrav-kharbeba-3	RARE
უხილაო	უხილაო	1	1	1.9	mrav-kharbeba-3	RARE
შეიმოსენ	შეიმოსენ	1	1	1.9	mrav-kharbeba-3	RARE
მიდაო	წმიდაო	1	1	1.9	mrav-kharbeba-3	RARE
უხილავისაჲთა	უხილავისაითა	1	1	1.9	mrav-kharbeba-3	RARE
გიღაღადებთ	გიღაღადებთ	1	1	1.9	mrav-kharbeba-3	RARE
გხადით	გხადით	1	1	1.9	mrav-kharbeba-3	RARE
შეიხჳე	შეიხვე	1	1	1.9	mrav-kharbeba-3	RARE
მიიწვინე	მიიწვინე	1	1	1.9	mrav-kharbeba-3	RARE
იზარდებოდე	იზარდებოდე	1	1	1.9	mrav-kharbeba-3	RARE
მეცნიერებისაჲ	მეცნიერებისაი	1	1	1.9	mrav-kharbeba-3	RARE
აღმოუტეოთ	აღმოუტეოთ	1	1	1.9	mrav-kharbeba-3	RARE
მადლისაჲსა	მადლისაისა	1	1	1.9	mrav-kharbeba-3	RARE
უგალობს	უგალობს	1	1	1.9	mrav-kharbeba-3	RARE
სახიერებისა	სახიერებისა	1	1	1.9	mrav-kharbeba-3	RARE
ერნო	ერნო	1	1	1.9	mrav-kharbeba-3	RARE
ბევრეულთაგან	ბევრეულთაგან	1	1	1.9	mrav-kharbeba-3	RARE
წყო	იწყო	1	1	1.9	mrav-kharbeba-3	RARE
განკაცებისაჲ	განკაცებისაი	1	1	1.9	mrav-kharbeba-3	RARE
აღიყვანოს	აღიყვანოს	1	1	1.9	mrav-kharbeba-3	RARE
გუაგნეს	გუაგნეს	1	1	1.9	mrav-kharbeba-3	RARE
მყვნეს	მყვნეს	1	1	1.9	mrav-kharbeba-3	RARE
დედაკაცისათა	დედაკაცისათა	1	1	1.9	mrav-kharbeba-3	RARE
გჳწოდოს	გვწოდოს	1	1	1.9	mrav-kharbeba-3	RARE
გამოგჳრჩინეს	გამოგვრჩინეს	1	1	1.9	mrav-kharbeba-3	RARE
განჴრწნილი	განხრწნილი	1	1	1.9	mrav-kharbeba-3	RARE
მომცემელ	მომცემელ	1	1	1.9	mrav-kharbeba-3	RARE
მოანიჭებს	მოანიჭებს	1	1	1.9	mrav-kharbeba-3	RARE
გულისათა	გულისათა	1	1	1.9	mrav-kharbeba-3	RARE
გამომადინებელისაგან	გამომადინებელისაგან	1	1	1.9	mrav-kharbeba-3	RARE
განძღებიან	განძღებიან	1	1	1.9	mrav-kharbeba-3	RARE
რომლისთჳსცა	რომლისთვსცა	1	1	1.9	mrav-kharbeba-3	RARE
საცხოვრებელად	საცხოვრებელად	1	1	1.9	mrav-kharbeba-3	RARE
ღირსებისა	ღირსებისა	1	1	1.9	mrav-kharbeba-3	RARE
განეყოფვის	განეყოფვის	1	1	1.9	mrav-kharbeba-3	RARE
აღმოეცემის	აღმოეცემის	1	1	1.9	mrav-kharbeba-3	RARE
შესხრტულსა	შესხრტულსა	1	1	1.9	mrav-kharbeba-3	RARE
მოგუეახლა	მოგუეახლა	1	1	1.9	mrav-kharbeba-3	RARE
ფესოვანთაგან	ფესოვანთაგან	1	1	1.9	mrav-kharbeba-3	RARE
დღესასწაულთ	დღესასწაულთ	1	1	1.9	mrav-kharbeba-3	RARE
აუბერებელთაგან	დაუბერებელთაგან	1	1	1.9	mrav-kharbeba-3	RARE
სამოთხეთაგან	სამოთხეთაგან	1	1	1.9	mrav-kharbeba-3	RARE
მოვისთულნეთ	მოვისთულნეთ	1	1	1.9	mrav-kharbeba-3	RARE
შემკობად	შემკობად	1	1	1.9	mrav-kharbeba-3	RARE
უკ	უკ	1	1	1.9	mrav-kharbeba-3	RARE
დავებისასა	დავებისასა	1	1	1.9	mrav-kharbeba-3	RARE
აღმოიყვანოს	აღმოიყვანოს	1	1	1.9	mrav-kharbeba-3	RARE
ვიშუებთ	ვიშუებთ	1	1	1.9	mrav-kharbeba-3	RARE
მოსტულებად	მოსტულებად	1	1	1.9	mrav-kharbeba-3	RARE
სუკნელებისაჲთა	სუკნელებისაითა	1	1	1.9	mrav-kharbeba-3	RARE
მადლისათა	მადლისათა	1	1	1.9	mrav-kharbeba-3	RARE
შთავიცუათ	შთავიცუათ	1	1	1.9	mrav-kharbeba-3	RARE
მოვიბლარდნოთ	მოვიბლარდნოთ	1	1	1.9	mrav-kharbeba-3	RARE
დავიმარხოთ	დავიმარხოთ	1	1	1.9	mrav-kharbeba-3	RARE
თანამყოფი	თანამყოფი	1	1	1.9	mrav-kharbeba-3	RARE
ძოვენ	ძოვენ	1	1	1.9	mrav-kharbeba-3	RARE
მივისწრაფოთ	მივისწრაფოთ	1	1	1.9	mrav-kharbeba-3	RARE
განგუანათლა	განგუანათლა	1	1	1.9	mrav-kharbeba-3	RARE
დასაწუველთაჲ	დასაწუველთაი	1	1	1.9	mrav-kharbeba-3	RARE
გარდამეტებულისა	გარდამეტებულისა	1	1	1.9	mrav-kharbeba-3	RARE
ალაბასტრისაჲ	ალაბასტრისაი	1	1	1.9	mrav-kharbeba-3	RARE
შესლვითა	შესლვითა	1	1	1.9	mrav-kharbeba-3	RARE
გამოსლვითა	გამოსლვითა	1	1	1.9	mrav-kharbeba-3	RARE
განანათლა	განანათლა	1	1	1.9	mrav-kharbeba-3	RARE
გუემული	გუემული	1	1	1.9	mrav-kharbeba-3	RARE
აღჰმართა	აღჰმართა	1	1	1.9	mrav-kharbeba-3	RARE
გამოუთქუმელთაგან	გამოუთქუმელთაგან	1	1	1.9	mrav-kharbeba-3	RARE
უქადაგა	უქადაგა	1	1	1.9	mrav-kharbeba-3	RARE
თჳსისაგან	თვსისაგან	1	1	1.9	mrav-kharbeba-3	RARE
განქარდების	განქარდების	1	1	1.9	mrav-kharbeba-3	RARE
სარას	სარას	1	1	1.9	mrav-kharbeba-3	RARE
მიდგომილობისათჳს	მიდგომილობისათვს	1	1	1.9	mrav-kharbeba-3	RARE
იცინოდა	იცინოდა	1	1	1.9	mrav-kharbeba-3	RARE
რებეკა	რებეკა	1	1	1.9	mrav-kharbeba-3	RARE
თჳსისატა	თვსისატა	1	1	1.9	mrav-kharbeba-3	RARE
ასუმიდა	ასუმიდა	1	1	1.9	mrav-kharbeba-3	RARE
განცხოველებულითა	განცხოველებულითა	1	1	1.9	mrav-kharbeba-3	RARE
საფასეთაგან	საფასეთაგან	1	1	1.9	mrav-kharbeba-3	RARE
უწყოდი	უწყოდი	1	1	1.9	mrav-kharbeba-3	RARE
მომძღუნებელი	მომძღუნებელი	1	1	1.9	mrav-kharbeba-3	RARE
დაუჴსნა	დაუხსნა	1	1	1.9	mrav-kharbeba-3	RARE
განუკუთნე	განუკუთნე	1	1	1.9	mrav-kharbeba-3	RARE
განცემად	განცემად	1	1	1.9	mrav-kharbeba-3	RARE
განამტკიცებდა	განამტკიცებდა	1	1	1.9	mrav-kharbeba-3	RARE
ბუნებისათა	ბუნებისათა	1	1	1.9	mrav-kharbeba-3	RARE
დამონებად	დამონებად	1	1	1.9	mrav-kharbeba-3	RARE
ბრწყინვალებისაგან	ბრწყინვალებისაგან	1	1	1.9	mrav-kharbeba-3	RARE
სწავენ	ისწავენ	1	1	1.9	mrav-kharbeba-3	RARE
ანგელოზთაგანცა	ანგელოზთაგანცა	1	1	1.9	mrav-kharbeba-3	RARE
კრებულთაგანი	კრებულთაგანი	1	1	1.9	mrav-kharbeba-3	RARE
შემოსილთაჲ	შემოსილთაი	1	1	1.9	mrav-kharbeba-3	RARE
განიზრახავ	განიზრახავ	1	1	1.9	mrav-kharbeba-3	RARE
ქალწულისგან	ქალწულისგან	1	1	1.9	mrav-kharbeba-3	RARE
გამომეტყუელებისა	გამომეტყუელებისა	1	1	1.9	mrav-kharbeba-3	RARE
ელვარედ	ელვარედ	1	1	1.9	mrav-kharbeba-3	RARE
გამობრწყინდებიან	გამობრწყინდებიან	1	1	1.9	mrav-kharbeba-3	RARE
დამაკჳრვებს	დამაკვრვებს	1	1	1.9	mrav-kharbeba-3	RARE
ეევითარითა	ეევითარითა	1	1	1.9	mrav-kharbeba-3	RARE
ოველთაგან	ყოველთაგან	1	1	1.9	mrav-kharbeba-3	RARE
მისისაჲცა	მისისაიცა	1	1	1.9	mrav-kharbeba-3	RARE
უღაღადა	უღაღადა	1	1	1.9	mrav-kharbeba-3	RARE
სავანედ	სავანედ	1	1	1.9	mrav-kharbeba-3	RARE
ანგელოზისასა	ანგელოზისასა	1	1	1.9	mrav-kharbeba-3	RARE
შეუდგინოთ	შეუდგინოთ	1	1	1.9	mrav-kharbeba-3	RARE
ვღაღატ	ვღაღატ	1	1	1.9	mrav-kharbeba-3	RARE
ყოთ	ყოთ	1	1	1.9	mrav-kharbeba-3	RARE
ყოველთამან	ყოველთამან	1	1	1.9	mrav-kharbeba-3	RARE
ქუეყანისაგანი	ქუეყანისაგანი	1	1	1.9	mrav-kharbeba-3	RARE
უჴრწნილებისა	უხრწნილებისა	1	1	1.9	mrav-kharbeba-3	RARE
მტერისაჲ	მტერისაი	1	1	1.9	mrav-kharbeba-3	RARE
ზაკუვისა	ზაკუვისა	1	1	1.9	mrav-kharbeba-3	RARE
შემუსრა	შემუსრა	1	1	1.9	mrav-kharbeba-3	RARE
ღებისაჲთა	ღებისაითა	1	1	1.9	mrav-kharbeba-3	RARE
წარხჳდე	წარხვდე	1	1	1.9	mrav-kharbeba-3	RARE
განმბანა	განმბანა	1	1	1.9	mrav-kharbeba-3	RARE
ვტირ	ვტირ	1	1	1.9	mrav-kharbeba-3	RARE
ვიგლოვ	ვიგლოვ	1	1	1.9	mrav-kharbeba-3	RARE
მივიქცე	მივიქცე	1	1	1.9	mrav-kharbeba-3	RARE
გლახაკებად	გლახაკებად	1	1	1.9	mrav-kharbeba-3	RARE
განმესხა	განმესხა	1	1	1.9	mrav-kharbeba-3	RARE
აღმოგიცჱნებდეს	აღმოგიცენებდეს	1	1	1.9	mrav-kharbeba-3	RARE
აღმოიფხურა	აღმოიფხურა	1	1	1.9	mrav-kharbeba-3	RARE
აღმოჴუარდა	აღმოხუარდა	1	1	1.9	mrav-kharbeba-3	RARE
აღყუავდა	აღყუავდა	1	1	1.9	mrav-kharbeba-3	RARE
ყუედრებისაგან	ყუედრებისაგან	1	1	1.9	mrav-kharbeba-3	RARE
მეყავნ	მეყავნ	1	1	1.9	mrav-kharbeba-3	RARE
იტყჳთა	სიტყვთა	1	1	1.9	mrav-kharbeba-3	RARE
ნელსაცხებლითა	ნელსაცხებლითა	1	1	1.9	mrav-kharbeba-3	RARE
მიდითა	წმიდითა	1	1	1.9	mrav-kharbeba-3	RARE
ვპოოთ	ვპოოთ	1	1	1.9	mrav-kharbeba-3	RARE
უკუდავებისანი	უკუდავებისანი	1	1	1.9	mrav-kharbeba-3	RARE
უჴრწნელებისაგან	უხრწნელებისაგან	1	1	1.9	mrav-kharbeba-3	RARE
შეიტყუვა	შეიტყუვა	1	1	1.9	mrav-kharbeba-3	RARE
შემოიღო	შემოიღო	1	1	1.9	mrav-kharbeba-3	RARE
აღმოგჳცჱნა	აღმოგვცენა	1	1	1.9	mrav-kharbeba-3	RARE
დებულითა	დებულითა	1	1	1.9	mrav-kharbeba-3	RARE
მინებს	მინებს	1	1	1.9	mrav-kharbeba-3	RARE
სწავლის	სწავლის	1	1	1.9	mrav-kharbeba-3	RARE
მოგუემსგავსების	მოგუემსგავსების	1	1	1.9	mrav-kharbeba-3	RARE
სიგლახაკესა	სიგლახაკესა	1	1	1.9	mrav-kharbeba-3	RARE
შეურაცხებისასა	შეურაცხებისასა	1	1	1.9	mrav-kharbeba-3	RARE
დაფარვითა	დაფარვითა	1	1	1.9	mrav-kharbeba-3	RARE
იშჱნა	იშენა	1	1	1.9	mrav-kharbeba-3	RARE
საშუმინველისაჲთა	საშუმინველისაითა	1	1	1.9	mrav-kharbeba-3	RARE
გამოეცხადოს	გამოეცხადოს	1	1	1.9	mrav-kharbeba-3	RARE
შეიერთა	შეიერთა	1	1	1.9	mrav-kharbeba-3	RARE
ანგელოზისაჲთა	ანგელოზისაითა	1	1	1.9	mrav-kharbeba-3	RARE
მოიზღუდვოდა	მოიზღუდვოდა	1	1	1.9	mrav-kharbeba-3	RARE
უსწორებელსა	უსწორებელსა	1	1	1.9	mrav-kharbeba-3	RARE
სიმდაბლესა	სიმდაბლესა	1	1	1.9	mrav-kharbeba-3	RARE
გამოიკულევდა	გამოიკულევდა	1	1	1.9	mrav-kharbeba-3	RARE
გულისაჲცა	გულისაიცა	1	1	1.9	mrav-kharbeba-3	RARE
გუაცხოვნებს	გუაცხოვნებს	1	1	1.9	mrav-kharbeba-3	RARE
უგამოცდილებისა	უგამოცდილებისა	1	1	1.9	mrav-kharbeba-3	RARE
მოიგოს	მოიგოს	1	1	1.9	mrav-kharbeba-3	RARE
იგალობთ	გიგალობთ	1	1	1.9	mrav-kharbeba-3	RARE
მორწმუნესა	მორწმუნესა	1	1	1.9	mrav-kharbeba-3	RARE
დავსთესოთ	დავსთესოთ	1	1	1.9	mrav-kharbeba-3	RARE
მიუწდომელ	მიუწდომელ	1	1	1.9	mrav-kharbeba-3	RARE
უცვალებელ	უცვალებელ	1	1	1.9	mrav-kharbeba-3	RARE
ნასობ	ნასობ	1	1	1.9	mrav-kharbeba-3	RARE
საფასესა	საფასესა	1	1	1.9	mrav-kharbeba-3	RARE
შეიტყბობდა	შეიტყბობდა	1	1	1.9	mrav-kharbeba-3	RARE
მთავარანგელოზისასა	მთავარანგელოზისასა	1	1	1.9	mrav-kharbeba-3	RARE
მაცხოვარებისაჲ	მაცხოვარებისაი	1	1	1.9	mrav-kharbeba-3	RARE
მოძღურებისანი	მოძღურებისანი	1	1	1.9	mrav-kharbeba-3	RARE
კურთხევისათა	კურთხევისათა	1	1	1.9	mrav-kharbeba-3	RARE
გამოგჳცჱნებენ	გამოგვცენებენ	1	1	1.9	mrav-kharbeba-3	RARE
სიწმიდემან	სიწმიდემან	1	1	1.9	mrav-kharbeba-3	RARE
ძლიერებისანი	ძლიერებისანი	1	1	1.9	mrav-kharbeba-3	RARE
სიხარულისათა	სიხარულისათა	1	1	1.9	mrav-kharbeba-3	RARE
აღმოგუეკითხვის	აღმოგუეკითხვის	1	1	1.9	mrav-lazare	RARE
დაცალიერდების	დაცალიერდების	1	1	1.9	mrav-lazare	RARE
აღივსების	აღივსების	1	1	1.9	mrav-lazare	RARE
სამკუდროჲთ	სამკუდროით	1	1	1.9	mrav-lazare	RARE
გამოსრულ	გამოსრულ	1	1	1.9	mrav-lazare	RARE
უზის	უზის	1	1	1.9	mrav-lazare	RARE
უპატიოსნეღაა	უპატიოსნეღაა	1	1	1.9	mrav-lazare	RARE
მამაკაცობისა	მამაკაცობისა	1	1	1.9	mrav-lazare	RARE
ხატისაგან	ხატისაგან	1	1	1.9	mrav-lazare	RARE
ემსგავსების	ემსგავსების	1	1	1.9	mrav-lazare	RARE
უღირს	უღირს	1	1	1.9	mrav-lazare	RARE
ქმრისაჲ	ქმრისაი	1	1	1.9	mrav-lazare	RARE
შეთქუმისა	შეთქუმისა	1	1	1.9	mrav-lazare	RARE
შეთქუმულებისა	შეთქუმულებისა	1	1	1.9	mrav-lazare	RARE
გამოიჴსნა	გამოიხსნა	1	1	1.9	mrav-lazare	RARE
ერთგულებისა	ერთგულებისა	1	1	1.9	mrav-lazare	RARE
ცხონდებისვე	ცხონდებისვე	1	1	1.9	mrav-lazare	RARE
კაენი	კაენი	1	1	1.9	mrav-lazare	RARE
გამოსწერს	გამოსწერს	1	1	1.9	mrav-lazare	RARE
გჳჩუენებს	გვჩუენებს	1	1	1.9	mrav-lazare	RARE
ჰმსახურებდა	ჰმსახურებდა	1	1	1.9	mrav-lazare	RARE
სარწმუნოჲ	სარწმუნოი	1	1	1.9	mrav-lazare	RARE
სცხო	სცხო	1	1	1.9	mrav-lazare	RARE
წარჰჴოცნა	წარჰხოცნა	1	1	1.9	mrav-lazare	RARE
ნელსაცხებლისაჲთა	ნელსაცხებლისაითა	1	1	1.9	mrav-lazare	RARE
გამოსწერდა	გამოსწერდა	1	1	1.9	mrav-lazare	RARE
დედათაგანნი	დედათაგანნი	1	1	1.9	mrav-lazare	RARE
დააცადნა	დააცადნა	1	1	1.9	mrav-lazare	RARE
ბოროტთაგან	ბოროტთაგან	1	1	1.9	mrav-lazare	RARE
ლიტრისა	ლიტრისა	1	1	1.9	mrav-lazare	RARE
მოისწრაფე	მოისწრაფე	1	1	1.9	mrav-lazare	RARE
ცხებად	ცხებად	1	1	1.9	mrav-lazare	RARE
თმათა	თმათა	1	1	1.9	mrav-lazare	RARE
განიჴსნიდ	განიხსნიდ	1	1	1.9	mrav-lazare	RARE
თანაშეითხზავ	თანაშეითხზავ	1	1	1.9	mrav-lazare	RARE
დაჲ	დაი	1	1	1.9	mrav-lazare	RARE
ლაზარჱსი	ლაზარესი	1	1	1.9	mrav-lazare	RARE
მოიკითხეთ	მოიკითხეთ	1	1	1.9	mrav-lazare	RARE
ეროდიაჲსსა	ეროდიაისსა	1	1	1.9	mrav-lazare	RARE
განსთქუამთ	განსთქუამთ	1	1	1.9	mrav-lazare	RARE
შესაკრებელისათჳს	შესაკრებელისათვს	1	1	1.9	mrav-lazare	RARE
სცხეს	სცხეს	1	1	1.9	mrav-lazare	RARE
წინააღმდგომად	წინააღმდგომად	1	1	1.9	mrav-lazare	RARE
ისწრაფდეს	ისწრაფდეს	1	1	1.9	mrav-lazare	RARE
აღადგინოს	აღადგინოს	1	1	1.9	mrav-lazare	RARE
დააცალიერებდეს	დააცალიერებდეს	1	1	1.9	mrav-lazare	RARE
ჰურიათამან	ჰურიათამან	1	1	1.9	mrav-lazare	RARE
მოკრბა	მოკრბა	1	1	1.9	mrav-lazare	RARE
მოწყუიდნეს	მოწყუიდნეს	1	1	1.9	mrav-lazare	RARE
უფლისაცა	უფლისაცა	1	1	1.9	mrav-lazare	RARE
სისხლისათა	სისხლისათა	1	1	1.9	mrav-lazare	RARE
ავაზაკებისათა	ავაზაკებისათა	1	1	1.9	mrav-lazare	RARE
მოსწყუიდენ	მოსწყუიდენ	1	1	1.9	mrav-lazare	RARE
დაჰკრიბე	დაჰკრიბე	1	1	1.9	mrav-lazare	RARE
ჰკლვიდე	ჰკლვიდე	1	1	1.9	mrav-lazare	RARE
მოიქცე	მოიქცე	1	1	1.9	mrav-lazare	RARE
თრავს	გთრავს	1	1	1.9	mrav-lazare	RARE
ისწავო	ისწავო	1	1	1.9	mrav-lazare	RARE
განსაკჳრვებელ	განსაკვრვებელ	1	1	1.9	mrav-lazare	RARE
იაკობისთა	იაკობისთა	1	1	1.9	mrav-lazare	RARE
ისრაელისათა	ისრაელისათა	1	1	1.9	mrav-lazare	RARE
გძაღუს	გძაღუს	1	1	1.9	mrav-lazare	RARE
გარდააქცევთ	გარდააქცევთ	1	1	1.9	mrav-lazare	RARE
აშჱნებთ	აშენებთ	1	1	1.9	mrav-lazare	RARE
უმშჯავროებითა	უმშჯავროებითა	1	1	1.9	mrav-lazare	RARE
განიპყრნეთ	განიპყრნეთ	1	1	1.9	mrav-lazare	RARE
მივიქციო	მივიქციო	1	1	1.9	mrav-lazare	RARE
განამრავლოთ	განამრავლოთ	1	1	1.9	mrav-lazare	RARE
ვისმინო	ვისმინო	1	1	1.9	mrav-lazare	RARE
წარმოდგა	წარმოდგა	1	1	1.9	mrav-lazare	RARE
ბეთანია	ბეთანია	1	1	1.9	mrav-lazare	RARE
მშჳდობისად	მშვდობისად	1	1	1.9	mrav-lazare	RARE
სათნოვებაჲ	სათნოვებაი	1	1	1.9	mrav-lazare	RARE
უფლებით	უფლებით	1	1	1.9	mrav-lazare	RARE
წარდგმითა	წარდგმითა	1	1	1.9	mrav-lazare	RARE
განვამტკიებდეთ	განვამტკიებდეთ	1	1	1.9	mrav-lazare	RARE
უშემკულჱს	უშემკულეს	1	1	1.9	mrav-lazare	RARE
მოვიღებდეთ	მოვიღებდეთ	1	1	1.9	mrav-lazare	RARE
ბობღნითა	ბობღნითა	1	1	1.9	mrav-lazare	RARE
ტყუელვითა	ტყუელვითა	1	1	1.9	mrav-lazare	RARE
მცენარისაგან	მცენარისაგან	1	1	1.9	mrav-lazare	RARE
რტოებისა	რტოებისა	1	1	1.9	mrav-lazare	RARE
სამეუფეოსა	სამეუფეოსა	1	1	1.9	mrav-lazare	RARE
მოსულსა	მოსულსა	1	1	1.9	mrav-lazare	RARE
ესაჲა	ესაია	1	1	1.9	mrav-lazare	RARE
დამპალთაჲცა	დამპალთაიცა	1	1	1.9	mrav-lazare	RARE
განსრულთა	განსრულთა	1	1	1.9	mrav-lazare	RARE
შეასხმენ	შეასხმენ	1	1	1.9	mrav-lazare	RARE
შეასმენენ	შეასმენენ	1	1	1.9	mrav-lazare	RARE
გამორბის	გამორბის	1	1	1.9	mrav-lazare	RARE
სარეფთას	სარეფთას	1	1	1.9	mrav-lazare	RARE
მოძღურისათჳს	მოძღურისათვს	1	1	1.9	mrav-lazare	RARE
ვწამებთ	ვწამებთ	1	1	1.9	mrav-lazare	RARE
ლაზარჱსისა	ლაზარესისა	1	1	1.9	mrav-lazare	RARE
ეწამები	ეწამები	1	1	1.9	mrav-lazare	RARE
გუასწავებთ	გუასწავებთ	1	1	1.9	mrav-lazare	RARE
მონებისასა	მონებისასა	1	1	1.9	mrav-lazare	RARE
ღმრთებისაჲ	ღმრთებისაი	1	1	1.9	mrav-lazare	RARE
ჴელმწიფებისაჲ	ხელმწიფებისაი	1	1	1.9	mrav-lazare	RARE
მყოფელად	მყოფელად	1	1	1.9	mrav-lazare	RARE
ელიაჲსზე	ელიაისზე	1	1	1.9	mrav-lazare	RARE
სარეფთელისა	სარეფთელისა	1	1	1.9	mrav-lazare	RARE
მოკლებითა	მოკლებითა	1	1	1.9	mrav-lazare	RARE
ურვისათჳს	ურვისათვს	1	1	1.9	mrav-lazare	RARE
ელიაჲსისა	ელიაისისა	1	1	1.9	mrav-lazare	RARE
მოდრეკისათჳს	მოდრეკისათვს	1	1	1.9	mrav-lazare	RARE
გულისაჲსა	გულისაისა	1	1	1.9	mrav-lazare	RARE
შეწყალებისათჳს	შეწყალებისათვს	1	1	1.9	mrav-lazare	RARE
რისხნა	რისხნა	1	1	1.9	mrav-lazare	RARE
აქაბისა	აქაბისა	1	1	1.9	mrav-lazare	RARE
იეზაბელისა	იეზაბელისა	1	1	1.9	mrav-lazare	RARE
პირისაგანვე	პირისაგანვე	1	1	1.9	mrav-lazare	RARE
ასრულებს	ასრულებს	1	1	1.9	mrav-lazare	RARE
შეკრნა	შეკრნა	1	1	1.9	mrav-lazare	RARE
ღრუბელნი	ღრუბელნი	1	1	1.9	mrav-lazare	RARE
სიმდიდრეთაგან	სიმდიდრეთაგან	1	1	1.9	mrav-lazare	RARE
წჳმათაჲსა	წვმათაისა	1	1	1.9	mrav-lazare	RARE
განჴსნად	განხსნად	1	1	1.9	mrav-lazare	RARE
შეპყრობილებისა	შეპყრობილებისა	1	1	1.9	mrav-lazare	RARE
შესძინებდა	შესძინებდა	1	1	1.9	mrav-lazare	RARE
განფიცხებად	განფიცხებად	1	1	1.9	mrav-lazare	RARE
სიფიცხლისათჳს	სიფიცხლისათვს	1	1	1.9	mrav-lazare	RARE
უწუიმროებისა	უწუიმროებისა	1	1	1.9	mrav-lazare	RARE
შეურვებად	შეურვებად	1	1	1.9	mrav-lazare	RARE
ელოდა	ელოდა	1	1	1.9	mrav-lazare	RARE
აქაბისი	აქაბისი	1	1	1.9	mrav-lazare	RARE
განიზრახავს	განიზრახავს	1	1	1.9	mrav-lazare	RARE
მონისათჳს	მონისათვს	1	1	1.9	mrav-lazare	RARE
საგინებელისა	საგინებელისა	1	1	1.9	mrav-lazare	RARE
მოიყვანოს	მოიყვანოს	1	1	1.9	mrav-lazare	RARE
მოწყალებად	მოწყალებად	1	1	1.9	mrav-lazare	RARE
ტრედისაგან	ტრედისაგან	1	1	1.9	mrav-lazare	RARE
მანანჲთა	მანანითა	1	1	1.9	mrav-lazare	RARE
დანიელისებრ	დანიელისებრ	1	1	1.9	mrav-lazare	RARE
იეზაბელისგან	იეზაბელისგან	1	1	1.9	mrav-lazare	RARE
მიიძინა	მიიძინა	1	1	1.9	mrav-lazare	RARE
უგუმირა	უგუმირა	1	1	1.9	mrav-lazare	RARE
შეკრთომითა	შეკრთომითა	1	1	1.9	mrav-lazare	RARE
გუერდისაჲთა	გუერდისაითა	1	1	1.9	mrav-lazare	RARE
ივლტოდის	ივლტოდის	1	1	1.9	mrav-lazare	RARE
ჭამე	ჭამე	1	1	1.9	mrav-lazare	RARE
სუ	სუ	1	1	1.9	mrav-lazare	RARE
სუა	სუა	1	1	1.9	mrav-lazare	RARE
საზრდელისაჲთა	საზრდელისაითა	1	1	1.9	mrav-lazare	RARE
ჴევისაგან	ხევისაგან	1	1	1.9	mrav-lazare	RARE
აქაცამცა	აქაცამცა	1	1	1.9	mrav-lazare	RARE
ეცა	ეცა	1	1	1.9	mrav-lazare	RARE
დაუგო	დაუგო	1	1	1.9	mrav-lazare	RARE
მოდრიკა	მოდრიკა	1	1	1.9	mrav-lazare	RARE
ეჰგვანდა	შეჰგვანდა	1	1	1.9	mrav-lazare	RARE
უვრდა	უვრდა	1	1	1.9	mrav-lazare	RARE
შესრულ	შესრულ	1	1	1.9	mrav-lazare	RARE
წარმომიდგინება	წარმომიდგინება	1	1	1.9	mrav-lazare	RARE
ნოვეს	ნოვეს	1	1	1.9	mrav-lazare	RARE
დამიგება	დამიგება	1	1	1.9	mrav-lazare	RARE
ითხოვოს	ითხოვოს	1	1	1.9	mrav-lazare	RARE
იტყუი	იტყუი	1	1	1.9	mrav-lazare	RARE
გყოფ	გყოფ	1	1	1.9	mrav-lazare	RARE
მრღუიესა	მრღუიესა	1	1	1.9	mrav-lazare	RARE
უტევე	უტევე	1	1	1.9	mrav-lazare	RARE
განაჴმე	განახმე	1	1	1.9	mrav-lazare	RARE
გიყოფია	გიყოფია	1	1	1.9	mrav-lazare	RARE
თავსიდევ	თავსიდევ	1	1	1.9	mrav-lazare	RARE
ყორნისაჲ	ყორნისაი	1	1	1.9	mrav-lazare	RARE
მდელოჲ	მდელოი	1	1	1.9	mrav-lazare	RARE
მკუდრისაჲვე	მკუდრისაივე	1	1	1.9	mrav-lazare	RARE
ურწყულებისაგან	ურწყულებისაგან	1	1	1.9	mrav-lazare	RARE
საჭმლისა	საჭმლისა	1	1	1.9	mrav-lazare	RARE
განაჴმო	განახმო	1	1	1.9	mrav-lazare	RARE
ჴევიცა	ხევიცა	1	1	1.9	mrav-lazare	RARE
ჴორციცა	ხორციცა	1	1	1.9	mrav-lazare	RARE
აცხრვო	აცხრვო	1	1	1.9	mrav-lazare	RARE
სარეფთად	სარეფთად	1	1	1.9	mrav-lazare	RARE
სიდონიაჲსა	სიდონიაისა	1	1	1.9	mrav-lazare	RARE
მთავართასა	მთავართასა	1	1	1.9	mrav-lazare	RARE
სიფიცხლესავე	სიფიცხლესავე	1	1	1.9	mrav-lazare	RARE
ვევედრო	ვევედრო	1	1	1.9	mrav-lazare	RARE
ურწყულობითა	ურწყულობითა	1	1	1.9	mrav-lazare	RARE
ისტუმრა	ისტუმრა	1	1	1.9	mrav-lazare	RARE
ქურივისასა	ქურივისასა	1	1	1.9	mrav-lazare	RARE
ცხებისაჲ	ცხებისაი	1	1	1.9	mrav-lazare	RARE
საზეთესა	საზეთესა	1	1	1.9	mrav-lazare	RARE
საფქვილესა	საფქვილესა	1	1	1.9	mrav-lazare	RARE
განეხარა	განეხარა	1	1	1.9	mrav-lazare	RARE
დავადგრე	დავადგრე	1	1	1.9	mrav-lazare	RARE
აქაბისსა	აქაბისსა	1	1	1.9	mrav-lazare	RARE
აქუნდინ	აქუნდინ	1	1	1.9	mrav-lazare	RARE
მოუჴდის	მოუხდის	1	1	1.9	mrav-lazare	RARE
ურვაჲცა	ურვაიცა	1	1	1.9	mrav-lazare	RARE
ოიჴსენეთ	მოიხსენეთ	1	1	1.9	mrav-lazare	RARE
მოუკუდა	მოუკუდა	1	1	1.9	mrav-lazare	RARE
შემიწყალე	შემიწყალე	1	1	1.9	mrav-lazare	RARE
შეაურვებდა	შეაურვებდა	1	1	1.9	mrav-lazare	RARE
მომაჴსენენ	მომახსენენ	1	1	1.9	mrav-lazare	RARE
მოაკუდინე	მოაკუდინე	1	1	1.9	mrav-lazare	RARE
შეიპყრობს	შეიპყრობს	1	1	1.9	mrav-lazare	RARE
მასწავე	მასწავე	1	1	1.9	mrav-lazare	RARE
ივლტოდი	ივლტოდი	1	1	1.9	mrav-lazare	RARE
იჩუენები	იჩუენები	1	1	1.9	mrav-lazare	RARE
მიცნობიეს	მიცნობიეს	1	1	1.9	mrav-lazare	RARE
მიმავლინება	მიმავლინება	1	1	1.9	mrav-lazare	RARE
რომლისაგანცა	რომლისაგანცა	1	1	1.9	mrav-lazare	RARE
შეურდები	შეურდები	1	1	1.9	mrav-lazare	RARE
დაუთმობ	დაუთმობ	1	1	1.9	mrav-lazare	RARE
მიბრძანე	მიბრძანე	1	1	1.9	mrav-lazare	RARE
შეუპყრიე	შეუპყრიე	1	1	1.9	mrav-lazare	RARE
მართალა	მართალა	1	1	1.9	mrav-lazare	RARE
შეპყრობისა	შეპყრობისა	1	1	1.9	mrav-lazare	RARE
აღუდგინე	აღუდგინე	1	1	1.9	mrav-lazare	RARE
შევძრა	შევძრა	1	1	1.9	mrav-lazare	RARE
წჳმისათჳს	წვმისათვს	1	1	1.9	mrav-lazare	RARE
ლაზარჱსთა	ლაზარესთა	1	1	1.9	mrav-lazare	RARE
წარმოვთქუ	წარმოვთქუ	1	1	1.9	mrav-lazare	RARE
მოგაჴსენე	მოგახსენე	1	1	1.9	mrav-lazare	RARE
იურვოდა	იურვოდა	1	1	1.9	mrav-lazare	RARE
იწროებასაცა	იწროებასაცა	1	1	1.9	mrav-lazare	RARE
ლოცვით	ლოცვით	1	1	1.9	mrav-lazare	RARE
ურვაცა	ურვაცა	1	1	1.9	mrav-lazare	RARE
საიდუმლოჲსასა	საიდუმლოისასა	1	1	1.9	mrav-lazare	RARE
მოიქეცინ	მოიქეცინ	1	1	1.9	mrav-lazare	RARE
ყრმისაჲ	ყრმისაი	1	1	1.9	mrav-lazare	RARE
მოდრკების	მოდრკების	1	1	1.9	mrav-lazare	RARE
განამრავლაა	განამრავლაა	1	1	1.9	mrav-lazare	RARE
გამოსულასა	გამოსულასა	1	1	1.9	mrav-lazare	RARE
განაღჳძებს	განაღვძებს	1	1	1.9	mrav-lazare	RARE
მძინარეთა	მძინარეთა	1	1	1.9	mrav-lazare	RARE
უტეოთ	უტეოთ	1	1	1.9	mrav-lazare	RARE
შთამოვიდეს	შთამოვიდეს	1	1	1.9	mrav-lazare	RARE
შემუსრნეს	შემუსრნეს	1	1	1.9	mrav-lazare	RARE
განიყვანნეს	განიყვანნეს	1	1	1.9	mrav-lazare	RARE
დაუმზადეს	დაუმზადეს	1	1	1.9	mrav-lazare	RARE
გჳღირს	გვღირს	1	1	1.9	mrav-lazare	RARE
მოვიჴსენნეთ	მოვიხსენნეთ	1	1	1.9	mrav-lazare	RARE
შემდგომსაცა	შემდგომსაცა	1	1	1.9	mrav-lazare	RARE
პირველთავე	პირველთავე	1	1	1.9	mrav-lazare	RARE
ამოჩინებულ	გამოჩინებულ	1	1	1.9	mrav-chrysostom-jonah	RARE
უმარლჱს	უმარლეს	1	1	1.9	mrav-chrysostom-jonah	RARE
მაეხვისაგან	მაეხვისაგან	1	1	1.9	mrav-chrysostom-jonah	RARE
მმარხველთანი	მმარხველთანი	1	1	1.9	mrav-chrysostom-jonah	RARE
შემოახლებული	შემოახლებული	1	1	1.9	mrav-chrysostom-jonah	RARE
შემკრიბნა	შემკრიბნა	1	1	1.9	mrav-chrysostom-jonah	RARE
შემოგკრიბნა	შემოგკრიბნა	1	1	1.9	mrav-chrysostom-jonah	RARE
შეგიწყნარა	შეგიწყნარა	1	1	1.9	mrav-chrysostom-jonah	RARE
განკრძალვასა	განკრძალვასა	1	1	1.9	mrav-chrysostom-jonah	RARE
გიბრძანებს	გიბრძანებს	1	1	1.9	mrav-chrysostom-jonah	RARE
გიჩუენოს	გიჩუენოს	1	1	1.9	mrav-chrysostom-jonah	RARE
განეკრძალის	განეკრძალის	1	1	1.9	mrav-chrysostom-jonah	RARE
განემზადის	განემზადის	1	1	1.9	mrav-chrysostom-jonah	RARE
ჴელმწიფისასა	ხელმწიფისასა	1	1	1.9	mrav-chrysostom-jonah	RARE
დაუტევიან	დაუტევიან	1	1	1.9	mrav-chrysostom-jonah	RARE
განეკრძალნიან	განეკრძალნიან	1	1	1.9	mrav-chrysostom-jonah	RARE
საზარელ	საზარელ	1	1	1.9	mrav-chrysostom-jonah	RARE
დევთასა	დევთასა	1	1	1.9	mrav-chrysostom-jonah	RARE
ესმაკეულ	ესმაკეულ	1	1	1.9	mrav-chrysostom-jonah	RARE
უჩუენე	უჩუენე	1	1	1.9	mrav-chrysostom-jonah	RARE
ჴსნისა	ხსნისა	1	1	1.9	mrav-chrysostom-jonah	RARE
შეყუარებად	შეყუარებად	1	1	1.9	mrav-chrysostom-jonah	RARE
მორიდებად	მორიდებად	1	1	1.9	mrav-chrysostom-jonah	RARE
იგ	იგ	1	1	1.9	mrav-chrysostom-jonah	RARE
შეგუკრნა	შეგუკრნა	1	1	1.9	mrav-chrysostom-jonah	RARE
ნაყროვანებისაჲთა	ნაყროვანებისაითა	1	1	1.9	mrav-chrysostom-jonah	RARE
მიგუცნა	მიგუცნა	1	1	1.9	mrav-chrysostom-jonah	RARE
გუეუფლა	გუეუფლა	1	1	1.9	mrav-chrysostom-jonah	RARE
დაგჳმორჩილნა	დაგვმორჩილნა	1	1	1.9	mrav-chrysostom-jonah	RARE
ტყუენი	ტყუენი	1	1	1.9	mrav-chrysostom-jonah	RARE
დალოცვამან	დალოცვამან	1	1	1.9	mrav-chrysostom-jonah	RARE
განგუატავისუფლნა	განგუატავისუფლნა	1	1	1.9	mrav-chrysostom-jonah	RARE
განგჳტევნა	განგვტევნა	1	1	1.9	mrav-chrysostom-jonah	RARE
კრებულთაგან	კრებულთაგან	1	1	1.9	mrav-chrysostom-jonah	RARE
გამოგჳყვანნა	გამოგვყვანნა	1	1	1.9	mrav-chrysostom-jonah	RARE
მძლავრებისაგან	მძლავრებისაგან	1	1	1.9	mrav-chrysostom-jonah	RARE
დაგუადგინნეს	დაგუადგინნეს	1	1	1.9	mrav-chrysostom-jonah	RARE
აღუდგეს	აღუდგეს	1	1	1.9	mrav-chrysostom-jonah	RARE
გამოგჳყვანნეს	გამოგვყვანნეს	1	1	1.9	mrav-chrysostom-jonah	RARE
მოგჳზიდნეს	მოგვზიდნეს	1	1	1.9	mrav-chrysostom-jonah	RARE
გჳჴმს	გვხმს	1	1	1.9	mrav-chrysostom-jonah	RARE
ამითვე	ამითვე	1	1	1.9	mrav-chrysostom-jonah	RARE
მოვანეთაგან	მოვანეთაგან	1	1	1.9	mrav-chrysostom-jonah	RARE
განყენებულ	განყენებულ	1	1	1.9	mrav-chrysostom-jonah	RARE
ტალავრებითა	ტალავრებითა	1	1	1.9	mrav-chrysostom-jonah	RARE
დაყუდებულ	დაყუდებულ	1	1	1.9	mrav-chrysostom-jonah	RARE
ნავთსადგურსა	ნავთსადგურსა	1	1	1.9	mrav-chrysostom-jonah	RARE
შეძინებად	შეძინებად	1	1	1.9	mrav-chrysostom-jonah	RARE
მოდგამ	მოდგამ	1	1	1.9	mrav-chrysostom-jonah	RARE
ქალაქთაცა	ქალაქთაცა	1	1	1.9	mrav-chrysostom-jonah	RARE
იქმნნე	იქმნნე	1	1	1.9	mrav-chrysostom-jonah	RARE
წარმოჩინებულ	წარმოჩინებულ	1	1	1.9	mrav-chrysostom-jonah	RARE
ღმრტისა	ღმრტისა	1	1	1.9	mrav-chrysostom-jonah	RARE
მიიახლნის	მიიახლნის	1	1	1.9	mrav-chrysostom-jonah	RARE
შეივედრნის	შეივედრნის	1	1	1.9	mrav-chrysostom-jonah	RARE
მოწლესა	მოწლესა	1	1	1.9	mrav-chrysostom-jonah	RARE
მიეხნეთ	მიეხნეთ	1	1	1.9	mrav-chrysostom-jonah	RARE
გუემამდე	გუემამდე	1	1	1.9	mrav-chrysostom-jonah	RARE
თქუმათაჲ	თქუმათაი	1	1	1.9	mrav-chrysostom-jonah	RARE
ბრძოლილ	ბრძოლილ	1	1	1.9	mrav-chrysostom-jonah	RARE
მოპოვნებად	მოპოვნებად	1	1	1.9	mrav-chrysostom-jonah	RARE
არღარამცა	არღარამცა	1	1	1.9	mrav-chrysostom-jonah	RARE
ისმინა	ისმინა	1	1	1.9	mrav-chrysostom-jonah	RARE
განეწესა	განეწესა	1	1	1.9	mrav-chrysostom-jonah	RARE
მყოფელსა	მყოფელსა	1	1	1.9	mrav-chrysostom-jonah	RARE
დებულნი	დებულნი	1	1	1.9	mrav-chrysostom-jonah	RARE
მოუხუნა	მოუხუნა	1	1	1.9	mrav-chrysostom-jonah	RARE
ორითა	ორითა	1	1	1.9	mrav-chrysostom-jonah	RARE
ოცითა	ოცითა	1	1	1.9	mrav-chrysostom-jonah	RARE
ნინველთაჲსა	ნინველთაისა	1	1	1.9	mrav-chrysostom-jonah	RARE
მოდრეკილ	მოდრეკილ	1	1	1.9	mrav-chrysostom-jonah	RARE
რისხვისასა	რისხვისასა	1	1	1.9	mrav-chrysostom-jonah	RARE
ალედ	ალედ	1	1	1.9	mrav-chrysostom-jonah	RARE
რისხვიასა	რისხვიასა	1	1	1.9	mrav-chrysostom-jonah	RARE
მიაქცევდა	მიაქცევდა	1	1	1.9	mrav-chrysostom-jonah	RARE
გამოზიდვიდა	გამოზიდვიდა	1	1	1.9	mrav-chrysostom-jonah	RARE
გამოიყვანება	გამოიყვანება	1	1	1.9	mrav-chrysostom-jonah	RARE
განარინებდა	განარინებდა	1	1	1.9	mrav-chrysostom-jonah	RARE
იონაჲსა	იონაისა	1	1	1.9	mrav-chrysostom-jonah	RARE
რომელთაცა	რომელთაცა	1	1	1.9	mrav-chrysostom-jonah	RARE
მეოტებაჲ	მეოტებაი	1	1	1.9	mrav-chrysostom-jonah	RARE
ქადაგებისაჲ	ქადაგებისაი	1	1	1.9	mrav-chrysostom-jonah	RARE
დაემჴუას	დაემხუას	1	1	1.9	mrav-chrysostom-jonah	RARE
გუემნეს	გუემნეს	1	1	1.9	mrav-chrysostom-jonah	RARE
გეჰენიაჲთა	გეჰენიაითა	1	1	1.9	mrav-chrysostom-jonah	RARE
დაითქნენ	დაითქნენ	1	1	1.9	mrav-chrysostom-jonah	RARE
განგუჴდის	განგუხდის	1	1	1.9	mrav-chrysostom-jonah	RARE
გუსაჯნეს	გუსაჯნეს	1	1	1.9	mrav-chrysostom-jonah	RARE
უსმთაჲ	უსმთაი	1	1	1.9	mrav-chrysostom-jonah	RARE
ნათესვთაჲ	ნათესვთაი	1	1	1.9	mrav-chrysostom-jonah	RARE
ეგოდენთაჲ	ეგოდენთაი	1	1	1.9	mrav-chrysostom-jonah	RARE
საქმეტა	საქმეტა	1	1	1.9	mrav-chrysostom-jonah	RARE
დაჰბრკოლდები	დაჰბრკოლდები	1	1	1.9	mrav-chrysostom-jonah	RARE
იჯმნი	იჯმნი	1	1	1.9	mrav-chrysostom-jonah	RARE
შეცოდებულ	შეცოდებულ	1	1	1.9	mrav-chrysostom-jonah	RARE
დაყვის	დაყვის	1	1	1.9	mrav-chrysostom-jonah	RARE
დაიდგის	დაიდგის	1	1	1.9	mrav-chrysostom-jonah	RARE
ცხონდებინ	ცხონდებინ	1	1	1.9	mrav-chrysostom-jonah	RARE
აჩუენის	აჩუენის	1	1	1.9	mrav-chrysostom-jonah	RARE
ყოა	ყოა	1	1	1.9	mrav-chrysostom-jonah	RARE
სებრკოლდა	სებრკოლდა	1	1	1.9	mrav-chrysostom-jonah	RARE
დაშურაა	დაშურაა	1	1	1.9	mrav-chrysostom-jonah	RARE
განცოცხლდა	განცოცხლდა	1	1	1.9	mrav-chrysostom-jonah	RARE
ხუნდა	ხუნდა	1	1	1.9	mrav-chrysostom-jonah	RARE
მოდგინებითა	მოდგინებითა	1	1	1.9	mrav-chrysostom-jonah	RARE
ცრემლთაჲ	ცრემლთაი	1	1	1.9	mrav-chrysostom-jonah	RARE
სიტყჳთ	სიტყვთ	1	1	1.9	mrav-chrysostom-jonah	RARE
მიგაწიო	მიგაწიო	1	1	1.9	mrav-chrysostom-jonah	RARE
გაცნობო	გაცნობო	1	1	1.9	mrav-chrysostom-jonah	RARE
უვარებისა	უვარებისა	1	1	1.9	mrav-chrysostom-jonah	RARE
ჴელმწიფედ	ხელმწიფედ	1	1	1.9	mrav-chrysostom-jonah	RARE
ცისკიდეთა	ცისკიდეთა	1	1	1.9	mrav-chrysostom-jonah	RARE
გიყუარ	გიყუარ	1	1	1.9	mrav-chrysostom-jonah	RARE
წადიერებისა	წადიერებისა	1	1	1.9	mrav-chrysostom-jonah	RARE
მოდგინებისა	მოდგინებისა	1	1	1.9	mrav-chrysostom-jonah	RARE
ულხინა	ულხინა	1	1	1.9	mrav-chrysostom-jonah	RARE
მიიღენ	მიიღენ	1	1	1.9	mrav-chrysostom-jonah	RARE
იტყოდი	იტყოდი	1	1	1.9	mrav-chrysostom-jonah	RARE
ამისტჳს	ამისტვს	1	1	1.9	mrav-chrysostom-jonah	RARE
წარმოგიდგინა	წარმოგიდგინა	1	1	1.9	mrav-chrysostom-jonah	RARE
შესცოდა	შესცოდა	1	1	1.9	mrav-chrysostom-jonah	RARE
არამაღლა	არამაღლა	1	1	1.9	mrav-chrysostom-jonah	RARE
სცოდო	სცოდო	1	1	1.9	mrav-chrysostom-jonah	RARE
განვრდომილ	განვრდომილ	1	1	1.9	mrav-chrysostom-jonah	RARE
სცთები	სცთები	1	1	1.9	mrav-chrysostom-jonah	RARE
მიუტევებელ	მიუტევებელ	1	1	1.9	mrav-chrysostom-jonah	RARE
დგანან	დგანან	1	1	1.9	mrav-chrysostom-jonah	RARE
ყოვნიან	ყოვნიან	1	1	1.9	mrav-chrysostom-jonah	RARE
მივიდე	მივიდე	1	1	1.9	mrav-chrysostom-jonah	RARE
დამამდაბლოს	დამამდაბლოს	1	1	1.9	mrav-chrysostom-jonah	RARE
ვიგლოვდე	ვიგლოვდე	1	1	1.9	mrav-chrysostom-jonah	RARE
სცოდეს	სცოდეს	1	1	1.9	mrav-chrysostom-jonah	RARE
ბრჭყჳვარ	ბრჭყვვარ	1	1	1.9	mrav-chrysostom-jonah	RARE
შეიძლებს	შეიძლებს	1	1	1.9	mrav-chrysostom-jonah	RARE
მივიქცეთ	მივიქცეთ	1	1	1.9	mrav-chrysostom-jonah	RARE
იოპედ	იოპედ	1	1	1.9	mrav-chrysostom-jonah	RARE
ივლტი	ივლტი	1	1	1.9	mrav-chrysostom-jonah	RARE
ვიდე	ვიდე	1	1	1.9	mrav-chrysostom-jonah	RARE
ვივლტოდი	ვივლტოდი	1	1	1.9	mrav-chrysostom-jonah	RARE
ვჴდე	ვხდე	1	1	1.9	mrav-chrysostom-jonah	RARE
ახლოსვე	ახლოსვე	1	1	1.9	mrav-chrysostom-jonah	RARE
მიძღოდის	მიძღოდის	1	1	1.9	mrav-chrysostom-jonah	RARE
შემიწყნაროს	შემიწყნაროს	1	1	1.9	mrav-chrysostom-jonah	RARE
ყოფილცა	ყოფილცა	1	1	1.9	mrav-chrysostom-jonah	RARE
დაანთქნის	დაანთქნის	1	1	1.9	mrav-chrysostom-jonah	RARE
შეიპყრის	შეიპყრის	1	1	1.9	mrav-chrysostom-jonah	RARE
მიმოდავალნ	მიმოდავალნ	1	1	1.9	mrav-chrysostom-jonah	RARE
ეფუეშუებინ	ეფუეშუებინ	1	1	1.9	mrav-chrysostom-jonah	RARE
მოემთხჳის	მოემთხვის	1	1	1.9	mrav-chrysostom-jonah	RARE
გარდავარდის	გარდავარდის	1	1	1.9	mrav-chrysostom-jonah	RARE
რომლითავე	რომლითავე	1	1	1.9	mrav-chrysostom-jonah	RARE
უწესოებისაჲთა	უწესოებისაითა	1	1	1.9	mrav-chrysostom-jonah	RARE
იქმედ	იქმედ	1	1	1.9	mrav-chrysostom-jonah	RARE
უცნობიენ	უცნობიენ	1	1	1.9	mrav-chrysostom-jonah	RARE
მერჩდი	მერჩდი	1	1	1.9	mrav-chrysostom-jonah	RARE
მისგანვე	მისგანვე	1	1	1.9	mrav-chrysostom-jonah	RARE
ზღჳსათა	ზღვსათა	1	1	1.9	mrav-chrysostom-jonah	RARE
მოყუსისაგან	მოყუსისაგან	1	1	1.9	mrav-chrysostom-jonah	RARE
მიახლებულ	მიახლებულ	1	1	1.9	mrav-chrysostom-jonah	RARE
არამარლებდა	არამარლებდა	1	1	1.9	mrav-chrysostom-jonah	RARE
ზრუამან	ზრუამან	1	1	1.9	mrav-chrysostom-jonah	RARE
დააშრო	დააშრო	1	1	1.9	mrav-chrysostom-jonah	RARE
ამბოხი	ამბოხი	1	1	1.9	mrav-chrysostom-jonah	RARE
მიზიდა	მიზიდა	1	1	1.9	mrav-chrysostom-jonah	RARE
მიიყვანა	მიიყვანა	1	1	1.9	mrav-chrysostom-jonah	RARE
სასტოოდა	სასტოოდა	1	1	1.9	mrav-chrysostom-jonah	RARE
გაუტევებდა	გაუტევებდა	1	1	1.9	mrav-chrysostom-jonah	RARE
შეცოდებათაჲ	შეცოდებათაი	1	1	1.9	mrav-chrysostom-jonah	RARE
დაგანდგომილებაჲ	დაგანდგომილებაი	1	1	1.9	mrav-chrysostom-jonah	RARE
ამსგავსებს	ამსგავსებს	1	1	1.9	mrav-chrysostom-jonah	RARE
მოგუასწავებს	მოგუასწავებს	1	1	1.9	mrav-chrysostom-jonah	RARE
აღმემატნეს	აღმემატნეს	1	1	1.9	mrav-chrysostom-jonah	RARE
დამიმძიმდა	დამიმძიმდა	1	1	1.9	mrav-chrysostom-jonah	RARE
ხადოდე	ხადოდე	1	1	1.9	mrav-chrysostom-jonah	RARE
მიერითგანცა	მიერითგანცა	1	1	1.9	mrav-chrysostom-jonah	RARE
ზღჳსაჲ	ზღვსაი	1	1	1.9	mrav-chrysostom-jonah	RARE
ჩუეულებათაებრ	ჩუეულებათაებრ	1	1	1.9	mrav-chrysostom-jonah	RARE
ზეაპყრობით	ზეაპყრობით	1	1	1.9	mrav-chrysostom-jonah	RARE
ექმნებოდა	ექმნებოდა	1	1	1.9	mrav-chrysostom-jonah	RARE
იგდეს	იგდეს	1	1	1.9	mrav-chrysostom-jonah	RARE
პატიჟისათა	პატიჟისათა	1	1	1.9	mrav-chrysostom-jonah	RARE
შთააგდეს	შთააგდეს	1	1	1.9	mrav-chrysostom-jonah	RARE
განურინებელად	განურინებელად	1	1	1.9	mrav-chrysostom-jonah	RARE
გამოიკითხვენ	გამოიკითხვენ	1	1	1.9	mrav-chrysostom-jonah	RARE
შეეტყუებოდა	შეეტყუებოდა	1	1	1.9	mrav-chrysostom-jonah	RARE
მიაღწევდეს	მიაღწევდეს	1	1	1.9	mrav-chrysostom-jonah	RARE
განაჩინიან	განაჩინიან	1	1	1.9	mrav-chrysostom-jonah	RARE
ადგიან	ადგიან	1	1	1.9	mrav-chrysostom-jonah	RARE
აღიარის	აღიარის	1	1	1.9	mrav-chrysostom-jonah	RARE
ღელვათაჲ	ღელვათაი	1	1	1.9	mrav-chrysostom-jonah	RARE
აღმაღლებულთაჲ	აღმაღლებულთაი	1	1	1.9	mrav-chrysostom-jonah	RARE
შეცულ	შეცულ	1	1	1.9	mrav-chrysostom-jonah	RARE
მოღუაწებათაგან	მოღუაწებათაგან	1	1	1.9	mrav-chrysostom-jonah	RARE
განჰმზადებდა	განჰმზადებდა	1	1	1.9	mrav-chrysostom-jonah	RARE
შეტყუებით	შეტყუებით	1	1	1.9	mrav-chrysostom-jonah	RARE
შეწამებისა	შეწამებისა	1	1	1.9	mrav-chrysostom-jonah	RARE
დაშჯიდა	დაშჯიდა	1	1	1.9	mrav-chrysostom-jonah	RARE
აღიარებს	აღიარებს	1	1	1.9	mrav-chrysostom-jonah	RARE
შეყვეს	შეყვეს	1	1	1.9	mrav-chrysostom-jonah	RARE
დაშჯიდეს	დაშჯიდეს	1	1	1.9	mrav-chrysostom-jonah	RARE
განრინებაჲ	განრინებაი	1	1	1.9	mrav-chrysostom-jonah	RARE
ღელვათაჲსა	ღელვათაისა	1	1	1.9	mrav-chrysostom-jonah	RARE
მიუტევებდა	მიუტევებდა	1	1	1.9	mrav-chrysostom-jonah	RARE
შეუნდობდა	შეუნდობდა	1	1	1.9	mrav-chrysostom-jonah	RARE
აცნობებდა	აცნობებდა	1	1	1.9	mrav-chrysostom-jonah	RARE
გამოადგინეს	გამოადგინეს	1	1	1.9	mrav-chrysostom-jonah	RARE
ზღჳსანი	ზღვსანი	1	1	1.9	mrav-chrysostom-jonah	RARE
ერჩდეს	ერჩდეს	1	1	1.9	mrav-chrysostom-jonah	RARE
აღსაარებაჲცა	აღსაარებაიცა	1	1	1.9	mrav-chrysostom-jonah	RARE
შეჰკრვიდა	შეჰკრვიდა	1	1	1.9	mrav-chrysostom-jonah	RARE
თევზისასა	თევზისასა	1	1	1.9	mrav-chrysostom-jonah	RARE
დაუმარხვიდა	დაუმარხვიდა	1	1	1.9	mrav-chrysostom-jonah	RARE
მოაშთვეს	მოაშთვეს	1	1	1.9	mrav-chrysostom-jonah	RARE
სახემან	სახემან	1	1	1.9	mrav-chrysostom-jonah	RARE
შთანთქა	შთანთქა	1	1	1.9	mrav-chrysostom-jonah	RARE
უქადაგებდა	უქადაგებდა	1	1	1.9	mrav-chrysostom-jonah	RARE
პატიჟისასა	პატიჟისასა	1	1	1.9	mrav-chrysostom-jonah	RARE
მს	მს	1	1	1.9	mrav-chrysostom-jonah	RARE
დაქცევად	დაქცევად	1	1	1.9	mrav-chrysostom-jonah	RARE
ორგულებდეს	ორგულებდეს	1	1	1.9	mrav-chrysostom-jonah	RARE
შეევედრებოდეს	შეევედრებოდეს	1	1	1.9	mrav-chrysostom-jonah	RARE
ბუნებაჲცა	ბუნებაიცა	1	1	1.9	mrav-chrysostom-jonah	RARE
იუზმებოდეს	იუზმებოდეს	1	1	1.9	mrav-chrysostom-jonah	RARE
გარდამოსრულ	გარდამოსრულ	1	1	1.9	mrav-chrysostom-jonah	RARE
საყდრით	საყდრით	1	1	1.9	mrav-chrysostom-jonah	RARE
სამეუფოჲთ	სამეუფოით	1	1	1.9	mrav-chrysostom-jonah	RARE
შთაიცუმიდა	შთაიცუმიდა	1	1	1.9	mrav-chrysostom-jonah	RARE
გარდაისხმიდა	გარდაისხმიდა	1	1	1.9	mrav-chrysostom-jonah	RARE
შეუძლებდა	შეუძლებდა	1	1	1.9	mrav-chrysostom-jonah	RARE
შეურვებულსა	შეურვებულსა	1	1	1.9	mrav-chrysostom-jonah	RARE
შესინებაჲ	შესინებაი	1	1	1.9	mrav-chrysostom-jonah	RARE
თაყუანისცემისაგან	თაყუანისცემისაგან	1	1	1.9	mrav-chrysostom-jonah	RARE
სეარყია	სეარყია	1	1	1.9	mrav-chrysostom-jonah	RARE
აღჰმართეს	აღჰმართეს	1	1	1.9	mrav-chrysostom-jonah	RARE
მეშალილებისა	მეშალილებისა	1	1	1.9	mrav-chrysostom-jonah	RARE
შეიშინეს	შეიშინეს	1	1	1.9	mrav-chrysostom-jonah	RARE
შეხებად	შეხებად	1	1	1.9	mrav-chrysostom-jonah	RARE
მძჳნვარ	მძვნვარ	1	1	1.9	mrav-chrysostom-jonah	RARE
განმტეხელ	განმტეხელ	1	1	1.9	mrav-chrysostom-jonah	RARE
წარმწყმედელ	წარმწყმედელ	1	1	1.9	mrav-chrysostom-jonah	RARE
უზმებულ	უზმებულ	1	1	1.9	mrav-chrysostom-jonah	RARE
მრისხანეთა	მრისხანეთა	1	1	1.9	mrav-chrysostom-jonah	RARE
შეიხილნეს	შეიხილნეს	1	1	1.9	mrav-chrysostom-jonah	RARE
მოასხნეს	მოასხნეს	1	1	1.9	mrav-chrysostom-jonah	RARE
ბაბილოვანს	ბაბილოვანს	1	1	1.9	mrav-chrysostom-jonah	RARE
საჴუმილისაგან	სახუმილისაგან	1	1	1.9	mrav-chrysostom-jonah	RARE
მიეახლე	მიეახლე	1	1	1.9	mrav-chrysostom-jonah	RARE
ჰკითხე	ჰკითხე	1	1	1.9	mrav-chrysostom-jonah	RARE
მოგოგოს	მოგოგოს	1	1	1.9	mrav-chrysostom-jonah	RARE
განგიმარტოს	განგიმარტოს	1	1	1.9	mrav-chrysostom-jonah	RARE
ძლეულ	ძლეულ	1	1	1.9	mrav-chrysostom-jonah	RARE
ცეცხლისაყ	ცეცხლისაყ	1	1	1.9	mrav-chrysostom-jonah	RARE
აქე	აქე	1	1	1.9	mrav-chrysostom-jonah	RARE
მოგჳზიდნის	მოგვზიდნის	1	1	1.9	mrav-chrysostom-jonah	RARE
განაწესის	განაწესის	1	1	1.9	mrav-chrysostom-jonah	RARE
ნუგეშის	ნუგეშის	1	1	1.9	mrav-chrysostom-jonah	RARE
გარდაიქცის	გარდაიქცის	1	1	1.9	mrav-chrysostom-jonah	RARE
მოუძლურდის	მოუძლურდის	1	1	1.9	mrav-chrysostom-jonah	RARE
განახლდის	განახლდის	1	1	1.9	mrav-chrysostom-jonah	RARE
განძლიერდის	განძლიერდის	1	1	1.9	mrav-chrysostom-jonah	RARE
გამოცდად	გამოცდად	1	1	1.9	mrav-chrysostom-jonah	RARE
სიმრთელისად	სიმრთელისად	1	1	1.9	mrav-chrysostom-jonah	RARE
გამცნებ	გამცნებ	1	1	1.9	mrav-chrysostom-jonah	RARE
ნაყროვნებითა	ნაყროვნებითა	1	1	1.9	mrav-chrysostom-jonah	RARE
მიეახლებოდი	მიეახლებოდი	1	1	1.9	mrav-chrysostom-jonah	RARE
დასტენო	დასტენო	1	1	1.9	mrav-chrysostom-jonah	RARE
მღჳძარედ	მღვძარედ	1	1	1.9	mrav-chrysostom-jonah	RARE
წამლისა	წამლისა	1	1	1.9	mrav-chrysostom-jonah	RARE
გემოჲს	გემოის	1	1	1.9	mrav-chrysostom-jonah	RARE
მჴეცთათჳს	მხეცთათვს	1	1	1.9	mrav-chrysostom-jonah	RARE
შეჭურვილ	შეჭურვილ	1	1	1.9	mrav-chrysostom-jonah	RARE
განმზადებულმცა	განმზადებულმცა	1	1	1.9	mrav-chrysostom-jonah	RARE
ურვათაგან	ურვათაგან	1	1	1.9	mrav-chrysostom-jonah	RARE
ჰკითხო	ჰკითხო	1	1	1.9	mrav-chrysostom-jonah	RARE
მიისწრაფი	მიისწრაფი	1	1	1.9	mrav-chrysostom-jonah	RARE
მოგიგოს	მოგიგოს	1	1	1.9	mrav-chrysostom-jonah	RARE
შემოვალს	შემოვალს	1	1	1.9	mrav-chrysostom-jonah	RARE
მცირედნიცა	მცირედნიცა	1	1	1.9	mrav-chrysostom-jonah	RARE
დგინებად	დგინებად	1	1	1.9	mrav-chrysostom-jonah	RARE
ჴელოვანთ	ხელოვანთ	1	1	1.9	mrav-chrysostom-jonah	RARE
ჴმად	ხმად	1	1	1.9	mrav-chrysostom-jonah	RARE
დაჰბეროს	დაჰბეროს	1	1	1.9	mrav-chrysostom-jonah	RARE
გასმინოს	გასმინოს	1	1	1.9	mrav-chrysostom-jonah	RARE
მოსაყდრეთაჲთა	მოსაყდრეთაითა	1	1	1.9	mrav-chrysostom-jonah	RARE
კაცთმოყუარებითა	კაცთმოყუარებითა	1	1	1.9	mrav-chrysostom-jonah	RARE
ვგუემენ	ვგუემენ	1	1	1.9	ephr-markhva	RARE
გაწუევ	გაწუევ	1	1	1.9	ephr-markhva	RARE
ვახარო	ვახარო	1	1	1.9	ephr-markhva	RARE
მოძრურებითა	მოძრურებითა	1	1	1.9	ephr-markhva	RARE
იწრაფით	ვიწრაფით	1	1	1.9	ephr-markhva	RARE
ცუენმან	ცუენმან	1	1	1.9	ephr-markhva	RARE
განასუქნის	განასუქნის	1	1	1.9	ephr-markhva	RARE
ღჳნომან	ღვნომან	1	1	1.9	ephr-markhva	RARE
პირისაჲ	პირისაი	1	1	1.9	ephr-markhva	RARE
გესლოვან	გესლოვან	1	1	1.9	ephr-markhva	RARE
შეაშთვის	შეაშთვის	1	1	1.9	ephr-markhva	RARE
მოგუეახლნიან	მოგუეახლნიან	1	1	1.9	ephr-markhva	RARE
მოგუეცნიან	მოგუეცნიან	1	1	1.9	ephr-markhva	RARE
ვჰმსახურებდით	ვჰმსახურებდით	1	1	1.9	ephr-markhva	RARE
დამდაბლიან	დამდაბლიან	1	1	1.9	ephr-markhva	RARE
მიაწიიან	მიაწიიან	1	1	1.9	ephr-markhva	RARE
პირუტყუთასა	პირუტყუთასა	1	1	1.9	ephr-markhva	RARE
დაკლებულ	დაკლებულ	1	1	1.9	ephr-markhva	RARE
სასოებისაგან	სასოებისაგან	1	1	1.9	ephr-markhva	RARE
აღდგომისაჲსა	აღდგომისაისა	1	1	1.9	ephr-markhva	RARE
პირუტყუთაჲ	პირუტყუთაი	1	1	1.9	ephr-markhva	RARE
ქრისტჱსგან	ქრისტესგან	1	1	1.9	ephr-markhva	RARE
შიოდის	შიოდის	1	1	1.9	ephr-markhva	RARE
სწყუროდის	სწყუროდის	1	1	1.9	ephr-markhva	RARE
განძღნენ	განძღნენ	1	1	1.9	ephr-markhva	RARE
ცეცხლისათჳს	ცეცხლისათვს	1	1	1.9	ephr-markhva	RARE
ვჰგონებდითმცა	ვჰგონებდითმცა	1	1	1.9	ephr-markhva	RARE
დაიდვიან	დაიდვიან	1	1	1.9	ephr-markhva	RARE
ვსუათ	ვსუათ	1	1	1.9	ephr-markhva	RARE
ვწამოტ	ვწამოტ	1	1	1.9	ephr-markhva	RARE
შეამძიმნის	შეამძიმნის	1	1	1.9	ephr-markhva	RARE
აურვებნ	აურვებნ	1	1	1.9	ephr-markhva	RARE
აჭირებნ	აჭირებნ	1	1	1.9	ephr-markhva	RARE
აღაგზნის	აღაგზნის	1	1	1.9	ephr-markhva	RARE
მთრვალთანი	მთრვალთანი	1	1	1.9	ephr-markhva	RARE
გარდასცთის	გარდასცთის	1	1	1.9	ephr-markhva	RARE
ღჳნითა	ღვნითა	1	1	1.9	ephr-markhva	RARE
პირუტყჳსა	პირუტყვსა	1	1	1.9	ephr-markhva	RARE
პირუტყუმან	პირუტყუმან	1	1	1.9	ephr-markhva	RARE
შეაბს	შეაბს	1	1	1.9	ephr-markhva	RARE
ალმვის	ალმვის	1	1	1.9	ephr-markhva	RARE
შეტევებითა	შეტევებითა	1	1	1.9	ephr-markhva	RARE
ფერჴთანი	ფერხთანი	1	1	1.9	ephr-markhva	RARE
შეურღჳნის	შეურღვნის	1	1	1.9	ephr-markhva	RARE
აცთუნებნ	აცთუნებნ	1	1	1.9	ephr-markhva	RARE
უქცევნ	უქცევნ	1	1	1.9	ephr-markhva	RARE
გუგათასა	გუგათასა	1	1	1.9	ephr-markhva	RARE
შთააგდის	შთააგდის	1	1	1.9	ephr-markhva	RARE
წარმოუდგინნის	წარმოუდგინნის	1	1	1.9	ephr-markhva	RARE
სიზმრად	სიზმრად	1	1	1.9	ephr-markhva	RARE
სიმტკისაგან	სიმტკისაგან	1	1	1.9	ephr-markhva	RARE
მორცხჳნეთაგან	მორცხვნეთაგან	1	1	1.9	ephr-markhva	RARE
განეფინის	განეფინის	1	1	1.9	ephr-markhva	RARE
ჰგავნ	ჰგავნ	1	1	1.9	ephr-markhva	RARE
მარხვათაჲ	მარხვათაი	1	1	1.9	ephr-markhva	RARE
მოიგნეს	მოიგნეს	1	1	1.9	ephr-markhva	RARE
წარჰმართის	წარჰმართის	1	1	1.9	ephr-markhva	RARE
თუალთაჲ	თუალთაი	1	1	1.9	ephr-markhva	RARE
ასხნის	ასხნის	1	1	1.9	ephr-markhva	RARE
სიდაშნისათჳს	სიდაშნისათვს	1	1	1.9	ephr-markhva	RARE
აღუხუნის	აღუხუნის	1	1	1.9	ephr-markhva	RARE
მოძრურებისა	მოძრურებისა	1	1	1.9	ephr-markhva	RARE
განწმიდის	განწმიდის	1	1	1.9	ephr-markhva	RARE
ენაჲცა	ენაიცა	1	1	1.9	ephr-markhva	RARE
განაღჳძის	განაღვძის	1	1	1.9	ephr-markhva	RARE
ლოცვისათჳს	ლოცვისათვს	1	1	1.9	ephr-markhva	RARE
სნეულთაჲ	სნეულთაი	1	1	1.9	ephr-markhva	RARE
ასხენედ	ასხენედ	1	1	1.9	ephr-markhva	RARE
შთაუცუამს	შთაუცუამს	1	1	1.9	ephr-markhva	RARE
შესძინიან	შესძინიან	1	1	1.9	ephr-markhva	RARE
კეტილითა	კეტილითა	1	1	1.9	ephr-markhva	RARE
აღივსნიან	აღივსნიან	1	1	1.9	ephr-markhva	RARE
მათთანი	მათთანი	1	1	1.9	ephr-markhva	RARE
ეშმარიტად	წეშმარიტად	1	1	1.9	ephr-markhva	RARE
მმარხველთათჳს	მმარხველთათვს	1	1	1.9	ephr-markhva	RARE
პურისაგან	პურისაგან	1	1	1.9	ephr-markhva	RARE
განკაფისათჳს	განკაფისათვს	1	1	1.9	ephr-markhva	RARE
უნასისაგან	უნასისაგან	1	1	1.9	ephr-markhva	RARE
სარგებელისატჳს	სარგებელისატვს	1	1	1.9	ephr-markhva	RARE
ჰურიანიცა	ჰურიანიცა	1	1	1.9	ephr-markhva	RARE
პურისათჳსცა	პურისათვსცა	1	1	1.9	ephr-markhva	RARE
ჭამედ	ჭამედ	1	1	1.9	ephr-markhva	RARE
შეშჭამენ	შეშჭამენ	1	1	1.9	ephr-markhva	RARE
კბილითა	კბილითა	1	1	1.9	ephr-markhva	RARE
ანგაჰრებისა	ანგაჰრებისა	1	1	1.9	ephr-markhva	RARE
ესემლევან	ესემლევან	1	1	1.9	ephr-markhva	RARE
ისმინედ	ისმინედ	1	1	1.9	ephr-markhva	RARE
მდებცა	მდებცა	1	1	1.9	ephr-markhva	RARE
კეტილთანი	კეტილთანი	1	1	1.9	ephr-markhva	RARE
აღიკიდიან	აღიკიდიან	1	1	1.9	ephr-markhva	RARE
ვიმარხოთ	ვიმარხოთ	1	1	1.9	ephr-markhva	RARE
საჭმლისაგან	საჭმლისაგან	1	1	1.9	ephr-markhva	RARE
შთაჴდენ	შთახდენ	1	1	1.9	ephr-markhva	RARE
ვეკრძალნეთ	ვეკრძალნეთ	1	1	1.9	ephr-markhva	RARE
ბოროტისაგანცა	ბოროტისაგანცა	1	1	1.9	ephr-markhva	RARE
გამოჴდენ	გამოხდენ	1	1	1.9	ephr-markhva	RARE
იმარხვიდეთ	ვიმარხვიდეთ	1	1	1.9	ephr-markhva	RARE
გარეშესა	გარეშესა	1	1	1.9	ephr-markhva	RARE
უბიწოტა	უბიწოტა	1	1	1.9	ephr-markhva	RARE
თქუენთათჳს	თქუენთათვს	1	1	1.9	ephr-markhva	RARE
აღესრულებიან	აღესრულებიან	1	1	1.9	ephr-markhva	RARE
ჭამადთაჲ	ჭამადთაი	1	1	1.9	ephr-markhva	RARE
დაყენებითა	დაყენებითა	1	1	1.9	ephr-markhva	RARE
აღეშჱნის	აღეშენის	1	1	1.9	ephr-markhva	RARE
იმარხიან	იმარხიან	1	1	1.9	ephr-markhva	RARE
შემოკლდიან	შემოკლდიან	1	1	1.9	ephr-markhva	RARE
განეშორიან	განეშორიან	1	1	1.9	ephr-markhva	RARE
ამაღლდიან	ამაღლდიან	1	1	1.9	ephr-markhva	RARE
იმარხა	იმარხა	1	1	1.9	ephr-markhva	RARE
აეროვან	აეროვან	1	1	1.9	ephr-markhva	RARE
გარდამოართუა	გარდამოართუა	1	1	1.9	ephr-markhva	RARE
დანიელცა	დანიელცა	1	1	1.9	ephr-markhva	RARE
იმარხეს	იმარხეს	1	1	1.9	ephr-markhva	RARE
ცეცხლისგან	ცეცხლისგან	1	1	1.9	ephr-markhva	RARE
დაწუვისა	დაწუვისა	1	1	1.9	ephr-markhva	RARE
ლომთაგან	ლომთაგან	1	1	1.9	ephr-markhva	RARE
დაშრტენ	დაშრტენ	1	1	1.9	ephr-markhva	RARE
ალსა	ალსა	1	1	1.9	ephr-markhva	RARE
დაუყვნეს	დაუყვნეს	1	1	1.9	ephr-markhva	RARE
ლომთანი	ლომთანი	1	1	1.9	ephr-markhva	RARE
სანატრელთაჲ	სანატრელთაი	1	1	1.9	mrav-martyrs-chrysostom-2	RARE
მაწუევს	მაწუევს	1	1	1.9	mrav-martyrs-chrysostom-2	RARE
ვაუწყოთ	ვაუწყოთ	1	1	1.9	mrav-martyrs-chrysostom-2	RARE
განწმიდენით	განწმიდენით	1	1	1.9	mrav-martyrs-chrysostom-2	RARE
თქუენთანი	თქუენთანი	1	1	1.9	mrav-martyrs-chrysostom-2	RARE
განჰმზადეთ	განჰმზადეთ	1	1	1.9	mrav-martyrs-chrysostom-2	RARE
შთავიდოდიან	შთავიდოდიან	1	1	1.9	mrav-martyrs-chrysostom-2	RARE
მდიდართაჲ	მდიდართაი	1	1	1.9	mrav-martyrs-chrysostom-2	RARE
მომეცნენ	მომეცნენ	1	1	1.9	mrav-martyrs-chrysostom-2	RARE
მეუფეთა	მეუფეთა	1	1	1.9	mrav-martyrs-chrysostom-2	RARE
მდგომელთაჲთა	მდგომელთაითა	1	1	1.9	mrav-martyrs-chrysostom-2	RARE
განეყოფიან	განეყოფიან	1	1	1.9	mrav-martyrs-chrysostom-2	RARE
შეაწონის	შეაწონის	1	1	1.9	mrav-martyrs-chrysostom-2	RARE
შეორგულდეს	შეორგულდეს	1	1	1.9	mrav-martyrs-chrysostom-2	RARE
დვა	დვა	1	1	1.9	mrav-martyrs-chrysostom-2	RARE
განიზრახეს	განიზრახეს	1	1	1.9	mrav-martyrs-chrysostom-2	RARE
კურთხეულთა	კურთხეულთა	1	1	1.9	mrav-martyrs-chrysostom-2	RARE
განგულებითა	განგულებითა	1	1	1.9	mrav-martyrs-chrysostom-2	RARE
მიხედეს	მიხედეს	1	1	1.9	mrav-martyrs-chrysostom-2	RARE
თჳსიბასა	თვსიბასა	1	1	1.9	mrav-martyrs-chrysostom-2	RARE
ახარულევან	ბახარულევან	1	1	1.9	mrav-martyrs-chrysostom-2	RARE
მოდგომილ	მოდგომილ	1	1	1.9	mrav-martyrs-chrysostom-2	RARE
მეფეთასა	მეფეთასა	1	1	1.9	mrav-martyrs-chrysostom-2	RARE
მრცხუენოდის	მრცხუენოდის	1	1	1.9	mrav-martyrs-chrysostom-2	RARE
განეძარცუვოდა	განეძარცუვოდა	1	1	1.9	mrav-martyrs-chrysostom-2	RARE
კიცხევისაჲ	კიცხევისაი	1	1	1.9	mrav-martyrs-chrysostom-2	RARE
განმაკრძალებელმან	განმაკრძალებელმან	1	1	1.9	mrav-martyrs-chrysostom-2	RARE
უსახურთამან	უსახურთამან	1	1	1.9	mrav-martyrs-chrysostom-2	RARE
განსხირპვულ	განსხირპვულ	1	1	1.9	mrav-martyrs-chrysostom-2	RARE
იხუეტებოდეს	იხუეტებოდეს	1	1	1.9	mrav-martyrs-chrysostom-2	RARE
მეუფისათა	მეუფისათა	1	1	1.9	mrav-martyrs-chrysostom-2	RARE
სისხლისასა	სისხლისასა	1	1	1.9	mrav-martyrs-chrysostom-2	RARE
გარდაიჴადა	გარდაიხადა	1	1	1.9	mrav-martyrs-chrysostom-2	RARE
პირველისაჲ	პირველისაი	1	1	1.9	mrav-martyrs-chrysostom-2	RARE
დგანედ	დგანედ	1	1	1.9	mrav-martyrs-chrysostom-2	RARE
განჴმებიედ	განხმებიედ	1	1	1.9	mrav-martyrs-chrysostom-2	RARE
შეღაკრულ	შეღაკრულ	1	1	1.9	mrav-martyrs-chrysostom-2	RARE
შეღაურვებულ	შეღაურვებულ	1	1	1.9	mrav-martyrs-chrysostom-2	RARE
ცუმულისათა	ცუმულისათა	1	1	1.9	mrav-martyrs-chrysostom-2	RARE
განაწყვნა	განაწყვნა	1	1	1.9	mrav-martyrs-chrysostom-2	RARE
დაემშჭუალა	დაემშჭუალა	1	1	1.9	mrav-martyrs-chrysostom-2	RARE
სასშჭულითა	სასშჭულითა	1	1	1.9	mrav-martyrs-chrysostom-2	RARE
ევნებისმცა	ევნებისმცა	1	1	1.9	mrav-martyrs-chrysostom-2	RARE
ევნების	ევნების	1	1	1.9	mrav-martyrs-chrysostom-2	RARE
კაიაფაჲსი	კაიაფაისი	1	1	1.9	mrav-martyrs-chrysostom-2	RARE
აღიხილნიან	აღიხილნიან	1	1	1.9	mrav-martyrs-chrysostom-2	RARE
საგმობელ	საგმობელ	1	1	1.9	mrav-martyrs-chrysostom-2	RARE
ვივნოთ	ვივნოთ	1	1	1.9	mrav-martyrs-chrysostom-2	RARE
გუევნებოდის	გუევნებოდის	1	1	1.9	mrav-martyrs-chrysostom-2	RARE
ვიდოდნეთ	ვიდოდნეთ	1	1	1.9	mrav-martyrs-chrysostom-2	RARE
მიავასხეს	მიავასხეს	1	1	1.9	mrav-martyrs-chrysostom-2	RARE
დაამცირეს	დაამცირეს	1	1	1.9	mrav-martyrs-chrysostom-2	RARE
დაიმდაბლნეს	დაიმდაბლნეს	1	1	1.9	mrav-martyrs-chrysostom-2	RARE
დაასხმენ	დაასხმენ	1	1	1.9	mrav-martyrs-chrysostom-2	RARE
შეიკრვიან	შეიკრვიან	1	1	1.9	mrav-martyrs-chrysostom-2	RARE
აღიმსთობენ	აღიმსთობენ	1	1	1.9	mrav-martyrs-chrysostom-2	RARE
შესძინეს	შესძინეს	1	1	1.9	mrav-martyrs-chrysostom-2	RARE
უვარისმყოფელთა	უვარისმყოფელთა	1	1	1.9	mrav-martyrs-chrysostom-2	RARE
შესძინებენ	შესძინებენ	1	1	1.9	mrav-martyrs-chrysostom-2	RARE
უვარს	უვარს	1	1	1.9	mrav-martyrs-chrysostom-2	RARE
შემოეახლნეს	შემოეახლნეს	1	1	1.9	mrav-martyrs-chrysostom-2	RARE
საკიცხილებაჲ	საკიცხილებაი	1	1	1.9	mrav-martyrs-chrysostom-2	RARE
აქებს	აქებს	1	1	1.9	mrav-martyrs-chrysostom-2	RARE
უწესოდ	უწესოდ	1	1	1.9	mrav-martyrs-chrysostom-2	RARE
აღამაღლებენ	აღამაღლებენ	1	1	1.9	mrav-martyrs-chrysostom-2	RARE
განაშუენებენ	განაშუენებენ	1	1	1.9	mrav-martyrs-chrysostom-2	RARE
ჰბასრობდეს	ჰბასრობდეს	1	1	1.9	mrav-martyrs-chrysostom-2	RARE
კიცხევით	კიცხევით	1	1	1.9	mrav-martyrs-chrysostom-2	RARE
ტირან	ტირან	1	1	1.9	mrav-martyrs-chrysostom-2	RARE
დაწერეს	დაწერეს	1	1	1.9	mrav-martyrs-chrysostom-2	RARE
შეწუნეს	შეწუნეს	1	1	1.9	mrav-martyrs-chrysostom-2	RARE
მოაკლეს	მოაკლეს	1	1	1.9	mrav-martyrs-chrysostom-2	RARE
აღგებულ	აღგებულ	1	1	1.9	mrav-martyrs-chrysostom-2	RARE
ცხად	ცხად	1	1	1.9	mrav-martyrs-chrysostom-2	RARE
შორიელთაჲ	შორიელთაი	1	1	1.9	mrav-martyrs-chrysostom-2	RARE
იდევინ	იდევინ	1	1	1.9	mrav-martyrs-chrysostom-2	RARE
უყონ	უყონ	1	1	1.9	mrav-martyrs-chrysostom-2	RARE
აგინნეს	აგინნეს	1	1	1.9	mrav-martyrs-chrysostom-2	RARE
აღიარედ	აღიარედ	1	1	1.9	mrav-martyrs-chrysostom-2	RARE
განქარდეს	განქარდეს	1	1	1.9	mrav-martyrs-chrysostom-2	RARE
სცედ	სცედ	1	1	1.9	mrav-martyrs-chrysostom-2	RARE
აღიფხურნეს	აღიფხურნეს	1	1	1.9	mrav-martyrs-chrysostom-2	RARE
შეჰრისხნედ	შეჰრისხნედ	1	1	1.9	mrav-martyrs-chrysostom-2	RARE
უსახურებაჲ	უსახურებაი	1	1	1.9	mrav-martyrs-chrysostom-2	RARE
იდვედ	იდვედ	1	1	1.9	mrav-martyrs-chrysostom-2	RARE
განჩინებულ	განჩინებულ	1	1	1.9	mrav-martyrs-chrysostom-2	RARE
არავეღა	არავეღა	1	1	1.9	mrav-martyrs-chrysostom-2	RARE
განვბრძნდეთ	განვბრძნდეთ	1	1	1.9	mrav-martyrs-chrysostom-2	RARE
ჯუარისმცუმელნი	ჯუარისმცუმელნი	1	1	1.9	mrav-martyrs-chrysostom-2	RARE
თაყუანისმცემელნი	თაყუანისმცემელნი	1	1	1.9	mrav-martyrs-chrysostom-2	RARE
აქებდეთ	ვაქებდეთ	1	1	1.9	mrav-martyrs-chrysostom-2	RARE
ვითხოოთ	ვითხოოთ	1	1	1.9	mrav-martyrs-chrysostom-2	RARE
შემეწიენ	შემეწიენ	1	1	1.9	mrav-martyrs-chrysostom-2	RARE
უკეთურთასა	უკეთურთასა	1	1	1.9	mrav-martyrs-chrysostom-2	RARE
ვიწრაფი	ვიწრაფი	1	1	1.9	mrav-martyrs-chrysostom-3	RARE
განზავებად	განზავებად	1	1	1.9	mrav-martyrs-chrysostom-3	RARE
მარტჳლთაჲსა	მარტვლთაისა	1	1	1.9	mrav-martyrs-chrysostom-3	RARE
მადგს	მადგს	1	1	1.9	mrav-martyrs-chrysostom-3	RARE
გიჩინნეს	გიჩინნეს	1	1	1.9	mrav-martyrs-chrysostom-3	RARE
ვამსახურებდეთ	ვამსახურებდეთ	1	1	1.9	mrav-martyrs-chrysostom-3	RARE
იდიდებოდის	იდიდებოდის	1	1	1.9	mrav-martyrs-chrysostom-3	RARE
ამეთ	ჩამეთ	1	1	1.9	mrav-martyrs-chrysostom-3	RARE
ახარის	ახარის	1	1	1.9	mrav-martyrs-chrysostom-3	RARE
აღამცირნის	აღამცირნის	1	1	1.9	mrav-martyrs-chrysostom-3	RARE
მძიმენი	მძიმენი	1	1	1.9	mrav-martyrs-chrysostom-3	RARE
განსწავლნის	განსწავლნის	1	1	1.9	mrav-martyrs-chrysostom-3	RARE
იპოვებინ	იპოვებინ	1	1	1.9	mrav-martyrs-chrysostom-3	RARE
ემსგავსნენ	ემსგავსნენ	1	1	1.9	mrav-martyrs-chrysostom-3	RARE
მარტჳლთასა	მარტვლთასა	1	1	1.9	mrav-martyrs-chrysostom-3	RARE
მეწამნენ	მეწამნენ	1	1	1.9	mrav-martyrs-chrysostom-3	RARE
მოწამეთაჲსა	მოწამეთაისა	1	1	1.9	mrav-martyrs-chrysostom-3	RARE
შემოკრებულ	შემოკრებულ	1	1	1.9	mrav-martyrs-chrysostom-3	RARE
დევნისაჲ	დევნისაი	1	1	1.9	mrav-martyrs-chrysostom-3	RARE
ვჰბრძოდით	ვჰბრძოდით	1	1	1.9	mrav-martyrs-chrysostom-3	RARE
მოვსწყდებით	მოვსწყდებით	1	1	1.9	mrav-martyrs-chrysostom-3	RARE
უმეცრად	უმეცრად	1	1	1.9	mrav-martyrs-chrysostom-3	RARE
მოვკუდები	მოვკუდები	1	1	1.9	mrav-martyrs-chrysostom-3	RARE
პავლემან	პავლემან	1	1	1.9	mrav-martyrs-chrysostom-3	RARE
მარტჳლთაგან	მარტვლთაგან	1	1	1.9	mrav-martyrs-chrysostom-3	RARE
დაუშრტა	დაუშრტა	1	1	1.9	mrav-martyrs-chrysostom-3	RARE
დასწუვიდა	დასწუვიდა	1	1	1.9	mrav-martyrs-chrysostom-3	RARE
აღატყდების	აღატყდების	1	1	1.9	mrav-martyrs-chrysostom-3	RARE
დავშრიტოთ	დავშრიტოთ	1	1	1.9	mrav-martyrs-chrysostom-3	RARE
დაშრიტეს	დაშრიტეს	1	1	1.9	mrav-martyrs-chrysostom-3	RARE
მაჭირებელთაჲ	მაჭირებელთაი	1	1	1.9	mrav-martyrs-chrysostom-3	RARE
წარჰკუეთნა	წარჰკუეთნა	1	1	1.9	mrav-martyrs-chrysostom-3	RARE
მჴნეთანი	მხნეთანი	1	1	1.9	mrav-martyrs-chrysostom-3	RARE
განკუეთნის	განკუეთნის	1	1	1.9	mrav-martyrs-chrysostom-3	RARE
დავაბრყჳლოთ	დავაბრყვლოთ	1	1	1.9	mrav-martyrs-chrysostom-3	RARE
ენისა	ენისა	1	1	1.9	mrav-martyrs-chrysostom-3	RARE
რაჲცია	რაიცია	1	1	1.9	mrav-martyrs-chrysostom-3	RARE
მახჳლისასა	მახვლისასა	1	1	1.9	mrav-martyrs-chrysostom-3	RARE
თჳსთაჲთა	თვსთაითა	1	1	1.9	mrav-martyrs-chrysostom-3	RARE
მძორებრ	მძორებრ	1	1	1.9	mrav-martyrs-chrysostom-3	RARE
დაშალილნეს	დაშალილნეს	1	1	1.9	mrav-martyrs-chrysostom-3	RARE
უძლეთ	უძლეთ	1	1	1.9	mrav-martyrs-chrysostom-3	RARE
დავიმორჩილნეთ	დავიმორჩილნეთ	1	1	1.9	mrav-martyrs-chrysostom-3	RARE
ჴდომისა	ხდომისა	1	1	1.9	mrav-martyrs-chrysostom-3	RARE
ალმან	ალმან	1	1	1.9	mrav-martyrs-chrysostom-3	RARE
გულისთქუმისა	გულისთქუმისა	1	1	1.9	mrav-martyrs-chrysostom-3	RARE
შეწუნა	შეწუნა	1	1	1.9	mrav-martyrs-chrysostom-3	RARE
პატივსცეს	პატივსცეს	1	1	1.9	mrav-martyrs-chrysostom-3	RARE
დანიელს	დანიელს	1	1	1.9	mrav-martyrs-chrysostom-3	RARE
აცუა	აცუა	1	1	1.9	mrav-martyrs-chrysostom-3	RARE
დანიელისი	დანიელისი	1	1	1.9	mrav-martyrs-chrysostom-3	RARE
გუბრძვანან	გუბრძვანან	1	1	1.9	mrav-martyrs-chrysostom-3	RARE
რომელნიმცა	რომელნიმცა	1	1	1.9	mrav-martyrs-chrysostom-3	RARE
მაჭირებდეს	მაჭირებდეს	1	1	1.9	mrav-martyrs-chrysostom-3	RARE
მყოფელნი	მყოფელნი	1	1	1.9	mrav-martyrs-chrysostom-3	RARE
თაყუანისმცემელ	თაყუანისმცემელ	1	1	1.9	mrav-martyrs-chrysostom-3	RARE
დაილინეს	დაილინეს	1	1	1.9	mrav-martyrs-chrysostom-3	RARE
მოჰკაფდეს	მოჰკაფდეს	1	1	1.9	mrav-martyrs-chrysostom-3	RARE
სერტყები	სერტყები	1	1	1.9	mrav-martyrs-chrysostom-3	RARE
მომკაფელნი	მომკაფელნი	1	1	1.9	mrav-martyrs-chrysostom-3	RARE
ოაკლდა	მოაკლდა	1	1	1.9	mrav-martyrs-chrysostom-3	RARE
რისხვისათა	რისხვისათა	1	1	1.9	mrav-martyrs-chrysostom-3	RARE
ტევნისა	ტევნისა	1	1	1.9	mrav-martyrs-chrysostom-3	RARE
დატკებნეს	დატკებნეს	1	1	1.9	mrav-martyrs-chrysostom-3	RARE
მაღნარისათა	მაღნარისათა	1	1	1.9	mrav-martyrs-chrysostom-3	RARE
მაჭირეს	მაჭირეს	1	1	1.9	mrav-martyrs-chrysostom-3	RARE
ვსძლოთ	ვსძლოთ	1	1	1.9	mrav-martyrs-chrysostom-3	RARE
ვცვალოთ	ვცვალოთ	1	1	1.9	mrav-martyrs-chrysostom-3	RARE
განვქველდეთ	განვქველდეთ	1	1	1.9	mrav-martyrs-chrysostom-3	RARE
იობიცა	იობიცა	1	1	1.9	mrav-martyrs-chrysostom-3	RARE
ძმაცულებისა	ძმაცულებისა	1	1	1.9	mrav-martyrs-chrysostom-3	RARE
უკეთურებისაგან	უკეთურებისაგან	1	1	1.9	mrav-martyrs-chrysostom-3	RARE
თჳსთაებრ	თვსთაებრ	1	1	1.9	mrav-martyrs-chrysostom-3	RARE
მუცლისასა	მუცლისასა	1	1	1.9	mrav-martyrs-chrysostom-3	RARE
გერეოდით	გერეოდით	1	1	1.9	mrav-martyrs-chrysostom-3	RARE
შეგუემთხჳოს	შეგუემთხვოს	1	1	1.9	mrav-martyrs-chrysostom-3	RARE
შეგჳმოსიეს	შეგვმოსიეს	1	1	1.9	mrav-martyrs-chrysostom-3	RARE
ქველისმოქმედმან	ქველისმოქმედმან	1	1	1.9	mrav-martyrs-chrysostom-3	RARE
განმაძლიერენინ	განმაძლიერენინ	1	1	1.9	mrav-martyrs-chrysostom-3	RARE
წარმავალ	წარმავალ	1	1	1.9	mrav-martyrs-chrysostom-3	RARE
ორითავე	ორითავე	1	1	1.9	mrav-martyrs-chrysostom	RARE
მიუტევნა	მიუტევნა	1	1	1.9	mrav-martyrs-chrysostom	RARE
ეფარნეს	ეფარნეს	1	1	1.9	mrav-martyrs-chrysostom	RARE
განჰყიდდეს	განჰყიდდეს	1	1	1.9	mrav-martyrs-chrysostom	RARE
მჴნისაჲ	მხნისაი	1	1	1.9	mrav-martyrs-chrysostom	RARE
მახჳლისაგან	მახვლისაგან	1	1	1.9	mrav-martyrs-chrysostom	RARE
მათთაჲსა	მათთაისა	1	1	1.9	mrav-martyrs-chrysostom	RARE
მოწაფისაჲ	მოწაფისაი	1	1	1.9	mrav-martyrs-chrysostom	RARE
დავაკნინეთ	დავაკნინეთ	1	1	1.9	mrav-martyrs-chrysostom	RARE
დაემორჩილა	დაემორჩილა	1	1	1.9	mrav-martyrs-chrysostom	RARE
ცხოვრებასაღა	ცხოვრებასაღა	1	1	1.9	mrav-martyrs-chrysostom	RARE
დავამცირენით	დავამცირენით	1	1	1.9	mrav-martyrs-chrysostom	RARE
განადიდნა	განადიდნა	1	1	1.9	mrav-martyrs-chrysostom	RARE
მაღლებულ	მაღლებულ	1	1	1.9	mrav-martyrs-chrysostom	RARE
ვიდრემცა	ვიდრემცა	1	1	1.9	mrav-martyrs-chrysostom	RARE
მოუძლურდეს	მოუძლურდეს	1	1	1.9	mrav-martyrs-chrysostom	RARE
აღმაღლებით	აღმაღლებით	1	1	1.9	mrav-martyrs-chrysostom	RARE
ჰგვანან	ჰგვანან	1	1	1.9	mrav-martyrs-chrysostom	RARE
ესწორებიან	ესწორებიან	1	1	1.9	mrav-martyrs-chrysostom	RARE
მსაჯულთასა	მსაჯულთასა	1	1	1.9	mrav-martyrs-chrysostom	RARE
განიკითხვოდა	განიკითხვოდა	1	1	1.9	mrav-martyrs-chrysostom	RARE
განიკითხვოდეს	განიკითხვოდეს	1	1	1.9	mrav-martyrs-chrysostom	RARE
ვნებულ	ვნებულ	1	1	1.9	mrav-martyrs-chrysostom	RARE
განდიდნა	განდიდნა	1	1	1.9	mrav-martyrs-chrysostom	RARE
დამდაბლდეს	დამდაბლდეს	1	1	1.9	mrav-martyrs-chrysostom	RARE
მდევართანი	მდევართანი	1	1	1.9	mrav-martyrs-chrysostom	RARE
მცუმელთანი	მცუმელთანი	1	1	1.9	mrav-martyrs-chrysostom	RARE
დაისაჯებოდა	დაისაჯებოდა	1	1	1.9	mrav-martyrs-chrysostom	RARE
საშჯელისაგან	საშჯელისაგან	1	1	1.9	mrav-martyrs-chrysostom	RARE
ევედრებიან	ევედრებიან	1	1	1.9	mrav-martyrs-chrysostom	RARE
მსაჯულთაჲსა	მსაჯულთაისა	1	1	1.9	mrav-martyrs-chrysostom	RARE
დათრგუნვილ	დათრგუნვილ	1	1	1.9	mrav-martyrs-chrysostom	RARE
აჴოცილ	ახოცილ	1	1	1.9	mrav-martyrs-chrysostom	RARE
მოხუეჭის	მოხუეჭის	1	1	1.9	mrav-martyrs-chrysostom	RARE
აღიარნა	აღიარნა	1	1	1.9	mrav-martyrs-chrysostom	RARE
აღიარონ	აღიარონ	1	1	1.9	mrav-martyrs-chrysostom	RARE
მად	ამად	1	1	1.9	hesych-hypapante-01	RARE
პირველისაებრ	პირველისაებრ	1	1	1.9	hesych-hypapante-01	RARE
მოიპოვენ	მოიპოვენ	1	1	1.9	hesych-hypapante-01	RARE
შევედინ	შევედინ	1	1	1.9	hesych-hypapante-01	RARE
პროდიაკისასა	პროდიაკისასა	1	1	1.9	hesych-hypapante-01	RARE
ეყოს	ეყოს	1	1	1.9	hesych-hypapante-01	RARE
ათვრამეტისა	ათვრამეტისა	1	1	1.9	hesych-hypapante-01	RARE
ჰბაძევდინ	ჰბაძევდინ	1	1	1.9	hesych-hypapante-01	RARE
ანნას	ანნას	1	1	1.9	hesych-hypapante-01	RARE
ჰბაზევდინ	ჰბაზევდინ	1	1	1.9	hesych-hypapante-01	RARE
მიისწრაფე	მიისწრაფე	1	1	1.9	hesych-hypapante-01	RARE
ტრედისანი	ტრედისანი	1	1	1.9	hesych-hypapante-01	RARE
შეიწირვოდეს	შეიწირვოდეს	1	1	1.9	hesych-hypapante-01	RARE
შეიწირვის	შეიწირვის	1	1	1.9	hesych-hypapante-01	RARE
აცუენებდა	აცუენებდა	1	1	1.9	hesych-hypapante-01	RARE
განშიშუვლებულად	განშიშუვლებულად	1	1	1.9	hesych-hypapante-01	RARE
დაგიკჳრდებოდა	დაგიკვრდებოდა	1	1	1.9	hesych-hypapante-01	RARE
გარდამოჲ	გარდამოი	1	1	1.9	hesych-hypapante-01	RARE
დამოკიდებულსა	დამოკიდებულსა	1	1	1.9	hesych-hypapante-01	RARE
მიეგებვოდე	მიეგებვოდე	1	1	1.9	hesych-hypapante-01	RARE
კურთხევად	კურთხევად	1	1	1.9	hesych-hypapante-01	RARE
იძრვოდა	იძრვოდა	1	1	1.9	hesych-hypapante-01	RARE
განუტევე	განუტევე	1	1	1.9	hesych-hypapante-01	RARE
პყრობილებისაგან	პყრობილებისაგან	1	1	1.9	hesych-hypapante-01	RARE
დაჴსნდების	დახსნდების	1	1	1.9	hesych-hypapante-01	RARE
აყუედროს	აყუედროს	1	1	1.9	hesych-hypapante-01	RARE
მცნებათაჲ	მცნებათაი	1	1	1.9	hesych-hypapante-01	RARE
ცატანი	ცატანი	1	1	1.9	hesych-hypapante-01	RARE
ცეცხლებრ	ცეცხლებრ	1	1	1.9	hesych-hypapante-01	RARE
მოტყინარენი	მოტყინარენი	1	1	1.9	hesych-hypapante-01	RARE
განსადევნელად	განსადევნელად	1	1	1.9	hesych-hypapante-01	RARE
აღვიდე	აღვიდე	1	1	1.9	hesych-hypapante-01	RARE
ცისასა	ცისასა	1	1	1.9	hesych-hypapante-01	RARE
შეხუეულამან	შეხუეულამან	1	1	1.9	hesych-hypapante-01	RARE
მოუღო	მოუღო	1	1	1.9	hesych-hypapante-01	RARE
მიეპარა	მიეპარა	1	1	1.9	hesych-hypapante-01	RARE
ადამისგან	ადამისგან	1	1	1.9	hesych-hypapante-01	RARE
დასძინა	დასძინა	1	1	1.9	hesych-hypapante-01	RARE
დაჰფარავ	დაჰფარავ	1	1	1.9	hesych-hypapante-01	RARE
თაყვანის	თაყვანის	1	1	1.9	hesych-hypapante-01	RARE
ცთომით	ცთომით	1	1	1.9	hesych-hypapante-01	RARE
გამობრწყინებად	გამობრწყინებად	1	1	1.9	hesych-hypapante-01	RARE
წარმართნიმცა	წარმართნიმცა	1	1	1.9	hesych-hypapante-01	RARE
ცხომდეს	ცხომდეს	1	1	1.9	hesych-hypapante-01	RARE
ნატესავი	ნატესავი	1	1	1.9	hesych-hypapante-01	RARE
წინადაცუეთილებისა	წინადაცუეთილებისა	1	1	1.9	hesych-hypapante-01	RARE
სჳმეონისათა	სვმეონისათა	1	1	1.9	hesych-hypapante-01	RARE
ადიდებდა	ადიდებდა	1	1	1.9	hesych-hypapante-01	RARE
მიქუმული	მიქუმული	1	1	1.9	hesych-hypapante-01	RARE
განისხმის	განისხმის	1	1	1.9	hesych-hypapante-01	RARE
დაიშაჯებიან	დაიშაჯებიან	1	1	1.9	hesych-hypapante-01	RARE
ინატრებიან	ინატრებიან	1	1	1.9	hesych-hypapante-01	RARE
იწოდებიან	იწოდებიან	1	1	1.9	hesych-hypapante-01	RARE
აგინებდენ	აგინებდენ	1	1	1.9	hesych-hypapante-01	RARE
მატსა	მატსა	1	1	1.9	hesych-hypapante-01	RARE
განკრთენ	განკრთენ	1	1	1.9	hesych-hypapante-01	RARE
შეიშალნენ	შეიშალნენ	1	1	1.9	hesych-hypapante-01	RARE
იძრვოდის	იძრვოდის	1	1	1.9	hesych-hypapante-01	RARE
განსთქდენ	განსთქდენ	1	1	1.9	hesych-hypapante-01	RARE
აღცჳვოდიან	აღცვვოდიან	1	1	1.9	hesych-hypapante-01	RARE
დაჰკრბეს	დაჰკრბეს	1	1	1.9	hesych-hypapante-01	RARE
კრეთსაბმელისაჲ	კრეთსაბმელისაი	1	1	1.9	hesych-hypapante-01	RARE
ზრახვანიცა	ზრახვანიცა	1	1	1.9	hesych-hypapante-01	RARE
გუაუწყენ	გუაუწყენ	1	1	1.9	hesych-hypapante-01	RARE
მრავალთანი	მრავალთანი	1	1	1.9	hesych-hypapante-01	RARE
პილატჱსი	პილატესი	1	1	1.9	hesych-hypapante-01	RARE
ჴელთაჲ	ხელთაი	1	1	1.9	hesych-hypapante-01	RARE
გამოჩინებით	გამოჩინებით	1	1	1.9	hesych-hypapante-01	RARE
სისხლისაგან	სისხლისაგან	1	1	1.9	hesych-hypapante-01	RARE
კაიფაჲსი	კაიფაისი	1	1	1.9	hesych-hypapante-01	RARE
ანნაჲს	ანნაის	1	1	1.9	hesych-hypapante-01	RARE
გამოცხადნეს	გამოცხადნეს	1	1	1.9	hesych-hypapante-01	RARE
ასისთავისა	ასისთავისა	1	1	1.9	hesych-hypapante-01	RARE
განეფინოს	განეფინოს	1	1	1.9	hesych-hypapante-01	RARE
ხოლოჲ	მხოლოი	1	1	1.9	mrav-timote-1	RARE
მართალთაგან	მართალთაგან	1	1	1.9	mrav-timote-1	RARE
ვლენან	ვლენან	1	1	1.9	mrav-timote-1	RARE
არვინთით	არვინთით	1	1	1.9	mrav-timote-1	RARE
უპირადეს	უპირადეს	1	1	1.9	mrav-timote-1	RARE
შეიწყნარნის	შეიწყნარნის	1	1	1.9	mrav-timote-1	RARE
წარავლინნის	წარავლინნის	1	1	1.9	mrav-timote-1	RARE
ჴმობს	ხმობს	1	1	1.9	mrav-timote-1	RARE
უღმრთოთაჲ	უღმრთოთაი	1	1	1.9	mrav-timote-1	RARE
დაშრტეს	დაშრტეს	1	1	1.9	mrav-timote-1	RARE
ცხომდენ	ცხომდენ	1	1	1.9	mrav-timote-1	RARE
მარლისაგან	მარლისაგან	1	1	1.9	mrav-timote-1	RARE
მიემსგავსა	მიემსგავსა	1	1	1.9	mrav-timote-1	RARE
წერილარს	წერილარს	1	1	1.9	mrav-timote-1	RARE
ყუავოდის	ყუავოდის	1	1	1.9	mrav-timote-1	RARE
ლიბანისაჲ	ლიბანისაი	1	1	1.9	mrav-timote-1	RARE
ყუავინ	ყუავინ	1	1	1.9	mrav-timote-1	RARE
სიტკბოვებაჲ	სიტკბოვებაი	1	1	1.9	mrav-timote-1	RARE
შეორგულდის	შეორგულდის	1	1	1.9	mrav-timote-1	RARE
მართლისაჲ	მართლისაი	1	1	1.9	mrav-timote-1	RARE
ენუქ	ენუქ	1	1	1.9	mrav-timote-1	RARE
რღუნითა	რღუნითა	1	1	1.9	mrav-timote-1	RARE
ნოვე	ნოვე	1	1	1.9	mrav-timote-1	RARE
დააქცინა	დააქცინა	1	1	1.9	mrav-timote-1	RARE
განარინნე	განარინნე	1	1	1.9	mrav-timote-1	RARE
ლოტ	ლოტ	1	1	1.9	mrav-timote-1	RARE
იობ	იობ	1	1	1.9	mrav-timote-1	RARE
დავიდ	დავიდ	1	1	1.9	mrav-timote-1	RARE
ელიაჲსიცა	ელიაისიცა	1	1	1.9	mrav-timote-1	RARE
სხუათაჲ	სხუათაი	1	1	1.9	mrav-timote-1	RARE
დაყოვნებისათჳს	დაყოვნებისათვს	1	1	1.9	mrav-timote-1	RARE
უტევოთ	უტევოთ	1	1	1.9	mrav-timote-1	RARE
ჟამისათჳს	ჟამისათვს	1	1	1.9	mrav-timote-1	RARE
მახარებელისაგან	მახარებელისაგან	1	1	1.9	mrav-timote-1	RARE
პირველიცა	პირველიცა	1	1	1.9	mrav-timote-1	RARE
უკუანაჲსკნელიცა	უკუანაისკნელიცა	1	1	1.9	mrav-timote-1	RARE
კითხვით	კითხვით	1	1	1.9	mrav-timote-1	RARE
ცნობით	ცნობით	1	1	1.9	mrav-timote-1	RARE
ეკალთაგან	ეკალთაგან	1	1	1.9	mrav-timote-1	RARE
განშოვრებულ	განშოვრებულ	1	1	1.9	mrav-timote-1	RARE
მიიქუას	მიიქუას	1	1	1.9	mrav-timote-1	RARE
განიცად	განიცად	1	1	1.9	mrav-timote-1	RARE
იჯმნიდა	იჯმნიდა	1	1	1.9	mrav-timote-1	RARE
მთავარანგელოზთაჲ	მთავარანგელოზთაი	1	1	1.9	mrav-timote-1	RARE
მიგცემდეს	მიგცემდეს	1	1	1.9	mrav-timote-1	RARE
გზაობაჲ	გზაობაი	1	1	1.9	mrav-timote-1	RARE
ვიხილავ	ვიხილავ	1	1	1.9	mrav-timote-1	RARE
ეკლისასა	ეკლისასა	1	1	1.9	mrav-timote-1	RARE
ყურიმლის	ყურიმლის	1	1	1.9	mrav-timote-1	RARE
უწყებულ	უწყებულ	1	1	1.9	mrav-timote-1	RARE
იოსეფს	იოსეფს	1	1	1.9	mrav-timote-1	RARE
მირბიოდე	მირბიოდე	1	1	1.9	mrav-timote-1	RARE
განმტევებელი	განმტევებელი	1	1	1.9	mrav-timote-1	RARE
განაგე	განაგე	1	1	1.9	mrav-timote-1	RARE
განჰმზადე	განჰმზადე	1	1	1.9	mrav-timote-1	RARE
სამკუდროჲ	სამკუდროი	1	1	1.9	mrav-timote-1	RARE
წინაწარმეტყუელებდ	წინაწარმეტყუელებდ	1	1	1.9	mrav-timote-1	RARE
წინამძღურობითა	წინამძღურობითა	1	1	1.9	mrav-timote-1	RARE
მიუსწრვო	მიუსწრვო	1	1	1.9	mrav-timote-1	RARE
შეჰყვანდეს	შეჰყვანდეს	1	1	1.9	mrav-timote-1	RARE
მარიამცა	მარიამცა	1	1	1.9	mrav-timote-1	RARE
მიჰხედა	მიჰხედა	1	1	1.9	mrav-timote-1	RARE
მბრწყინვალესა	მბრწყინვალესა	1	1	1.9	mrav-timote-1	RARE
დედათასა	დედათასა	1	1	1.9	mrav-timote-1	RARE
შეეახლებით	შეეახლებით	1	1	1.9	mrav-timote-1	RARE
მიგყვანან	მიგყვანან	1	1	1.9	mrav-timote-1	RARE
მოჰგუარენით	მოჰგუარენით	1	1	1.9	mrav-timote-1	RARE
აბრაჰამისსა	აბრაჰამისსა	1	1	1.9	mrav-timote-1	RARE
იოსეფ	იოსეფ	1	1	1.9	mrav-timote-1	RARE
ქალწულებასავე	ქალწულებასავე	1	1	1.9	mrav-timote-1	RARE
ჰგიე	ჰგიე	1	1	1.9	mrav-timote-1	RARE
აწოვებ	აწოვებ	1	1	1.9	mrav-timote-1	RARE
აღჰზარდე	აღჰზარდე	1	1	1.9	mrav-timote-1	RARE
უწჳმა	უწვმა	1	1	1.9	mrav-timote-1	RARE
უწყებითა	უწყებითა	1	1	1.9	mrav-timote-1	RARE
ურწმუნოთათჳს	ურწმუნოთათვს	1	1	1.9	mrav-timote-1	RARE
მარცხენითისაჲ	მარცხენითისაი	1	1	1.9	mrav-timote-1	RARE
მარჯუენითისაჲ	მარჯუენითისაი	1	1	1.9	mrav-timote-1	RARE
აცემად	დაცემად	1	1	1.9	mrav-timote-1	RARE
ესაიაჲსი	ესაიაისი	1	1	1.9	mrav-timote-1	RARE
აქაზს	აქაზს	1	1	1.9	mrav-timote-1	RARE
სიღრმედ	სიღრმედ	1	1	1.9	mrav-timote-1	RARE
სიმაღლედ	სიმაღლედ	1	1	1.9	mrav-timote-1	RARE
აქაზ	აქაზ	1	1	1.9	mrav-timote-1	RARE
ვითხოვო	ვითხოვო	1	1	1.9	mrav-timote-1	RARE
განვცადო	განვცადო	1	1	1.9	mrav-timote-1	RARE
ემმანნუელ	ემმანნუელ	1	1	1.9	mrav-timote-1	RARE
იშვებოდა	იშვებოდა	1	1	1.9	mrav-timote-1	RARE
გამოცხადნენ	გამოცხადნენ	1	1	1.9	mrav-timote-1	RARE
იმარტჳროსო	იმარტვროსო	1	1	1.9	mrav-timote-1	RARE
მჭედელთაგან	მჭედელთაგან	1	1	1.9	mrav-timote-1	RARE
განიჭედის	განიჭედის	1	1	1.9	mrav-timote-1	RARE
განიკუეთის	განიკუეთის	1	1	1.9	mrav-timote-1	RARE
განვლო	განვლო	1	1	1.9	mrav-timote-1	RARE
წარჰმატებს	წარჰმატებს	1	1	1.9	mrav-timote-1	RARE
შობითგან	შობითგან	1	1	1.9	mrav-timote-1	RARE
ჟამიტი	ჟამიტი	1	1	1.9	mrav-timote-1	RARE
დაამტკიცებდა	დაამტკიცებდა	1	1	1.9	mrav-timote-1	RARE
აღემატე	აღემატე	1	1	1.9	mrav-timote-1	RARE
ბოდა	ბოდა	1	1	1.9	mrav-timote-1	RARE
სიბძნითა	სიბძნითა	1	1	1.9	mrav-timote-1	RARE
მახარებელისაჲ	მახარებელისაი	1	1	1.9	mrav-timote-1	RARE
ზატიკობისასა	ზატიკობისასა	1	1	1.9	mrav-timote-1	RARE
არასრულნეს	არასრულნეს	1	1	1.9	mrav-timote-1	RARE
სოფლადვე	სოფლადვე	1	1	1.9	mrav-timote-1	RARE
დაშდა	დაშდა	1	1	1.9	mrav-timote-1	RARE
თანამავალთა	თანამავალთა	1	1	1.9	mrav-timote-1	RARE
უკუნიქცეს	უკუნიქცეს	1	1	1.9	mrav-timote-1	RARE
სჳმეონისი	სვმეონისი	1	1	1.9	mrav-timote-1	RARE
ძიებისა	ძიებისა	1	1	1.9	mrav-timote-1	RARE
ზრდიდა	ზრდიდა	1	1	1.9	mrav-timote-1	RARE
დედობისაჲ	დედობისაი	1	1	1.9	mrav-timote-1	RARE
წარუწყმდა	წარუწყმდა	1	1	1.9	mrav-timote-1	RARE
ეზიებდა	ეზიებდა	1	1	1.9	mrav-timote-1	RARE
გიტჳრთა	გიტვრთა	1	1	1.9	mrav-timote-1	RARE
გიწოვებდეს	გიწოვებდეს	1	1	1.9	mrav-timote-1	RARE
ელისაბეტს	ელისაბეტს	1	1	1.9	mrav-timote-1	RARE
ვწუხ	ვწუხ	1	1	1.9	mrav-timote-1	RARE
დაიცვების	დაიცვების	1	1	1.9	mrav-timote-1	RARE
ჩნს	ჩნს	1	1	1.9	mrav-timote-1	RARE
გაბრიელისი	გაბრიელისი	1	1	1.9	mrav-timote-1	RARE
მოგუთაჲ	მოგუთაი	1	1	1.9	mrav-timote-1	RARE
ესრჱი	ესრეი	1	1	1.9	mrav-timote-1	RARE
განსლვაჲ	განსლვაი	1	1	1.9	mrav-timote-1	RARE
დაადგრესო	დაადგრესო	1	1	1.9	mrav-timote-1	RARE
ეუფლოსო	ეუფლოსო	1	1	1.9	mrav-timote-1	RARE
განვლოსო	განვლოსო	1	1	1.9	mrav-timote-1	RARE
შეგემთხჳოს	შეგემთხვოს	1	1	1.9	mrav-timote-1	RARE
შევრდომილ	შევრდომილ	1	1	1.9	mrav-timote-1	RARE
ურვით	ურვით	1	1	1.9	mrav-timote-1	RARE
გეძიებთ	გეძიებთ	1	1	1.9	mrav-timote-1	RARE
სჳმეონის	სვმეონის	1	1	1.9	mrav-timote-1	RARE
წინაწარმეტყუელისანი	წინაწარმეტყუელისანი	1	1	1.9	mrav-timote-1	RARE
ჰკითხავ	ჰკითხავ	1	1	1.9	mrav-timote-1	RARE
გისწავიეს	გისწავიეს	1	1	1.9	mrav-timote-1	RARE
გხედვენ	გხედვენ	1	1	1.9	mrav-timote-1	RARE
გამოუცხადებდა	გამოუცხადებდა	1	1	1.9	mrav-timote-1	RARE
იცოდეთა	იცოდეთა	1	1	1.9	mrav-timote-1	RARE
მხადოდაა	მხადოდაა	1	1	1.9	mrav-timote-1	RARE
აღმიარა	აღმიარა	1	1	1.9	mrav-timote-1	RARE
მოგიგენ	მოგიგენ	1	1	1.9	mrav-timote-1	RARE
დავასრულოთ	დავასრულოთ	1	1	1.9	mrav-timote-1	RARE
მოვიწრაფოთ	მოვიწრაფოთ	1	1	1.9	mrav-timote-1	RARE
გამოიძიებდა	გამოიძიებდა	1	1	1.9	mrav-nails-inventio	RARE
ჯუარისათაჲ	ჯუარისათაი	1	1	1.9	mrav-nails-inventio	RARE
შემსჭუალეს	შემსჭუალეს	1	1	1.9	mrav-nails-inventio	RARE
ჯაუარსა	ჯაუარსა	1	1	1.9	mrav-nails-inventio	RARE
დავსცხრე	დავსცხრე	1	1	1.9	mrav-nails-inventio	RARE
მაგისიცა	მაგისიცა	1	1	1.9	mrav-nails-inventio	RARE
აღმისრულოს	აღმისრულოს	1	1	1.9	mrav-nails-inventio	RARE
შევეღასძინე	შევეღასძინე	1	1	1.9	mrav-nails-inventio	RARE
ევედრე	ევედრე	1	1	1.9	mrav-nails-inventio	RARE
ესვიდეს	ესვიდეს	1	1	1.9	mrav-nails-inventio	RARE
პოვნისათჳს	პოვნისათვს	1	1	1.9	mrav-nails-inventio	RARE
იცემდა	იცემდა	1	1	1.9	mrav-nails-inventio	RARE
აღიარებდა	აღიარებდა	1	1	1.9	mrav-nails-inventio	RARE
ჰნატრიდა	ჰნატრიდა	1	1	1.9	mrav-nails-inventio	RARE
ლოცვისასა	ლოცვისასა	1	1	1.9	mrav-nails-inventio	RARE
გჳცნობიეს	გვცნობიეს	1	1	1.9	mrav-nails-inventio	RARE
მიმართცა	მიმართცა	1	1	1.9	mrav-nails-inventio	RARE
მოიხუნა	მოიხუნა	1	1	1.9	mrav-nails-inventio	RARE
მიუთუალნა	მიუთუალნა	1	1	1.9	mrav-nails-inventio	RARE
მოდრეკით	მოდრეკით	1	1	1.9	mrav-nails-inventio	RARE
შევეღასძინა	შევეღასძინა	1	1	1.9	mrav-nails-inventio	RARE
გამოკულევად	გამოკულევად	1	1	1.9	mrav-nails-inventio	RARE
წინაჲწარცა	წინაიწარცა	1	1	1.9	mrav-nails-inventio	RARE
შექმნენ	შექმნენ	1	1	1.9	mrav-nails-inventio	RARE
შუად	შუად	1	1	1.9	mrav-nails-inventio	RARE
ჰუნისათჳს	ჰუნისათვს	1	1	1.9	mrav-nails-inventio	RARE
ისრის	ისრის	1	1	1.9	mrav-nails-inventio	RARE
დასამშჳდებელად	დასამშვდებელად	1	1	1.9	mrav-nails-inventio	RARE
ცხენისათა	ცხენისათა	1	1	1.9	mrav-nails-inventio	RARE
დევნულებით	დევნულებით	1	1	1.9	mrav-nails-inventio	RARE
განასხნა	განასხნა	1	1	1.9	mrav-nails-inventio	RARE
განიდევნეს	განიდევნეს	1	1	1.9	mrav-nails-inventio	RARE
ვაჴსენებთ	ვახსენებთ	1	1	1.9	mrav-nails-inventio	RARE
მარიამისსა	მარიამისსა	1	1	1.9	mrav-nails-inventio	RARE
გუნდები	გუნდები	1	1	1.9	mrav-nails-inventio	RARE
განასხა	განასხა	1	1	1.9	mrav-nails-inventio	RARE
ჰკურნებდა	ჰკურნებდა	1	1	1.9	mrav-nails-inventio	RARE
ამაღლებისა	ამაღლებისა	1	1	1.9	mrav-nails-inventio	RARE
შობისაჲ	შობისაი	1	1	1.9	mrav-nativity-theotokos	RARE
წაიკითხონ	წაიკითხონ	1	1	1.9	mrav-nativity-theotokos	RARE
ღმრთისმშობელისაჲ	ღმრთისმშობელისაი	1	1	1.9	mrav-nativity-theotokos	RARE
დღევანდელი	დღევანდელი	1	1	1.9	chrys-epiphany-homily	RARE
საუკუნოჲსაჲ	საუკუნოისაი	1	1	1.9	chrys-epiphany-homily	RARE
გამოგჳჩინა	გამოგვჩინა	1	1	1.9	chrys-epiphany-homily	RARE
გამოგჳბრწყინა	გამოგვბრწყინა	1	1	1.9	chrys-epiphany-homily	RARE
ტრედისაჲთა	ტრედისაითა	1	1	1.9	chrys-epiphany-homily	RARE
პატუიოსან	პატუიოსან	1	1	1.9	chrys-epiphany-homily	RARE
ეჩუენების	ეჩუენების	1	1	1.9	chrys-epiphany-homily	RARE
განიწმინდების	განიწმინდების	1	1	1.9	chrys-epiphany-homily	RARE
განიჴსნების	განიხსნების	1	1	1.9	chrys-epiphany-homily	RARE
დაამჴობს	დაამხობს	1	1	1.9	chrys-epiphany-homily	RARE
დასცხრების	დასცხრების	1	1	1.9	chrys-epiphany-homily	RARE
მოჰრიდებს	მოჰრიდებს	1	1	1.9	chrys-epiphany-homily	RARE
განსქთდა	განსქთდა	1	1	1.9	chrys-epiphany-homily	RARE
გუასწავებენ	გუასწავებენ	1	1	1.9	chrys-epiphany-homily	RARE
ოთხმეოცდამეათჱ	ოთხმეოცდამეათე	1	1	1.9	chrys-epiphany-homily	RARE
დაეცნენ	დაეცნენ	1	1	1.9	chrys-epiphany-homily	RARE
მიგეახლნენ	მიგეახლნენ	1	1	1.9	chrys-epiphany-homily	RARE
წარმოვთქუთ	წარმოვთქუთ	1	1	1.9	chrys-epiphany-homily	RARE
გამოვაჩინეთ	გამოვაჩინეთ	1	1	1.9	chrys-epiphany-homily	RARE
სიხარებისაგან	სიხარებისაგან	1	1	1.9	chrys-epiphany-homily	RARE
მოსლვისათჳს	მოსლვისათვს	1	1	1.9	chrys-epiphany-homily	RARE
მხოლოდშობილისა	მხოლოდშობილისა	1	1	1.9	chrys-epiphany-homily	RARE
ფსალმუნისაჲ	ფსალმუნისაი	1	1	1.9	chrys-epiphany-homily	RARE
დავჰმარხოთ	დავჰმარხოთ	1	1	1.9	chrys-epiphany-homily	RARE
გჳც	გვც	1	1	1.9	chrys-epiphany-homily	RARE
მოვისწრაფდეთ	მოვისწრაფდეთ	1	1	1.9	chrys-epiphany-homily	RARE
გამოჩინებისა	გამოჩინებისა	1	1	1.9	chrys-epiphany-homily	RARE
გჳყვნა	გვყვნა	1	1	1.9	chrys-epiphany-homily	RARE
საუფეველი	საუფეველი	1	1	1.9	chrys-epiphany-homily	RARE
მოგუატყუა	მოგუატყუა	1	1	1.9	chrys-epiphany-homily	RARE
დღესსწაულობს	დღესსწაულობს	1	1	1.9	chrys-epiphany-homily	RARE
ოხრის	ოხრის	1	1	1.9	chrys-epiphany-homily	RARE
ხარებენ	იხარებენ	1	1	1.9	chrys-epiphany-homily	RARE
გამოცხადნების	გამოცხადნების	1	1	1.9	chrys-epiphany-homily	RARE
მოეძარცუვის	მოეძარცუვის	1	1	1.9	chrys-epiphany-homily	RARE
დაჰჴსნდების	დაჰხსნდების	1	1	1.9	chrys-epiphany-homily	RARE
წინადაცუეთისა	წინადაცუეთისა	1	1	1.9	chrys-epiphany-homily	RARE
იმხილა	იმხილა	1	1	1.9	chrys-epiphany-homily	RARE
იგლოვს	იგლოვს	1	1	1.9	chrys-epiphany-homily	RARE
განსთქდა	განსთქდა	1	1	1.9	chrys-epiphany-homily	RARE
აღდგების	აღდგების	1	1	1.9	chrys-epiphany-homily	RARE
ნისი	ნისი	1	1	1.9	chrys-epiphany-homily	RARE
უკუდავებისაჲ	უკუდავებისაი	1	1	1.9	chrys-epiphany-homily	RARE
დაეცემის	დაეცემის	1	1	1.9	chrys-epiphany-homily	RARE
იხილვა	იხილვა	1	1	1.9	chrys-epiphany-homily	RARE
წამებული	წამებული	1	1	1.9	chrys-epiphany-homily	RARE
მდინარეს	მდინარეს	1	1	1.9	chrys-epiphany-homily	RARE
იდიდა	იდიდა	1	1	1.9	chrys-epiphany-homily	RARE
განხუამსა	განხუამსა	1	1	1.9	chrys-epiphany-homily	RARE
წამებით	წამებით	1	1	1.9	chrys-epiphany-homily	RARE
ყოველსაღა	ყოველსაღა	1	1	1.9	chrys-epiphany-homily	RARE
კადნიერებით	კადნიერებით	1	1	1.9	chrys-epiphany-homily	RARE
გარდამავალნო	გარდამავალნო	1	1	1.9	chrys-epiphany-homily	RARE
მბრძოლნო	მბრძოლნო	1	1	1.9	chrys-epiphany-homily	RARE
შემასმენელნო	შემასმენელნო	1	1	1.9	chrys-epiphany-homily	RARE
მხილებითა	მხილებითა	1	1	1.9	chrys-epiphany-homily	RARE
იოსებისი	იოსებისი	1	1	1.9	chrys-epiphany-homily	RARE
ეჩუენებიან	ეჩუენებიან	1	1	1.9	chrys-epiphany-homily	RARE
დამასრულებელი	დამასრულებელი	1	1	1.9	chrys-epiphany-homily	RARE
ეკლესიაჲცა	ეკლესიაიცა	1	1	1.9	chrys-epiphany-homily	RARE
აღვასრულეთ	აღვასრულეთ	1	1	1.9	chrys-epiphany-homily	RARE
დადგენ	დადგენ	1	1	1.9	chrys-epiphany-homily	RARE
სიწრფელესა	სიწრფელესა	1	1	1.9	chrys-epiphany-homily	RARE
ჰრაცხა	ჰრაცხა	1	1	1.9	mrav-natlisgeba-okropiri	RARE
სწავლადცა	სწავლადცა	1	1	1.9	mrav-natlisgeba-okropiri	RARE
გარდამეტებულსა	გარდამეტებულსა	1	1	1.9	mrav-natlisgeba-okropiri	RARE
ჭეშმარიტებისაჲთა	ჭეშმარიტებისაითა	1	1	1.9	mrav-natlisgeba-okropiri	RARE
კიბედ	კიბედ	1	1	1.9	mrav-natlisgeba-okropiri	RARE
უძღოდა	უძღოდა	1	1	1.9	mrav-natlisgeba-okropiri	RARE
შეკრებულვართ	შეკრებულვართ	1	1	1.9	mrav-natlisgeba-okropiri	RARE
მოსწრაფებისათჳს	მოსწრაფებისათვს	1	1	1.9	mrav-natlisgeba-okropiri	RARE
გჳღირსვე	გვღირსვე	1	1	1.9	mrav-natlisgeba-okropiri	RARE
წყლადვე	წყლადვე	1	1	1.9	mrav-natlisgeba-okropiri	RARE
განიძღნეს	განიძღნეს	1	1	1.9	mrav-natlisgeba-okropiri	RARE
განბანეს	განბანეს	1	1	1.9	mrav-natlisgeba-okropiri	RARE
განასპეტაკეს	განასპეტაკეს	1	1	1.9	mrav-natlisgeba-okropiri	RARE
განმბანო	განმბანო	1	1	1.9	mrav-natlisgeba-okropiri	RARE
განვსპეტაკნე	განვსპეტაკნე	1	1	1.9	mrav-natlisgeba-okropiri	RARE
სემოსად	სემოსად	1	1	1.9	mrav-natlisgeba-okropiri	RARE
გუწუნს	გუწუნს	1	1	1.9	mrav-natlisgeba-okropiri	RARE
კრებულისაჲ	კრებულისაი	1	1	1.9	mrav-natlisgeba-okropiri	RARE
შეიმოს	შეიმოს	1	1	1.9	mrav-natlisgeba-okropiri	RARE
გგონიეს	გგონიეს	1	1	1.9	mrav-natlisgeba-okropiri	RARE
იხარებ	იხარებ	1	1	1.9	mrav-natlisgeba-okropiri	RARE
ელიაჲსითა	ელიაისითა	1	1	1.9	mrav-natlisgeba-okropiri	RARE
განკუეთის	განკუეთის	1	1	1.9	mrav-natlisgeba-okropiri	RARE
შეძრის	შეძრის	1	1	1.9	mrav-natlisgeba-okropiri	RARE
შესძრწუნდი	შესძრწუნდი	1	1	1.9	mrav-natlisgeba-okropiri	RARE
მასწაო	მასწაო	1	1	1.9	mrav-natlisgeba-okropiri	RARE
დიდადცა	დიდადცა	1	1	1.9	mrav-natlisgeba-okropiri	RARE
განამტკიცნის	განამტკიცნის	1	1	1.9	mrav-natlisgeba-okropiri	RARE
რღუნისაჲ	რღუნისაი	1	1	1.9	mrav-natlisgeba-okropiri	RARE
დააწყნარის	დააწყნარის	1	1	1.9	mrav-natlisgeba-okropiri	RARE
გამოვეძიებდე	გამოვეძიებდე	1	1	1.9	mrav-natlisgeba-okropiri	RARE
მისთანათა	მისთანათა	1	1	1.9	mrav-natlisgeba-okropiri	RARE
რაყთამცა	რაყთამცა	1	1	1.9	mrav-natlisgeba-okropiri	RARE
იღებდა	იღებდა	1	1	1.9	mrav-natlisgeba-okropiri	RARE
წყალთაგან	წყალთაგან	1	1	1.9	mrav-natlisgeba-okropiri	RARE
განწმიდნებოდეს	განწმიდნებოდეს	1	1	1.9	mrav-natlisgeba-okropiri	RARE
მისთანა	მისთანა	1	1	1.9	mrav-natlisgeba-okropiri	RARE
ჴურვალედ	მხურვალედ	1	1	1.9	mrav-natlisgeba-okropiri	RARE
შთაცჳოდეს	შთაცვოდეს	1	1	1.9	mrav-natlisgeba-okropiri	RARE
მფრინვალისასა	მფრინვალისასა	1	1	1.9	mrav-natlisgeba-okropiri	RARE
ქადაგებითგან	ქადაგებითგან	1	1	1.9	mrav-natlisgeba-okropiri	RARE
ნათლისღებად	ნათლისღებად	1	1	1.9	mrav-natlisgeba-okropiri	RARE
სეუნდო	სეუნდო	1	1	1.9	mrav-natlisgeba-okropiri	RARE
გონიერთათჳს	გონიერთათვს	1	1	1.9	mrav-natlisgeba-okropiri	RARE
განუხუამს	განუხუამს	1	1	1.9	mrav-natlisgeba-okropiri	RARE
მორბიან	მორბიან	1	1	1.9	mrav-natlisgeba-okropiri	RARE
მოეტევნეს	მოეტევნეს	1	1	1.9	mrav-natlisgeba-okropiri	RARE
სიწმიდჱცა	სიწმიდეცა	1	1	1.9	mrav-natlisgeba-okropiri	RARE
განეყენის	განეყენის	1	1	1.9	mrav-natlisgeba-okropiri	RARE
შეემოსის	შეემოსის	1	1	1.9	mrav-natlisgeba-okropiri	RARE
სინანულისასა	სინანულისასა	1	1	1.9	mrav-natlisgeba-okropiri	RARE
შესწირავნ	შესწირავნ	1	1	1.9	mrav-natlisgeba-okropiri	RARE
განვიმზადნეთ	განვიმზადნეთ	1	1	1.9	mrav-natlisgeba-okropiri	RARE
განვიმზადოთ	განვიმზადოთ	1	1	1.9	mrav-natlisgeba-okropiri	RARE
განვშუენდეთ	განვშუენდეთ	1	1	1.9	mrav-natlisgeba-okropiri	RARE
დავიცხებოდით	დავიცხებოდით	1	1	1.9	mrav-natlisgeba-okropiri	RARE
ჴორცითურთ	ხორცითურთ	1	1	1.9	mrav-natlisgeba-okropiri	RARE
დავივიწყნეთ	დავივიწყნეთ	1	1	1.9	mrav-natlisgeba-okropiri	RARE
მოვიპოვოთ	მოვიპოვოთ	1	1	1.9	mrav-natlisgeba-okropiri	RARE
ღებადმდე	ღებადმდე	1	1	1.9	mrav-natlisgeba-okropiri	RARE
განვიშოროთ	განვიშოროთ	1	1	1.9	mrav-natlisgeba-okropiri	RARE
იქედნისაჲ	იქედნისაი	1	1	1.9	mrav-natlisgeba-okropiri	RARE
წარმოვსთხიოთ	წარმოვსთხიოთ	1	1	1.9	mrav-natlisgeba-okropiri	RARE
გურქუას	გურქუას	1	1	1.9	mrav-natlisgeba-okropiri	RARE
მომავალისაგან	მომავალისაგან	1	1	1.9	mrav-natlisgeba-okropiri	RARE
სიმწარეს	სიმწარეს	1	1	1.9	mrav-natlisgeba-okropiri	RARE
დამკკდრებულსა	დამკკდრებულსა	1	1	1.9	mrav-natlisgeba-okropiri	RARE
იქედნისა	იქედნისა	1	1	1.9	mrav-natlisgeba-okropiri	RARE
გიცუენა	გიცუენა	1	1	1.9	mrav-natlisgeba-okropiri	RARE
რისხვისაგანა	რისხვისაგანა	1	1	1.9	mrav-natlisgeba-okropiri	RARE
იქედნედ	იქედნედ	1	1	1.9	mrav-natlisgeba-okropiri	RARE
უწოდდა	უწოდდა	1	1	1.9	mrav-natlisgeba-okropiri	RARE
მისცემთ	მისცემთ	1	1	1.9	mrav-natlisgeba-okropiri	RARE
დაუსხამთ	დაუსხამთ	1	1	1.9	mrav-natlisgeba-okropiri	RARE
დათრგუნონ	დათრგუნონ	1	1	1.9	mrav-natlisgeba-okropiri	RARE
ამსგავსებდა	ამსგავსებდა	1	1	1.9	mrav-natlisgeba-okropiri	RARE
განმზადებაჲ	განმზადებაი	1	1	1.9	mrav-natlisgeba-okropiri	RARE
მჴმობარეთანი	მხმობარეთანი	1	1	1.9	mrav-natlisgeba-1	RARE
განაცხვრნიან	განაცხვრნიან	1	1	1.9	mrav-natlisgeba-1	RARE
ტუალნი	ტუალნი	1	1	1.9	mrav-natlisgeba-1	RARE
გამოეფინის	გამოეფინის	1	1	1.9	mrav-natlisgeba-1	RARE
სათქუემელნი	სათქუემელნი	1	1	1.9	mrav-natlisgeba-1	RARE
დიედ	დიედ	1	1	1.9	mrav-natlisgeba-1	RARE
განანათლებენ	განანათლებენ	1	1	1.9	mrav-natlisgeba-1	RARE
ფერადთა	ფერადთა	1	1	1.9	mrav-natlisgeba-1	RARE
სახიობიტ	სახიობიტ	1	1	1.9	mrav-natlisgeba-1	RARE
ფსალმუნთაგან	ფსალმუნთაგან	1	1	1.9	mrav-natlisgeba-1	RARE
მდელოთასა	მდელოთასა	1	1	1.9	mrav-natlisgeba-1	RARE
ზეცისაიგი	ზეცისაიგი	1	1	1.9	mrav-natlisgeba-1	RARE
ნათლისმცემელი	ნათლისმცემელი	1	1	1.9	mrav-natlisgeba-1	RARE
მოგუატყუებს	მოგუატყუებს	1	1	1.9	mrav-natlisgeba-1	RARE
ცოდვათანი	ცოდვათანი	1	1	1.9	mrav-natlisgeba-1	RARE
განკურნნის	განკურნნის	1	1	1.9	mrav-natlisgeba-1	RARE
დაშტრის	დაშტრის	1	1	1.9	mrav-natlisgeba-1	RARE
ჰურიასტანი	ჰურიასტანი	1	1	1.9	mrav-natlisgeba-1	RARE
იორდანისანი	იორდანისანი	1	1	1.9	mrav-natlisgeba-1	RARE
ნანათელს	ნანათელს	1	1	1.9	mrav-natlisgeba-1	RARE
თავადიცა	თავადიცა	1	1	1.9	mrav-natlisgeba-1	RARE
მაცხოვრისაჲცა	მაცხოვრისაიცა	1	1	1.9	mrav-natlisgeba-1	RARE
წინამძღურებითა	წინამძღურებითა	1	1	1.9	mrav-natlisgeba-1	RARE
ზეუკუნიპყრა	ზეუკუნიპყრა	1	1	1.9	mrav-natlisgeba-1	RARE
მოუდრიკა	მოუდრიკა	1	1	1.9	mrav-natlisgeba-1	RARE
ასწრაფებდა	ასწრაფებდა	1	1	1.9	mrav-natlisgeba-1	RARE
ძრწოდა	ძრწოდა	1	1	1.9	mrav-natlisgeba-1	RARE
დაყოვნდებოდა	დაყოვნდებოდა	1	1	1.9	mrav-natlisgeba-1	RARE
მოხუალა	მოხუალა	1	1	1.9	mrav-natlisgeba-1	RARE
მბრწყინვალისაჲ	მბრწყინვალისაი	1	1	1.9	mrav-natlisgeba-1	RARE
კითხვიდა	ეკითხვიდა	1	1	1.9	mrav-natlisgeba-1	RARE
შეურდების	შეურდების	1	1	1.9	mrav-natlisgeba-1	RARE
ვიღებთ	ვიღებთ	1	1	1.9	mrav-natlisgeba-1	RARE
განიწმიდნების	განიწმიდნების	1	1	1.9	mrav-natlisgeba-1	RARE
შეაძრწუნა	შეაძრწუნა	1	1	1.9	mrav-natlisgeba-1	RARE
მდელოჲსასა	მდელოისასა	1	1	1.9	mrav-natlisgeba-1	RARE
ძაძაყ	ძაძაყ	1	1	1.9	mrav-natlisgeba-1	RARE
ერთმანერთისაგან	ერთმანერთისაგან	1	1	1.9	mrav-natlisgeba-1	RARE
ამპარტავნებით	ამპარტავნებით	1	1	1.9	mrav-natlisgeba-1	RARE
წინადაცუეთისაჲცა	წინადაცუეთისაიცა	1	1	1.9	mrav-natlisgeba-1	RARE
არასრულა	არასრულა	1	1	1.9	mrav-natlisgeba-1	RARE
შესაწირავიცა	შესაწირავიცა	1	1	1.9	mrav-natlisgeba-1	RARE
ტაძრისაცა	ტაძრისაცა	1	1	1.9	mrav-natlisgeba-1	RARE
წიგნთაცა	წიგნთაცა	1	1	1.9	mrav-natlisgeba-1	RARE
იოვანჱსგანცა	იოვანესგანცა	1	1	1.9	mrav-natlisgeba-1	RARE
წყალთაჲ	წყალთაი	1	1	1.9	mrav-natlisgeba-1	RARE
საწუტროსა	საწუტროსა	1	1	1.9	mrav-natlisgeba-1	RARE
მომცემ	მომცემ	1	1	1.9	mrav-natlisgeba-1	RARE
გამოუჩინებ	გამოუჩინებ	1	1	1.9	mrav-natlisgeba-1	RARE
მიცნას	მიცნას	1	1	1.9	mrav-natlisgeba-1	RARE
მკადროს	მკადროს	1	1	1.9	mrav-natlisgeba-1	RARE
განცდად	განცდად	1	1	1.9	mrav-natlisgeba-1	RARE
ადამსა	ადამსა	1	1	1.9	mrav-natlisgeba-1	RARE
სიბძნისა	სიბძნისა	1	1	1.9	mrav-natlisgeba-1	RARE
აოტებ	აოტებ	1	1	1.9	mrav-natlisgeba-1	RARE
ვიდიდო	ვიდიდო	1	1	1.9	mrav-natlisgeba-1	RARE
გარდავიჴადო	გარდავიხადო	1	1	1.9	mrav-natlisgeba-1	RARE
დაკლვად	დაკლვად	1	1	1.9	mrav-natlisgeba-1	RARE
ვიქცეოდი	ვიქცეოდი	1	1	1.9	mrav-natlisgeba-1	RARE
ნუღა	ნუღა	1	1	1.9	mrav-natlisgeba-1	RARE
მადიდებ	მადიდებ	1	1	1.9	mrav-natlisgeba-1	RARE
აღიპყრა	აღიპყრა	1	1	1.9	mrav-natlisgeba-1	RARE
საკრველებაჲ	საკრველებაი	1	1	1.9	mrav-natlisgeba-1	RARE
მუნთქუსვე	მუნთქუსვე	1	1	1.9	mrav-natlisgeba-1	RARE
ვცნათ	ვცნათ	1	1	1.9	mrav-natlisgeba-1	RARE
კაცთმოყუარისა	კაცთმოყუარისა	1	1	1.9	mrav-natlisgeba-1	RARE
მონათათჳს	მონათათვს	1	1	1.9	mrav-natlisgeba-1	RARE
მოძულებულთათჳს	მოძულებულთათვს	1	1	1.9	mrav-natlisgeba-1	RARE
ბუნებისათჳს	ბუნებისათვს	1	1	1.9	mrav-natlisgeba-1	RARE
დამცირდების	დამცირდების	1	1	1.9	mrav-natlisgeba-1	RARE
განუშორებელად	განუშორებელად	1	1	1.9	mrav-natlisgeba-1	RARE
ოვანჱსსა	იოვანესსა	1	1	1.9	mrav-natlisgeba-1	RARE
ეზიარებოდა	ეზიარებოდა	1	1	1.9	mrav-natlisgeba-1	RARE
იყიდებოდა	იყიდებოდა	1	1	1.9	mrav-natlisgeba-1	RARE
შიშთვილ	შიშთვილ	1	1	1.9	mrav-natlisgeba-1	RARE
დაედგმოდა	დაედგმოდა	1	1	1.9	mrav-natlisgeba-1	RARE
მეუფებისა	მეუფებისა	1	1	1.9	mrav-natlisgeba-1	RARE
მიეცემოდა	მიეცემოდა	1	1	1.9	mrav-natlisgeba-1	RARE
ეცუმოდა	ეცუმოდა	1	1	1.9	mrav-natlisgeba-1	RARE
ცუმულმან	ცუმულმან	1	1	1.9	mrav-natlisgeba-1	RARE
დაიდებოდა	დაიდებოდა	1	1	1.9	mrav-natlisgeba-1	RARE
იცვებოდა	იცვებოდა	1	1	1.9	mrav-natlisgeba-1	RARE
შეაძრწუნნა	შეაძრწუნნა	1	1	1.9	mrav-natlisgeba-1	RARE
იპყრობებოდა	იპყრობებოდა	1	1	1.9	mrav-natlisgeba-1	RARE
ცუენთჳს	ცუენთვს	1	1	1.9	mrav-natlisgeba-1	RARE
ესეოდენი	ესეოდენი	1	1	1.9	mrav-natlisgeba-1	RARE
გუასწავა	გუასწავა	1	1	1.9	mrav-natlisgeba-1	RARE
ტაყუანის	ტაყუანის	1	1	1.9	mrav-natlisgeba-1	RARE
ვსცემდეთ	ვსცემდეთ	1	1	1.9	mrav-natlisgeba-1	RARE
გალობდინ	გალობდინ	1	1	1.9	cyril-epiphany-homily	RARE
სხურებითა	სხურებითა	1	1	1.9	cyril-epiphany-homily	RARE
ბანად	ბანად	1	1	1.9	cyril-epiphany-homily	RARE
განმწმედად	განმწმედად	1	1	1.9	cyril-epiphany-homily	RARE
ცნობისაჲთა	ცნობისაითა	1	1	1.9	cyril-epiphany-homily	RARE
ლერწმითა	ლერწმითა	1	1	1.9	cyril-epiphany-homily	RARE
შეერთებოდეთ	შეერთებოდეთ	1	1	1.9	cyril-epiphany-homily	RARE
მაჲ	მაი	1	1	1.9	cyril-epiphany-homily	RARE
განკითხვით	განკითხვით	1	1	1.9	cyril-epiphany-homily	RARE
მიხედის	მიხედის	1	1	1.9	cyril-epiphany-homily	RARE
მამონაჲსი	მამონაისი	1	1	1.9	cyril-epiphany-homily	RARE
შეკდემული	შეკდემული	1	1	1.9	cyril-epiphany-homily	RARE
მოშიშებით	მოშიშებით	1	1	1.9	cyril-epiphany-homily	RARE
სიმდიდრჰ	სიმდიდრჰ	1	1	1.9	cyril-epiphany-homily	RARE
ერჩდით	ერჩდით	1	1	1.9	cyril-epiphany-homily	RARE
გლოცავს	გლოცავს	1	1	1.9	cyril-epiphany-homily	RARE
განიშორეთ	განიშორეთ	1	1	1.9	cyril-epiphany-homily	RARE
დრკუაჲ	დრკუაი	1	1	1.9	cyril-epiphany-homily	RARE
განჰმზადოთ	განჰმზადოთ	1	1	1.9	cyril-epiphany-homily	RARE
შეორგულებითა	შეორგულებითა	1	1	1.9	cyril-epiphany-homily	RARE
შეწყნარებითა	შეწყნარებითა	1	1	1.9	cyril-epiphany-homily	RARE
წყეთ	იწყეთ	1	1	1.9	cyril-epiphany-homily	RARE
განრცხად	განრცხად	1	1	1.9	cyril-epiphany-homily	RARE
სასზლოსა	სასზლოსა	1	1	1.9	cyril-epiphany-homily	RARE
იპოვნეთ	იპოვნეთ	1	1	1.9	cyril-epiphany-homily	RARE
ერტად	ერტად	1	1	1.9	cyril-epiphany-homily	RARE
მაღალთაგან	მაღალთაგან	1	1	1.9	cyril-epiphany-homily	RARE
შეჰკრებს	შეჰკრებს	1	1	1.9	cyril-epiphany-homily	RARE
შესრულთა	შესრულთა	1	1	1.9	cyril-epiphany-homily	RARE
აღიხილავს	აღიხილავს	1	1	1.9	cyril-epiphany-homily	RARE
დებულთა	დებულთა	1	1	1.9	cyril-epiphany-homily	RARE
სარწმუნოო	სარწმუნოო	1	1	1.9	cyril-epiphany-homily	RARE
მცირესა	მცირესა	1	1	1.9	cyril-epiphany-homily	RARE
დაგადგინო	დაგადგინო	1	1	1.9	cyril-epiphany-homily	RARE
გარეშეღა	გარეშეღა	1	1	1.9	cyril-epiphany-homily	RARE
სთქუათ	სთქუათ	1	1	1.9	cyril-epiphany-homily	RARE
იზარებდინ	იზარებდინ	1	1	1.9	cyril-epiphany-homily	RARE
დამადგა	დამადგა	1	1	1.9	cyril-epiphany-homily	RARE
მოღებადმდე	მოღებადმდე	1	1	1.9	cyril-epiphany-homily	RARE
იჩინენით	იჩინენით	1	1	1.9	cyril-epiphany-homily	RARE
კრძალვით	კრძალვით	1	1	1.9	cyril-epiphany-homily	RARE
წარდგომად	წარდგომად	1	1	1.9	cyril-epiphany-homily	RARE
აღგბეჭდნეს	აღგბეჭდნეს	1	1	1.9	cyril-epiphany-homily	RARE
განემზადენით	განემზადენით	1	1	1.9	cyril-epiphany-homily	RARE
განეკრძალელენით	განეკრძალელენით	1	1	1.9	cyril-epiphany-homily	RARE
მოსად	მოსად	1	1	1.9	cyril-epiphany-homily	RARE
გონიერებით	გონიერებით	1	1	1.9	cyril-epiphany-homily	RARE
კერძოთასა	კერძოთასა	1	1	1.9	cyril-epiphany-homily	RARE
შეწირული	შეწირული	1	1	1.9	cyril-epiphany-homily	RARE
კერპთაჲთა	კერპთაითა	1	1	1.9	cyril-epiphany-homily	RARE
ცვალებულად	ცვალებულად	1	1	1.9	cyril-epiphany-homily	RARE
სულთაგან	სულთაგან	1	1	1.9	cyril-epiphany-homily	RARE
უსხეულოჲ	უსხეულოი	1	1	1.9	cyril-epiphany-homily	RARE
აღჰბეჭდავს	აღჰბეჭდავს	1	1	1.9	cyril-epiphany-homily	RARE
განბანილნი	განბანილნი	1	1	1.9	cyril-epiphany-homily	RARE
შეხჳდოდი	შეხვდოდი	1	1	1.9	cyril-epiphany-homily	RARE
ელოდე	ელოდე	1	1	1.9	cyril-epiphany-homily	RARE
ორთასა	ორთასა	1	1	1.9	cyril-epiphany-homily	RARE
ბანილ	ბანილ	1	1	1.9	cyril-epiphany-homily	RARE
მოეღოს	მოეღოს	1	1	1.9	cyril-epiphany-homily	RARE
კორნელიოს	კორნელიოს	1	1	1.9	cyril-epiphany-homily	RARE
მოხეფინა	მოხეფინა	1	1	1.9	cyril-epiphany-homily	RARE
მოცემისა	მოცემისა	1	1	1.9	cyril-epiphany-homily	RARE
ჴრწნილი	ხრწნილი	1	1	1.9	cyril-epiphany-homily	RARE
სწადის	სწადის	1	1	1.9	cyril-epiphany-homily	RARE
სხჳსაგან	სხვსაგან	1	1	1.9	cyril-epiphany-homily	RARE
მოეცემის	მოეცემის	1	1	1.9	cyril-epiphany-homily	RARE
წყალთაგანვე	წყალთაგანვე	1	1	1.9	cyril-epiphany-homily	RARE
ექუსა	ექუსა	1	1	1.9	cyril-epiphany-homily	RARE
ფარაოჲსგან	ფარაოისგან	1	1	1.9	cyril-epiphany-homily	RARE
განბანითა	განბანითა	1	1	1.9	cyril-epiphany-homily	RARE
რღუნისა	რღუნისა	1	1	1.9	cyril-epiphany-homily	RARE
ნოვჱს	ნოვეს	1	1	1.9	cyril-epiphany-homily	RARE
საურებისა	საურებისა	1	1	1.9	cyril-epiphany-homily	RARE
წიაღჴდა	წიაღხდა	1	1	1.9	cyril-epiphany-homily	RARE
მღდელთმოძღუარი	მღდელთმოძღუარი	1	1	1.9	cyril-epiphany-homily	RARE
იბანის	იბანის	1	1	1.9	cyril-epiphany-homily	RARE
კუმევად	კუმევად	1	1	1.9	cyril-epiphany-homily	RARE
წარდგის	წარდგის	1	1	1.9	cyril-epiphany-homily	RARE
აჰრონ	აჰრონ	1	1	1.9	cyril-epiphany-homily	RARE
განიბანა	განიბანა	1	1	1.9	cyril-epiphany-homily	RARE
მღდელთმოძღუარ	მღდელთმოძღუარ	1	1	1.9	cyril-epiphany-homily	RARE
ლო	ლო	1	1	1.9	cyril-epiphany-homily	RARE
ცველად	ცველად	1	1	1.9	cyril-epiphany-homily	RARE
ცემისაჲ	ცემისაი	1	1	1.9	cyril-epiphany-homily	RARE
წამებისასა	წამებისასა	1	1	1.9	cyril-epiphany-homily	RARE
მობილი	მობილი	1	1	1.9	cyril-epiphany-homily	RARE
დედათაგანი	დედათაგანი	1	1	1.9	cyril-epiphany-homily	RARE
სახარებათაჲ	სახარებათაი	1	1	1.9	cyril-epiphany-homily	RARE
ვიკადრებ	ვიკადრებ	1	1	1.9	cyril-epiphany-homily	RARE
შეტყუებად	შეტყუებად	1	1	1.9	cyril-epiphany-homily	RARE
შეტყუებელ	შეტყუებელ	1	1	1.9	cyril-epiphany-homily	RARE
იზრდიდა	იზრდიდა	1	1	1.9	cyril-epiphany-homily	RARE
ტაფლისა	ტაფლისა	1	1	1.9	cyril-epiphany-homily	RARE
ემოსა	ემოსა	1	1	1.9	cyril-epiphany-homily	RARE
სტევისაგან	სტევისაგან	1	1	1.9	cyril-epiphany-homily	RARE
მონაზონებისა	მონაზონებისა	1	1	1.9	cyril-epiphany-homily	RARE
დედისასა	დედისასა	1	1	1.9	cyril-epiphany-homily	RARE
ანწმიდნა	განწმიდნა	1	1	1.9	cyril-epiphany-homily	RARE
იერემიეცა	იერემიეცა	1	1	1.9	cyril-epiphany-homily	RARE
დიდიცა	დიდიცა	1	1	1.9	cyril-epiphany-homily	RARE
უცუენებდეს	უცუენებდეს	1	1	1.9	cyril-epiphany-homily	RARE
განიძარცუავს	განიძარცუავს	1	1	1.9	cyril-epiphany-homily	RARE
შეჭირებითა	შეჭირებითა	1	1	1.9	cyril-epiphany-homily	RARE
იწროებისაჲთა	იწროებისაითა	1	1	1.9	cyril-epiphany-homily	RARE
განიყარის	განიყარის	1	1	1.9	cyril-epiphany-homily	RARE
სენცა	სენცა	1	1	1.9	cyril-epiphany-homily	RARE
სესაჭირვებელისა	სესაჭირვებელისა	1	1	1.9	cyril-epiphany-homily	RARE
შეიიწრე	შეიიწრე	1	1	1.9	cyril-epiphany-homily	RARE
იიძულე	იიძულე	1	1	1.9	cyril-epiphany-homily	RARE
განისორე	განისორე	1	1	1.9	cyril-epiphany-homily	RARE
განვიძარცუე	განვიძარცუე	1	1	1.9	cyril-epiphany-homily	RARE
ცემი	ცემი	1	1	1.9	cyril-epiphany-homily	RARE
შევიმოსო	შევიმოსო	1	1	1.9	cyril-epiphany-homily	RARE
სჳმონ	სვმონ	1	1	1.9	cyril-epiphany-homily	RARE
მოგჳსაჲ	მოგვსაი	1	1	1.9	cyril-epiphany-homily	RARE
ვაწრობდეს	ვაწრობდეს	1	1	1.9	cyril-epiphany-homily	RARE
მიცემულსა	მიცემულსა	1	1	1.9	cyril-epiphany-homily	RARE
იოვანჱსგანვე	იოვანესგანვე	1	1	1.9	cyril-epiphany-homily	RARE
ხეთასა	ხეთასა	1	1	1.9	cyril-epiphany-homily	RARE
გამოიღოს	გამოიღოს	1	1	1.9	cyril-epiphany-homily	RARE
მოეკუეთოს	მოეკუეთოს	1	1	1.9	cyril-epiphany-homily	RARE
დაედვას	დაედვას	1	1	1.9	cyril-epiphany-homily	RARE
სინანულისანი	სინანულისანი	1	1	1.9	cyril-epiphany-homily	RARE
ედვას	ედვას	1	1	1.9	cyril-epiphany-homily	RARE
ტჳსსა	ტვსსა	1	1	1.9	cyril-epiphany-homily	RARE
ეძიებ	ეძიებ	1	1	1.9	cyril-epiphany-homily	RARE
გეწყალის	გეწყალის	1	1	1.9	cyril-epiphany-homily	RARE
მეზავი	მეზავი	1	1	1.9	cyril-epiphany-homily	RARE
ესევცხოვრებას	ესევცხოვრებას	1	1	1.9	cyril-epiphany-homily	RARE
გიძღუენ	გიძღუენ	1	1	1.9	cyril-epiphany-homily	RARE
მეკერპეთა	მეკერპეთა	1	1	1.9	cyril-epiphany-homily	RARE
განიბანენით	განიბანენით	1	1	1.9	cyril-epiphany-homily	RARE
განიწმიდენით	განიწმიდენით	1	1	1.9	cyril-epiphany-homily	RARE
მიეტევების	მიეტევების	1	1	1.9	cyril-epiphany-homily	RARE
ღებისად	ღებისად	1	1	1.9	cyril-epiphany-homily	RARE
იოვანეცა	იოვანეცა	1	1	1.9	cyril-epiphany-homily	RARE
ჴმოვან	ხმოვან	1	1	1.9	cyril-epiphany-homily	RARE
სასტიკისაჲ	სასტიკისაი	1	1	1.9	cyril-epiphany-homily	RARE
იღოს	იღოს	1	1	1.9	cyril-epiphany-homily	RARE
დაიპყრან	დაიპყრან	1	1	1.9	cyril-epiphany-homily	RARE
იჴსნიდა	იხსნიდა	1	1	1.9	cyril-epiphany-homily	RARE
დევნისასა	დევნისასა	1	1	1.9	cyril-epiphany-homily	RARE
წოდებად	წოდებად	1	1	1.9	cyril-epiphany-homily	RARE
შევსუა	შევსუა	1	1	1.9	cyril-epiphany-homily	RARE
ვიღო	ვიღო	1	1	1.9	cyril-epiphany-homily	RARE
საცუენებელ	საცუენებელ	1	1	1.9	cyril-epiphany-homily	RARE
მელოდ	მელოდ	1	1	1.9	cyril-epiphany-homily	RARE
აღვიარო	აღვიარო	1	1	1.9	cyril-epiphany-homily	RARE
ნათელიღო	ნათელიღო	1	1	1.9	cyril-epiphany-homily	RARE
ყრმანიცა	ყრმანიცა	1	1	1.9	cyril-epiphany-homily	RARE
იზიარნა	იზიარნა	1	1	1.9	cyril-epiphany-homily	RARE
ვითარცე	ვითარცე	1	1	1.9	cyril-epiphany-homily	RARE
იტყკს	იტყკს	1	1	1.9	cyril-epiphany-homily	RARE
იობი	იობი	1	1	1.9	cyril-epiphany-homily	RARE
შთაიწრიდის	შთაიწრიდის	1	1	1.9	cyril-epiphany-homily	RARE
დათრგუნვად	დათრგუნვად	1	1	1.9	cyril-epiphany-homily	RARE
მტერისასა	მტერისასა	1	1	1.9	cyril-epiphany-homily	RARE
მესათხეველთაჲ	მესათხეველთაი	1	1	1.9	cyril-epiphany-homily	RARE
რბის	რბის	1	1	1.9	cyril-epiphany-homily	RARE
მოსრვიდა	მოსრვიდა	1	1	1.9	cyril-epiphany-homily	RARE
შეემთხუეოდა	შეემთხუეოდა	1	1	1.9	cyril-epiphany-homily	RARE
არმოუძღუა	წარმოუძღუა	1	1	1.9	cyril-epiphany-homily	RARE
დაიკრას	დაიკრას	1	1	1.9	cyril-epiphany-homily	RARE
ცხოვრებულთა	ცხოვრებულთა	1	1	1.9	cyril-epiphany-homily	RARE
აღბეჭდოს	აღბეჭდოს	1	1	1.9	cyril-epiphany-homily	RARE
უტეოს	უტეოს	1	1	1.9	cyril-epiphany-homily	RARE
შთანთქმად	შთანთქმად	1	1	1.9	cyril-epiphany-homily	RARE
ვეშპისა	ვეშპისა	1	1	1.9	cyril-epiphany-homily	RARE
ამოხჳდე	ამოხვდე	1	1	1.9	cyril-epiphany-homily	RARE
ნერგ	ნერგ	1	1	1.9	cyril-epiphany-homily	RARE
ექმნე	ექმნე	1	1	1.9	cyril-epiphany-homily	RARE
მოაკუდინოს	მოაკუდინოს	1	1	1.9	cyril-epiphany-homily	RARE
შთახჳდე	შთახვდე	1	1	1.9	cyril-epiphany-homily	RARE
დაეფლვი	დაეფლვი	1	1	1.9	cyril-epiphany-homily	RARE
ცხოვრებითა	ცხოვრებითა	1	1	1.9	cyril-epiphany-homily	RARE
მასინცა	მასინცა	1	1	1.9	cyril-epiphany-homily	RARE
მოგეცეს	მოგეცეს	1	1	1.9	cyril-epiphany-homily	RARE
გამოიცადებოდა	გამოიცადებოდა	1	1	1.9	cyril-epiphany-homily	RARE
უწინარჱსცა	უწინარესცა	1	1	1.9	cyril-epiphany-homily	RARE
შმდგომად	შმდგომად	1	1	1.9	cyril-epiphany-homily	RARE
იკადრებ	იკადრებ	1	1	1.9	cyril-epiphany-homily	RARE
მჴნდებოდე	მხნდებოდე	1	1	1.9	cyril-epiphany-homily	RARE
ახარებდეცა	ახარებდეცა	1	1	1.9	cyril-epiphany-homily	RARE
გარდასვლად	გარდასვლად	1	1	1.9	cyril-epiphany-homily	RARE
წინაცა	წინაცა	1	1	1.9	cyril-epiphany-homily	RARE
მოშიშებისაჲ	მოშიშებისაი	1	1	1.9	cyril-epiphany-homily	RARE
ოხრიდეს	ოხრიდეს	1	1	1.9	cyril-epiphany-homily	RARE
ესუს	იესუს	1	1	1.9	cyril-epiphany-homily	RARE
მკჳდრ	მკვდრ	1	1	1.9	cyril-epiphany-homily	RARE
განჰმზადო	განჰმზადო	1	1	1.9	cyril-epiphany-homily	RARE
მოხუალ	მოხუალ	1	1	1.9	cyril-epiphany-homily	RARE
სარწმუნოცა	სარწმუნოცა	1	1	1.9	cyril-epiphany-homily	RARE
განოშვრე	განოშვრე	1	1	1.9	cyril-epiphany-homily	RARE
ტჳსით	ტვსით	1	1	1.9	cyril-epiphany-homily	RARE
გიქმნიეს	გიქმნიეს	1	1	1.9	cyril-epiphany-homily	RARE
მოგეტეოს	მოგეტეოს	1	1	1.9	cyril-epiphany-homily	RARE
ეტ	ეტ	1	1	1.9	cyril-epiphany-homily	RARE
ყოდეს	ყოდეს	1	1	1.9	cyril-epiphany-homily	RARE
დააცუდა	დააცუდა	1	1	1.9	mrav-new-sunday	RARE
განაძო	განაძო	1	1	1.9	mrav-new-sunday	RARE
უფსკრულისაჲ	უფსკრულისაი	1	1	1.9	mrav-new-sunday	RARE
ეწამებოდა	ეწამებოდა	1	1	1.9	mrav-new-sunday	RARE
გარდამოსლვითა	გარდამოსლვითა	1	1	1.9	mrav-new-sunday	RARE
დასაბამსავე	დასაბამსავე	1	1	1.9	mrav-new-sunday	RARE
ჩუენისაჲთა	ჩუენისაითა	1	1	1.9	mrav-new-sunday	RARE
გამობრწყინებაჲ	გამობრწყინებაი	1	1	1.9	mrav-new-sunday	RARE
განანათლენინ	განანათლენინ	1	1	1.9	mrav-new-sunday	RARE
განანათლებდა	განანათლებდა	1	1	1.9	mrav-new-sunday	RARE
მიეწიფა	მიეწიფა	1	1	1.9	mrav-new-sunday	RARE
წარვთქუათ	წარვთქუათ	1	1	1.9	mrav-new-sunday	RARE
შეჰგვანან	შეჰგვანან	1	1	1.9	mrav-new-sunday	RARE
განგანათლებდეს	განგანათლებდეს	1	1	1.9	mrav-new-sunday	RARE
გნათობს	გნათობს	1	1	1.9	mrav-new-sunday	RARE
დააქცია	დააქცია	1	1	1.9	mrav-new-sunday	RARE
მიგეც	მიგეც	1	1	1.9	mrav-new-sunday	RARE
დაგადგინე	დაგადგინე	1	1	1.9	mrav-new-sunday	RARE
ძენ	ძენ	1	1	1.9	mrav-new-sunday	RARE
წრფელთაჲ	წრფელთაი	1	1	1.9	mrav-new-sunday	RARE
მხიარულებით	მხიარულებით	1	1	1.9	mrav-new-sunday	RARE
დამორჩილებისა	დამორჩილებისა	1	1	1.9	mrav-new-sunday	RARE
ფარაოჲსისა	ფარაოისისა	1	1	1.9	mrav-new-sunday	RARE
კრავისაჲთა	კრავისაითა	1	1	1.9	mrav-new-sunday	RARE
განცალიერდა	განცალიერდა	1	1	1.9	mrav-new-sunday	RARE
უღლისა	უღლისა	1	1	1.9	mrav-new-sunday	RARE
ეშმაკისაჲსა	ეშმაკისაისა	1	1	1.9	mrav-new-sunday	RARE
განკუეთნა	განკუეთნა	1	1	1.9	mrav-new-sunday	RARE
მძლავრებით	მძლავრებით	1	1	1.9	mrav-new-sunday	RARE
დაგჳმონებდა	დაგვმონებდა	1	1	1.9	mrav-new-sunday	RARE
დაუმდაბლეთ	დაუმდაბლეთ	1	1	1.9	mrav-new-sunday	RARE
დაშურებოდა	დაშურებოდა	1	1	1.9	mrav-new-sunday	RARE
ჰმონებდა	ჰმონებდა	1	1	1.9	mrav-new-sunday	RARE
გარდავიჴადეთ	გარდავიხადეთ	1	1	1.9	mrav-new-sunday	RARE
წარმართთათჳს	წარმართთათვს	1	1	1.9	mrav-new-sunday	RARE
მეყოს	მეყოს	1	1	1.9	mrav-new-sunday	RARE
მომაკლდეს	მომაკლდეს	1	1	1.9	mrav-new-sunday	RARE
ოელოდეს	მოელოდეს	1	1	1.9	mrav-paul-martyrdom	RARE
ჰრომესა	ჰრომესა	1	1	1.9	mrav-paul-martyrdom	RARE
გალატიაჲთ	გალატიაით	1	1	1.9	mrav-paul-martyrdom	RARE
დალმატიაჲთ	დალმატიაით	1	1	1.9	mrav-paul-martyrdom	RARE
სასყიდლით	სასყიდლით	1	1	1.9	mrav-paul-martyrdom	RARE
მივიდოდეს	მივიდოდეს	1	1	1.9	mrav-paul-martyrdom	RARE
განთქუმულ	განთქუმულ	1	1	1.9	mrav-paul-martyrdom	RARE
შეეძინებოდეს	შეეძინებოდეს	1	1	1.9	mrav-paul-martyrdom	RARE
ტაძრისაგანთაცა	ტაძრისაგანთაცა	1	1	1.9	mrav-paul-martyrdom	RARE
კეისრისათა	კეისრისათა	1	1	1.9	mrav-paul-martyrdom	RARE
კეისრისაჲ	კეისრისაი	1	1	1.9	mrav-paul-martyrdom	RARE
პავლჱსსა	პავლესსა	1	1	1.9	mrav-paul-martyrdom	RARE
ეშურობს	ეშურობს	1	1	1.9	mrav-paul-martyrdom	RARE
სამქორედისა	სამქორედისა	1	1	1.9	mrav-paul-martyrdom	RARE
განგუცადნეს	განგუცადნეს	1	1	1.9	mrav-paul-martyrdom	RARE
ჰპოოთ	ჰპოოთ	1	1	1.9	mrav-paul-martyrdom	RARE
შეშფოთნეს	შეშფოთნეს	1	1	1.9	mrav-paul-martyrdom	RARE
გამოჩნდინ	გამოჩნდინ	1	1	1.9	mrav-paul-martyrdom	RARE
ცხოვნდეს	ცხოვნდეს	1	1	1.9	mrav-paul-martyrdom	RARE
მოიდგნა	მოიდგნა	1	1	1.9	mrav-paul-martyrdom	RARE
აღსუეს	აღსუეს	1	1	1.9	mrav-paul-martyrdom	RARE
წარგზავნეს	წარგზავნეს	1	1	1.9	mrav-paul-martyrdom	RARE
ტაძრისანი	ტაძრისანი	1	1	1.9	mrav-paul-martyrdom	RARE
აბანოჲთ	აბანოით	1	1	1.9	mrav-paul-martyrdom	RARE
შეწუხდა	შეწუხდა	1	1	1.9	mrav-paul-martyrdom	RARE
სხუისაჲ	სხუისაი	1	1	1.9	mrav-paul-martyrdom	RARE
განგაცოცხლა	განგაცოცხლა	1	1	1.9	mrav-paul-martyrdom	RARE
საუკუნემან	საუკუნემან	1	1	1.9	mrav-paul-martyrdom	RARE
დაპყრობად	დაპყრობად	1	1	1.9	mrav-paul-martyrdom	RARE
დაარღჳნეს	დაარღვნეს	1	1	1.9	mrav-paul-martyrdom	RARE
აღმადგინა	აღმადგინა	1	1	1.9	mrav-paul-martyrdom	RARE
ბარსაბა	ბარსაბა	1	1	1.9	mrav-paul-martyrdom	RARE
იუსტჱსმან	იუსტესმან	1	1	1.9	mrav-paul-martyrdom	RARE
ჰორიონ	ჰორიონ	1	1	1.9	mrav-paul-martyrdom	RARE
ფესტოს	ფესტოს	1	1	1.9	mrav-paul-martyrdom	RARE
გალატელმან	გალატელმან	1	1	1.9	mrav-paul-martyrdom	RARE
კეისრისანი	კეისრისანი	1	1	1.9	mrav-paul-martyrdom	RARE
ამათცა	ამათცა	1	1	1.9	mrav-paul-martyrdom	RARE
შეიპყრნა	შეიპყრნა	1	1	1.9	mrav-paul-martyrdom	RARE
შეაყენნა	შეაყენნა	1	1	1.9	mrav-paul-martyrdom	RARE
გუემნა	გუემნა	1	1	1.9	mrav-paul-martyrdom	RARE
მონათაჲ	მონათაი	1	1	1.9	mrav-paul-martyrdom	RARE
განსცა	განსცა	1	1	1.9	mrav-paul-martyrdom	RARE
მოწყდებოდედ	მოწყდებოდედ	1	1	1.9	mrav-paul-martyrdom	RARE
შეკრულნი	შეკრულნი	1	1	1.9	mrav-paul-martyrdom	RARE
გულისხმაყო	გულისხმაყო	1	1	1.9	mrav-paul-martyrdom	RARE
ჰკრებ	ჰკრებ	1	1	1.9	mrav-paul-martyrdom	RARE
ვკრებთ	ვკრებთ	1	1	1.9	mrav-paul-martyrdom	RARE
გუამცნო	გუამცნო	1	1	1.9	mrav-paul-martyrdom	RARE
ჩვენ	ჩვენ	1	1	1.9	mrav-paul-martyrdom	RARE
ერისკაც	ერისკაც	1	1	1.9	mrav-paul-martyrdom	RARE
ყოფის	ყოფის	1	1	1.9	mrav-paul-martyrdom	RARE
სიმდიდრემან	სიმდიდრემან	1	1	1.9	mrav-paul-martyrdom	RARE
გიჴსნეს	გიხსნეს	1	1	1.9	mrav-paul-martyrdom	RARE
კრულთაჲ	კრულთაი	1	1	1.9	mrav-paul-martyrdom	RARE
ჰრომთაჲთა	ჰრომთაითა	1	1	1.9	mrav-paul-martyrdom	RARE
დადუმნა	დადუმნა	1	1	1.9	mrav-paul-martyrdom	RARE
ლონგეონს	ლონგეონს	1	1	1.9	mrav-paul-martyrdom	RARE
ასისთავსა	ასისთავსა	1	1	1.9	mrav-paul-martyrdom	RARE
კესტონს	კესტონს	1	1	1.9	mrav-paul-martyrdom	RARE
მოისრვოდეს	მოისრვოდეს	1	1	1.9	mrav-paul-martyrdom	RARE
სიბორგილისაგან	სიბორგილისაგან	1	1	1.9	mrav-paul-martyrdom	RARE
ვეკითხო	ვეკითხო	1	1	1.9	mrav-paul-martyrdom	RARE
პავლჱსთჳს	პავლესთვს	1	1	1.9	mrav-paul-martyrdom	RARE
განეჩინა	განეჩინა	1	1	1.9	mrav-paul-martyrdom	RARE
მომკუეთო	მომკუეთო	1	1	1.9	mrav-paul-martyrdom	RARE
გამოგეცხადო	გამოგეცხადო	1	1	1.9	mrav-paul-martyrdom	RARE
განსჯად	განსჯად	1	1	1.9	mrav-paul-martyrdom	RARE
გარდაქცევად	გარდაქცევად	1	1	1.9	mrav-paul-martyrdom	RARE
განერენით	განერენით	1	1	1.9	mrav-paul-martyrdom	RARE
ერად	ერად	1	1	1.9	mrav-paul-martyrdom	RARE
განწესებულ	განწესებულ	1	1	1.9	mrav-paul-martyrdom	RARE
უშჯულოებისათჳს	უშჯულოებისათვს	1	1	1.9	mrav-paul-martyrdom	RARE
ცხონდეს	ცხონდეს	1	1	1.9	mrav-paul-martyrdom	RARE
გლოცავთ	გლოცავთ	1	1	1.9	mrav-paul-martyrdom	RARE
შემეწიე	შემეწიე	1	1	1.9	mrav-paul-martyrdom	RARE
განგიტეოთ	განგიტეოთ	1	1	1.9	mrav-paul-martyrdom	RARE
ვყავმცა	ვყავმცა	1	1	1.9	mrav-paul-martyrdom	RARE
მეტყჳთ	მეტყვთ	1	1	1.9	mrav-paul-martyrdom	RARE
ლონგე	ლონგე	1	1	1.9	mrav-paul-martyrdom	RARE
შენღა	შენღა	1	1	1.9	mrav-paul-martyrdom	RARE
მოგეკუეთოს	მოგეკუეთოს	1	1	1.9	mrav-paul-martyrdom	RARE
ფერეტან	ფერეტან	1	1	1.9	mrav-paul-martyrdom	RARE
ფართენიოს	ფართენიოს	1	1	1.9	mrav-paul-martyrdom	RARE
მოკუეთილა	მოკუეთილა	1	1	1.9	mrav-paul-martyrdom	RARE
ცოცხალიღა	ცოცხალიღა	1	1	1.9	mrav-paul-martyrdom	RARE
ჩემიცა	ჩემიცა	1	1	1.9	mrav-paul-martyrdom	RARE
წარვიდეთ	წარვიდეთ	1	1	1.9	mrav-paul-martyrdom	RARE
გურწმენეს	გურწმენეს	1	1	1.9	mrav-paul-martyrdom	RARE
ლონგოს	ლონგოს	1	1	1.9	mrav-paul-martyrdom	RARE
ხჳდეთ	ხვდეთ	1	1	1.9	mrav-paul-martyrdom	RARE
ჰპოვნეთ	ჰპოვნეთ	1	1	1.9	mrav-paul-martyrdom	RARE
ილოცვიდენ	ილოცვიდენ	1	1	1.9	mrav-paul-martyrdom	RARE
მოგცენ	მოგცენ	1	1	1.9	mrav-paul-martyrdom	RARE
მეჴრმლეთა	მეხრმლეთა	1	1	1.9	mrav-paul-martyrdom	RARE
მეჴრმლემან	მეხრმლემან	1	1	1.9	mrav-paul-martyrdom	RARE
ქედისაგან	ქედისაგან	1	1	1.9	mrav-paul-martyrdom	RARE
ესხურა	ესხურა	1	1	1.9	mrav-paul-martyrdom	RARE
მეჴრმლისასა	მეხრმლისასა	1	1	1.9	mrav-paul-martyrdom	RARE
მეჴრმლესა	მეხრმლესა	1	1	1.9	mrav-paul-martyrdom	RARE
მეგობრები	მეგობრები	1	1	1.9	mrav-paul-martyrdom	RARE
ასისთავისაჲ	ასისთავისაი	1	1	1.9	mrav-paul-martyrdom	RARE
დასთხიე	დასთხიე	1	1	1.9	mrav-paul-martyrdom	RARE
გეყოს	გეყოს	1	1	1.9	mrav-paul-martyrdom	RARE
ნერონს	ნერონს	1	1	1.9	mrav-paul-martyrdom	RARE
ვიმარ	ვიმარ	1	1	1.9	mrav-paul-martyrdom	RARE
პყრობილთაჲ	პყრობილთაი	1	1	1.9	mrav-paul-martyrdom	RARE
ბარსაბაეთი	ბარსაბაეთი	1	1	1.9	mrav-paul-martyrdom	RARE
მოყუსებითურთ	მოყუსებითურთ	1	1	1.9	mrav-paul-martyrdom	RARE
მათით	მათით	1	1	1.9	mrav-paul-martyrdom	RARE
გულსსა	გულსსა	1	1	1.9	mrav-paul-martyrdom	RARE
სივლტოლად	სივლტოლად	1	1	1.9	mrav-paul-martyrdom	RARE
იქცეს	იქცეს	1	1	1.9	mrav-paul-martyrdom	RARE
სდევდეს	სდევდეს	1	1	1.9	mrav-paul-martyrdom	RARE
ეწინეს	ეწინეს	1	1	1.9	mrav-paul-martyrdom	RARE
გდევნით	გდევნით	1	1	1.9	mrav-paul-martyrdom	RARE
ნეტარნო	ნეტარნო	1	1	1.9	mrav-paul-martyrdom	RARE
ცხოველისანო	ცხოველისანო	1	1	1.9	mrav-paul-martyrdom	RARE
მომცეთ	მომცეთ	1	1	1.9	mrav-paul-martyrdom	RARE
აღმითქუა	აღმითქუა	1	1	1.9	mrav-paul-martyrdom	RARE
მოაქციეს	მოაქციეს	1	1	1.9	mrav-paul-martyrdom	RARE
ჰრომე	ჰრომე	1	1	1.9	mrav-peter-martyrdom	RARE
განაკჳრვებდა	განაკვრვებდა	1	1	1.9	mrav-peter-martyrdom	RARE
ნიშებითა	ნიშებითა	1	1	1.9	mrav-peter-martyrdom	RARE
წარმართთაგანი	წარმართთაგანი	1	1	1.9	mrav-peter-martyrdom	RARE
აღვფრინდე	აღვფრინდე	1	1	1.9	mrav-peter-martyrdom	RARE
დაგიტეოთ	დაგიტეოთ	1	1	1.9	mrav-peter-martyrdom	RARE
ფრინდა	ფრინდა	1	1	1.9	mrav-peter-martyrdom	RARE
შეიმუსრა	შეიმუსრა	1	1	1.9	mrav-peter-martyrdom	RARE
დედანნი	დედანნი	1	1	1.9	mrav-peter-martyrdom	RARE
მთავართანი	მთავართანი	1	1	1.9	mrav-peter-martyrdom	RARE
აზნაურთანი	აზნაურთანი	1	1	1.9	mrav-peter-martyrdom	RARE
დაუტევებდნენ	დაუტევებდნენ	1	1	1.9	mrav-peter-martyrdom	RARE
ბილწებისა	ბილწებისა	1	1	1.9	mrav-peter-martyrdom	RARE
რისხუად	რისხუად	1	1	1.9	mrav-peter-martyrdom	RARE
ცოლნიცა	ცოლნიცა	1	1	1.9	mrav-peter-martyrdom	RARE
განეშორნეს	განეშორნეს	1	1	1.9	mrav-peter-martyrdom	RARE
სწავლითა	სწავლითა	1	1	1.9	mrav-peter-martyrdom	RARE
პეტრჱსი	პეტრესი	1	1	1.9	mrav-peter-martyrdom	RARE
განვიდოდა	განვიდოდა	1	1	1.9	mrav-peter-martyrdom	RARE
ჰხუალ	ჰხუალ	1	1	1.9	mrav-peter-martyrdom	RARE
ჰრომედ	ჰრომედ	1	1	1.9	mrav-peter-martyrdom	RARE
შევალ	შევალ	1	1	1.9	mrav-peter-martyrdom	RARE
ნერონისა	ნერონისა	1	1	1.9	mrav-peter-martyrdom	RARE
ქუეგან	ქუეგან	1	1	1.9	mrav-peter-martyrdom	RARE
დამამხობითა	დამამხობითა	1	1	1.9	mrav-peter-martyrdom	RARE
დამდევით	დამდევით	1	1	1.9	mrav-peter-martyrdom	RARE
იქმნებოდეს	იქმნებოდეს	1	1	1.9	mrav-peter-martyrdom	RARE
მოციქულისაჲსა	მოციქულისაისა	1	1	1.9	mrav-peter-martyrdom	RARE
განრისხდა	განრისხდა	1	1	1.9	mrav-peter-martyrdom	RARE
განმტკიცდებოდა	განმტკიცდებოდა	1	1	1.9	mrav-peter-martyrdom	RARE
სიკუდილსაცა	სიკუდილსაცა	1	1	1.9	mrav-peter-martyrdom	RARE
მოერიდა	მოერიდა	1	1	1.9	mrav-peter-martyrdom	RARE
სახელისათჳს	სახელისათვს	1	1	1.9	mrav-peter-martyrdom	RARE
ოხრიან	ოხრიან	1	1	1.9	mrav-shoba-athanasi	RARE
განგებულებით	განგებულებით	1	1	1.9	mrav-shoba-athanasi	RARE
დაებადების	დაებადების	1	1	1.9	mrav-shoba-athanasi	RARE
ბუნებასავე	ბუნებასავე	1	1	1.9	mrav-shoba-athanasi	RARE
უკკრს	უკკრს	1	1	1.9	mrav-shoba-athanasi	RARE
არაცა	არაცა	1	1	1.9	mrav-shoba-athanasi	RARE
უკულეველსა	უკულეველსა	1	1	1.9	mrav-shoba-athanasi	RARE
უქმნელისაგან	უქმნელისაგან	1	1	1.9	mrav-shoba-athanasi	RARE
ყანისა	ყანისა	1	1	1.9	mrav-shoba-athanasi	RARE
უთესველისა	უთესველისა	1	1	1.9	mrav-shoba-athanasi	RARE
თაყუანისცემად	თაყუანისცემად	1	1	1.9	mrav-shoba-athanasi	RARE
ძლიერებისასა	ძლიერებისასა	1	1	1.9	mrav-shoba-athanasi	RARE
მოიყვანნეს	მოიყვანნეს	1	1	1.9	mrav-shoba-athanasi	RARE
თჳთდინებასა	თვთდინებასა	1	1	1.9	mrav-shoba-athanasi	RARE
დედისაგან	დედისაგან	1	1	1.9	mrav-shoba-athanasi	RARE
პირთაგან	პირთაგან	1	1	1.9	mrav-shoba-athanasi	RARE
ჩჩჳლთაჲსა	ჩჩვლთაისა	1	1	1.9	mrav-shoba-athanasi	RARE
ყრმათათჳს	ყრმათათვს	1	1	1.9	mrav-shoba-athanasi	RARE
ეროდეს	ეროდეს	1	1	1.9	mrav-shoba-athanasi	RARE
თჳსთაჳს	თვსთავს	1	1	1.9	mrav-shoba-athanasi	RARE
მელქიზედეკისსა	მელქიზედეკისსა	1	1	1.9	mrav-shoba-athanasi	RARE
აზნაურებითა	აზნაურებითა	1	1	1.9	mrav-shoba-athanasi	RARE
თევზთანი	თევზთანი	1	1	1.9	mrav-shoba-athanasi	RARE
დაიბანნა	დაიბანნა	1	1	1.9	mrav-shoba-athanasi	RARE
აჴოცნეს	ახოცნეს	1	1	1.9	mrav-shoba-athanasi	RARE
ხლდებიან	ხლდებიან	1	1	1.9	mrav-shoba-athanasi	RARE
ვიხარებდე	ვიხარებდე	1	1	1.9	mrav-shoba-athanasi	RARE
დრესასწაულობაჲ	დრესასწაულობაი	1	1	1.9	mrav-shoba-athanasi	RARE
მწადის	მწადის	1	1	1.9	mrav-shoba-athanasi	RARE
მიპყრიეს	მიპყრიეს	1	1	1.9	mrav-shoba-athanasi	RARE
მიპყრიან	მიპყრიან	1	1	1.9	mrav-shoba-athanasi	RARE
აღნთებულნი	აღნთებულნი	1	1	1.9	mrav-shoba-athanasi	RARE
მქონან	მქონან	1	1	1.9	mrav-shoba-athanasi	RARE
მჴსნელ	მხსნელ	1	1	1.9	mrav-shoba-athanasi	RARE
მოვიღო	მოვიღო	1	1	1.9	mrav-shoba-athanasi	RARE
მისწავიეს	მისწავიეს	1	1	1.9	mrav-shoba-athanasi	RARE
ვდუმი	ვდუმი	1	1	1.9	mrav-shoba-athanasi	RARE
არამე	არამე	1	1	1.9	mrav-shoba-athanasi	RARE
ქცევად	ქცევად	1	1	1.9	mrav-shoba-athanasi	RARE
ვაქციო	ვაქციო	1	1	1.9	mrav-shoba-athanasi	RARE
განვიცდი	განვიცდი	1	1	1.9	mrav-shoba-athanasi	RARE
მიწდოლვად	მიწდოლვად	1	1	1.9	mrav-shoba-athanasi	RARE
იძლევიან	იძლევიან	1	1	1.9	mrav-shoba-athanasi	RARE
სრბისანი	სრბისანი	1	1	1.9	mrav-shoba-athanasi	RARE
შეუხებელ	შეუხებელ	1	1	1.9	mrav-shoba-athanasi	RARE
შეჰრაცხიან	შეჰრაცხიან	1	1	1.9	mrav-shoba-athanasi	RARE
აცილობედ	აცილობედ	1	1	1.9	mrav-shoba-athanasi	RARE
გაბრიელისაგან	გაბრიელისაგან	1	1	1.9	mrav-shoba-athanasi	RARE
იკითხა	იკითხა	1	1	1.9	mrav-shoba-athanasi	RARE
შექმნის	შექმნის	1	1	1.9	mrav-shoba-athanasi	RARE
დაბადებულმან	დაბადებულმან	1	1	1.9	mrav-shoba-athanasi	RARE
თიჴისა	თიხისა	1	1	1.9	mrav-shoba-athanasi	RARE
მოსულადმდე	მოსულადმდე	1	1	1.9	mrav-shoba-athanasi	RARE
სამოსე	სამოსე	1	1	1.9	mrav-shoba-athanasi	RARE
განმაკრთობს	განმაკრთობს	1	1	1.9	mrav-shoba-athanasi	RARE
დაუსაბამოჲ	დაუსაბამოი	1	1	1.9	mrav-shoba-athanasi	RARE
დაიწვინა	დაიწვინა	1	1	1.9	mrav-shoba-athanasi	RARE
წარიგრაგნა	წარიგრაგნა	1	1	1.9	mrav-shoba-athanasi	RARE
უპატიოჲ	უპატიოი	1	1	1.9	mrav-shoba-athanasi	RARE
დავიტიო	დავიტიო	1	1	1.9	mrav-shoba-athanasi	RARE
მომცეს	მომცეს	1	1	1.9	mrav-shoba-athanasi	RARE
მომმადლოს	მომმადლოს	1	1	1.9	mrav-shoba-athanasi	RARE
მიჰქონან	მიჰქონან	1	1	1.9	mrav-shoba-athanasi	RARE
იღებს	იღებს	1	1	1.9	mrav-shoba-athanasi	RARE
დააკჳრვებს	დააკვრვებს	1	1	1.9	mrav-shoba-athanasi	RARE
მოიო	მოიო	1	1	1.9	mrav-shoba-athanasi	RARE
ურიასტანს	ჰურიასტანს	1	1	1.9	mrav-shoba-athanasi	RARE
ეკლესიმან	ეკლესიმან	1	1	1.9	mrav-shoba-athanasi	RARE
იფქლისაჲ	იფქლისაი	1	1	1.9	mrav-shoba-athanasi	RARE
მანგლითა	მანგლითა	1	1	1.9	mrav-shoba-athanasi	RARE
მოიკრიბეს	მოიკრიბეს	1	1	1.9	mrav-shoba-athanasi	RARE
გამოფრინდეს	გამოფრინდეს	1	1	1.9	mrav-shoba-athanasi	RARE
ბუდეთაღა	ბუდეთაღა	1	1	1.9	mrav-shoba-athanasi	RARE
სხენან	სხენან	1	1	1.9	mrav-shoba-athanasi	RARE
წერილისასა	წერილისასა	1	1	1.9	mrav-shoba-athanasi	RARE
თარგმანებენ	თარგმანებენ	1	1	1.9	mrav-shoba-athanasi	RARE
მკადრეღა	მკადრეღა	1	1	1.9	mrav-shoba-athanasi	RARE
ჰკადრე	ჰკადრე	1	1	1.9	mrav-shoba-athanasi	RARE
მითხრობ	მითხრობ	1	1	1.9	mrav-shoba-athanasi	RARE
ვეც	ვეც	1	1	1.9	mrav-shoba-athanasi	RARE
სდუმნე	სდუმნე	1	1	1.9	mrav-shoba-athanasi	RARE
ღაღადებდენვე	ღაღადებდენვე	1	1	1.9	mrav-shoba-athanasi	RARE
ბუნებისაგან	ბუნებისაგან	1	1	1.9	mrav-shoba-athanasi	RARE
იბრძანებოდა	იბრძანებოდა	1	1	1.9	mrav-shoba-athanasi	RARE
შემოჰყავს	შემოჰყავს	1	1	1.9	mrav-shoba-athanasi	RARE
ევაჲსსა	ევაისსა	1	1	1.9	mrav-shoba-athanasi	RARE
მოაგო	მოაგო	1	1	1.9	mrav-shoba-athanasi	RARE
სთნდეს	სთნდეს	1	1	1.9	mrav-shoba-athanasi	RARE
ახლითა	ახლითა	1	1	1.9	mrav-shoba-athanasi	RARE
ადამისაგან	ადამისაგან	1	1	1.9	mrav-shoba-athanasi	RARE
გამოღებისა	გამოღებისა	1	1	1.9	mrav-shoba-athanasi	RARE
ქალწულიცა	ქალწულიცა	1	1	1.9	mrav-shoba-athanasi	RARE
გამოსლვისა	გამოსლვისა	1	1	1.9	mrav-shoba-athanasi	RARE
სეიმოსა	სეიმოსა	1	1	1.9	mrav-shoba-athanasi	RARE
შეერთებითა	შეერთებითა	1	1	1.9	mrav-shoba-athanasi	RARE
ჩუეულებისა	ჩუეულებისა	1	1	1.9	mrav-shoba-athanasi	RARE
განაშოვროს	განაშოვროს	1	1	1.9	mrav-shoba-athanasi	RARE
ჩუენებრისაგან	ჩუენებრისაგან	1	1	1.9	mrav-shoba-athanasi	RARE
ნაცილმცა	ნაცილმცა	1	1	1.9	mrav-shoba-athanasi	RARE
მექმნეს	მექმნეს	1	1	1.9	mrav-shoba-athanasi	RARE
ომლისაგან	რომლისაგან	1	1	1.9	mrav-shoba-athanasi	RARE
მეტყოდის	მეტყოდის	1	1	1.9	mrav-shoba-athanasi	RARE
ვჰრქუა	ვჰრქუა	1	1	1.9	mrav-shoba-athanasi	RARE
შეუგინებელებასა	შეუგინებელებასა	1	1	1.9	mrav-shoba-athanasi	RARE
ბეჭდად	ბეჭდად	1	1	1.9	mrav-shoba-athanasi	RARE
ვხადი	ვხადი	1	1	1.9	mrav-shoba-athanasi	RARE
გამოჲ	გამოი	1	1	1.9	mrav-shoba-athanasi	RARE
აცთუნე	აცთუნე	1	1	1.9	mrav-shoba-athanasi	RARE
გკითვიდა	გკითვიდა	1	1	1.9	mrav-shoba-athanasi	RARE
გრქუა	გრქუა	1	1	1.9	mrav-shoba-athanasi	RARE
ჰურიასტანისასა	ჰურიასტანისასა	1	1	1.9	mrav-shoba-athanasi	RARE
ვიცოდეა	ვიცოდეა	1	1	1.9	mrav-shoba-athanasi	RARE
გაუწყა	გაუწყა	1	1	1.9	mrav-shoba-athanasi	RARE
გონიერნო	გონიერნო	1	1	1.9	mrav-shoba-athanasi	RARE
სთქუთ	სთქუთ	1	1	1.9	mrav-shoba-athanasi	RARE
მწიგნობარნო	მწიგნობარნო	1	1	1.9	mrav-shoba-athanasi	RARE
გუასწავეთ	გუასწავეთ	1	1	1.9	mrav-shoba-athanasi	RARE
ვიცოდეთა	ვიცოდეთა	1	1	1.9	mrav-shoba-athanasi	RARE
გამოგჳთარგმანეთ	გამოგვთარგმანეთ	1	1	1.9	mrav-shoba-athanasi	RARE
გეგონოს	გეგონოს	1	1	1.9	mrav-shoba-athanasi	RARE
მიჰმადლებთ	მიჰმადლებთ	1	1	1.9	mrav-shoba-athanasi	RARE
ეროდჱს	ეროდეს	1	1	1.9	mrav-shoba-athanasi	RARE
მოიყვანეთ	მოიყვანეთ	1	1	1.9	mrav-shoba-athanasi	RARE
ჰქმნეთ	ჰქმნეთ	1	1	1.9	mrav-shoba-athanasi	RARE
ევფრათაჲსი	ევფრათაისი	1	1	1.9	mrav-shoba-athanasi	RARE
უმწწემჱს	უმწწემეს	1	1	1.9	mrav-shoba-athanasi	RARE
ისრალიე	ისრალიე	1	1	1.9	mrav-shoba-athanasi	RARE
დაებადის	დაებადის	1	1	1.9	mrav-shoba-athanasi	RARE
განაგებდა	განაგებდა	1	1	1.9	mrav-shoba-athanasi	RARE
ბრძენთაჲ	ბრძენთაი	1	1	1.9	mrav-shoba-athanasi	RARE
ტკბილთაჲ	ტკბილთაი	1	1	1.9	mrav-shoba-athanasi	RARE
გამოაცინეს	გამოაცინეს	1	1	1.9	mrav-shoba-athanasi	RARE
აუწყეს	აუწყეს	1	1	1.9	mrav-shoba-athanasi	RARE
გამოაცხადეს	გამოაცხადეს	1	1	1.9	mrav-shoba-athanasi	RARE
იხილენით	იხილენით	1	1	1.9	mrav-shoba-athanasi	RARE
ასწავებენ	ასწავებენ	1	1	1.9	mrav-shoba-athanasi	RARE
შიის	შიის	1	1	1.9	mrav-shoba-athanasi	RARE
ზრდიან	ზრდიან	1	1	1.9	mrav-shoba-athanasi	RARE
ასუმენ	ასუმენ	1	1	1.9	mrav-shoba-athanasi	RARE
აღვასრულებდეთ	აღვასრულებდეთ	1	1	1.9	mrav-shoba-athanasi	RARE
განჰჴსნდეს	განჰხსნდეს	1	1	1.9	mrav-shoba-athanasi	RARE
ჰრცუენა	ჰრცუენა	1	1	1.9	mrav-shoba-athanasi	RARE
დაირღუა	დაირღუა	1	1	1.9	mrav-shoba-athanasi	RARE
განეღ	განეღ	1	1	1.9	mrav-shoba-athanasi	RARE
საცტური	საცტური	1	1	1.9	mrav-shoba-athanasi	RARE
ეზიარნეს	ეზიარნეს	1	1	1.9	mrav-shoba-athanasi	RARE
იტევდეს	იტევდეს	1	1	1.9	mrav-shoba-athanasi	RARE
ზრდის	ზრდის	1	1	1.9	mrav-shoba-athanasi	RARE
მერმეთა	მერმეთა	1	1	1.9	mrav-shoba-athanasi	RARE
მწოვარი	მწოვარი	1	1	1.9	mrav-shoba-athanasi	RARE
მოუჴდენ	მოუხდენ	1	1	1.9	mrav-shoba-athanasi	RARE
სულმცირეთა	სულმცირეთა	1	1	1.9	mrav-shoba-athanasi	RARE
ივლტის	ივლტის	1	1	1.9	mrav-shoba-athanasi	RARE
ჰეროდჱს	ჰეროდეს	1	1	1.9	mrav-shoba-athanasi	RARE
აღერულა	აღერულა	1	1	1.9	mrav-shoba-athanasi	RARE
დაეწესნეს	დაეწესნეს	1	1	1.9	mrav-shoba-athanasi	RARE
დაეწესებიან	დაეწესებიან	1	1	1.9	mrav-shoba-athanasi	RARE
ჰეროდჱსა	ჰეროდესა	1	1	1.9	mrav-shoba-athanasi	RARE
აღმოსლვისა	აღმოსლვისა	1	1	1.9	mrav-shoba-athanasi	RARE
შეარყინა	შეარყინა	1	1	1.9	mrav-shoba-athanasi	RARE
წარწყმედისანი	წარწყმედისანი	1	1	1.9	mrav-shoba-athanasi	RARE
პირმშოდ	პირმშოდ	1	1	1.9	mrav-shoba-athanasi	RARE
წარმოდეგინ	წარმოდეგინ	1	1	1.9	mrav-shoba-athanasi	RARE
მოჰმადლოს	მოჰმადლოს	1	1	1.9	mrav-shoba-athanasi	RARE
მოწყუედისათჳს	მოწყუედისათვს	1	1	1.9	mrav-shoba-athanasi	RARE
სუისა	სუისა	1	1	1.9	mrav-shoba-athanasi	RARE
უვარჰყოფდეს	უვარჰყოფდეს	1	1	1.9	mrav-shoba-athanasi	RARE
მოყუარეთანი	მოყუარეთანი	1	1	1.9	mrav-shoba-athanasi	RARE
ნილოსსა	ნილოსსა	1	1	1.9	mrav-shoba-athanasi	RARE
იწროებისათჳს	იწროებისათვს	1	1	1.9	mrav-shoba-athanasi	RARE
დაგიმარხო	დაგიმარხო	1	1	1.9	mrav-shoba-athanasi	RARE
დავასრულო	დავასრულო	1	1	1.9	mrav-shoba-athanasi	RARE
საჴმართაგან	სახმართაგან	1	1	1.9	mrav-shoba-athanasi	RARE
დავრდომილთაჲ	დავრდომილთაი	1	1	1.9	mrav-shoba-athanasi	RARE
მრავლლითა	მრავლლითა	1	1	1.9	mrav-shoba-athanasi	RARE
სიგლახაკეო	სიგლახაკეო	1	1	1.9	mrav-shoba-athanasi	RARE
სიმდიდრეო	სიმდიდრეო	1	1	1.9	mrav-shoba-athanasi	RARE
სახუევლითა	სახუევლითა	1	1	1.9	mrav-shoba-athanasi	RARE
მოიკითხვების	მოიკითხვების	1	1	1.9	mrav-shoba-athanasi	RARE
ეთხოვა	ეთხოვა	1	1	1.9	mrav-shoba-athanasi	RARE
ჰპოებს	ჰპოებს	1	1	1.9	mrav-shoba-athanasi	RARE
მრუშებითმცა	მრუშებითმცა	1	1	1.9	mrav-shoba-athanasi	RARE
შვილადმცა	შვილადმცა	1	1	1.9	mrav-shoba-athanasi	RARE
რომელიგი	რომელიგი	1	1	1.9	mrav-shoba-athanasi	RARE
ჰფარვიდეს	ჰფარვიდეს	1	1	1.9	mrav-shoba-athanasi	RARE
დაიმარხავს	დაიმარხავს	1	1	1.9	mrav-shoba-athanasi	RARE
აცთუნა	აცთუნა	1	1	1.9	mrav-shoba-athanasi	RARE
ევაჲსმან	ევაისმან	1	1	1.9	mrav-shoba-athanasi	RARE
ხისაგან	ხისაგან	1	1	1.9	mrav-shoba-athanasi	RARE
ქალწულისამან	ქალწულისამან	1	1	1.9	mrav-shoba-athanasi	RARE
გამოთალეს	გამოთალეს	1	1	1.9	mrav-shoba-athanasi	RARE
ჰმსახურებდეს	ჰმსახურებდეს	1	1	1.9	mrav-shoba-athanasi	RARE
საგინებელად	საგინებელად	1	1	1.9	mrav-shoba-athanasi	RARE
მოაქციოს	მოაქციოს	1	1	1.9	mrav-shoba-athanasi	RARE
ნაშობსამწვალებელთასა	ნაშობსამწვალებელთასა	1	1	1.9	mrav-shoba-athanasi	RARE
გამოუჴუნებელად	გამოუხუნებელად	1	1	1.9	mrav-shoba-athanasi	RARE
განყოფილ	განყოფილ	1	1	1.9	mrav-epiphane-mary	RARE
ჯერიჩინა	ჯერიჩინა	1	1	1.9	mrav-epiphane-mary	RARE
შეეძინა	შეეძინა	1	1	1.9	mrav-epiphane-mary	RARE
სამებისაგან	სამებისაგან	1	1	1.9	mrav-epiphane-mary	RARE
გამოეცხადებოდა	გამოეცხადებოდა	1	1	1.9	mrav-epiphane-mary	RARE
ესაიაჲსითა	ესაიაისითა	1	1	1.9	mrav-epiphane-mary	RARE
შევიყუარე	შევიყუარე	1	1	1.9	mrav-epiphane-mary	RARE
წინასწარმეტყუელსა	წინასწარმეტყუელსა	1	1	1.9	mrav-epiphane-mary	RARE
ჩუენებანი	ჩუენებანი	1	1	1.9	mrav-epiphane-mary	RARE
განვამრავლენ	განვამრავლენ	1	1	1.9	mrav-epiphane-mary	RARE
წინაწარმეტყუელთაჲთა	წინაწარმეტყუელთაითა	1	1	1.9	mrav-epiphane-mary	RARE
ვემსგავსე	ვემსგავსე	1	1	1.9	mrav-epiphane-mary	RARE
აღმიღო	აღმიღო	1	1	1.9	mrav-epiphane-mary	RARE
განმიყვანა	განმიყვანა	1	1	1.9	mrav-epiphane-mary	RARE
წარვჰჴედით	წარვჰხედით	1	1	1.9	mrav-epiphane-mary	RARE
დაუტეოთ	დაუტეოთ	1	1	1.9	mrav-epiphane-mary	RARE
წარმოვადგინებთ	წარმოვადგინებთ	1	1	1.9	mrav-epiphane-mary	RARE
შჯულისათა	შჯულისათა	1	1	1.9	mrav-epiphane-mary	RARE
ადამისნი	ადამისნი	1	1	1.9	mrav-epiphane-mary	RARE
შთაბერა	შთაბერა	1	1	1.9	mrav-epiphane-mary	RARE
ურიათა	ჰურიათა	1	1	1.9	mrav-epiphane-mary	RARE
სიმართლედ	სიმართლედ	1	1	1.9	mrav-epiphane-mary	RARE
დაუმარხავს	დაუმარხავს	1	1	1.9	mrav-epiphane-mary	RARE
დაისაჯნენ	დაისაჯნენ	1	1	1.9	mrav-epiphane-mary	RARE
დაჰჴსნნა	დაჰხსნნა	1	1	1.9	mrav-epiphane-mary	RARE
დღედნი	დღედნი	1	1	1.9	mrav-epiphane-mary	RARE
ძუალითურთ	ძუალითურთ	1	1	1.9	mrav-epiphane-mary	RARE
ძარღჳთ	ძარღვთ	1	1	1.9	mrav-epiphane-mary	RARE
მიდრკა	მიდრკა	1	1	1.9	mrav-epiphane-mary	RARE
ჴორცთაებრ	ხორცთაებრ	1	1	1.9	mrav-epiphane-mary	RARE
გარწმუნოს	გარწმუნოს	1	1	1.9	mrav-epiphane-mary	RARE
მწვალებელთამან	მწვალებელთამან	1	1	1.9	mrav-epiphane-mary	RARE
კაცთაგანო	კაცთაგანო	1	1	1.9	mrav-epiphane-mary	RARE
ჰქონდესო	ჰქონდესო	1	1	1.9	mrav-epiphane-mary	RARE
აღმოიკითხვენ	აღმოიკითხვენ	1	1	1.9	mrav-epiphane-mary	RARE
დაწერილა	დაწერილა	1	1	1.9	mrav-epiphane-mary	RARE
გარდასდრეკენ	გარდასდრეკენ	1	1	1.9	mrav-epiphane-mary	RARE
ესევითართაჲ	ესევითართაი	1	1	1.9	mrav-epiphane-mary	RARE
გარდაქცეულ	გარდაქცეულ	1	1	1.9	mrav-epiphane-mary	RARE
ეკლესიისანი	ეკლესიისანი	1	1	1.9	mrav-epiphane-mary	RARE
შეგიყუარებიეს	შეგიყუარებიეს	1	1	1.9	mrav-epiphane-mary	RARE
მოიკითხავთ	მოიკითხავთ	1	1	1.9	mrav-epiphane-mary	RARE
შჭამთ	შჭამთ	1	1	1.9	mrav-epiphane-mary	RARE
სუამთ	სუამთ	1	1	1.9	mrav-epiphane-mary	RARE
გემოსა	გემოსა	1	1	1.9	mrav-epiphane-mary	RARE
დიდითგან	დიდითგან	1	1	1.9	mrav-epiphane-mary	RARE
მცირედმდე	მცირედმდე	1	1	1.9	mrav-epiphane-mary	RARE
ტკბილობითა	ტკბილობითა	1	1	1.9	mrav-epiphane-mary	RARE
ქენებითა	ქენებითა	1	1	1.9	mrav-epiphane-mary	RARE
გარდააქცინიან	გარდააქცინიან	1	1	1.9	mrav-epiphane-mary	RARE
წარწყმიდნეს	წარწყმიდნეს	1	1	1.9	mrav-epiphane-mary	RARE
ნათლისანი	ნათლისანი	1	1	1.9	mrav-epiphane-mary	RARE
აღგზარდა	აღგზარდა	1	1	1.9	mrav-epiphane-mary	RARE
ჰრბი	ჰრბი	1	1	1.9	mrav-epiphane-mary	RARE
იზღვიო	იზღვიო	1	1	1.9	mrav-epiphane-mary	RARE
მისცე	მისცე	1	1	1.9	mrav-epiphane-mary	RARE
შეიძინოს	შეიძინოს	1	1	1.9	mrav-epiphane-mary	RARE
წარიწყმიდოს	წარიწყმიდოს	1	1	1.9	mrav-epiphane-mary	RARE
შეჰრიო	შეჰრიო	1	1	1.9	mrav-epiphane-mary	RARE
დასთესავ	დასთესავ	1	1	1.9	mrav-epiphane-mary	RARE
განრყუნეს	განრყუნეს	1	1	1.9	mrav-epiphane-mary	RARE
ოროგინჱსთა	ოროგინესთა	1	1	1.9	mrav-epiphane-mary	RARE
მცბიერისათა	მცბიერისათა	1	1	1.9	mrav-epiphane-mary	RARE
დაწყეულისათა	დაწყეულისათა	1	1	1.9	mrav-epiphane-mary	RARE
შემოიხუნა	შემოიხუნა	1	1	1.9	mrav-epiphane-mary	RARE
პალესტინჱ	პალესტინე	1	1	1.9	mrav-epiphane-mary	RARE
შეაცთუნა	შეაცთუნა	1	1	1.9	mrav-epiphane-mary	RARE
შერეული	შერეული	1	1	1.9	mrav-epiphane-mary	RARE
სასიკუდინჱთა	სასიკუდინეთა	1	1	1.9	mrav-epiphane-mary	RARE
წარმოსთხია	წარმოსთხია	1	1	1.9	mrav-epiphane-mary	RARE
ეკრძალებიან	ეკრძალებიან	1	1	1.9	mrav-epiphane-mary	RARE
შეიგინებიან	შეიგინებიან	1	1	1.9	mrav-epiphane-mary	RARE
შეიგინოს	შეიგინოს	1	1	1.9	mrav-epiphane-mary	RARE
არიოსისთა	არიოსისთა	1	1	1.9	mrav-epiphane-mary	RARE
ნისტორისთა	ნისტორისთა	1	1	1.9	mrav-epiphane-mary	RARE
ევტჳქისთა	ევტვქისთა	1	1	1.9	mrav-epiphane-mary	RARE
ყოველადვე	ყოველადვე	1	1	1.9	mrav-epiphane-mary	RARE
შეიცვალა	შეიცვალა	1	1	1.9	mrav-epiphane-mary	RARE
რიცხჳსაჲ	რიცხვსაი	1	1	1.9	mrav-epiphane-mary	RARE
უვნებლად	უვნებლად	1	1	1.9	mrav-epiphane-mary	RARE
აღიზარდა	აღიზარდა	1	1	1.9	mrav-epiphane-mary	RARE
მამაკაცისაჲ	მამაკაცისაი	1	1	1.9	mrav-epiphane-mary	RARE
სჳმეონისთა	სვმეონისთა	1	1	1.9	mrav-epiphane-mary	RARE
ანაჲსთა	ანაისთა	1	1	1.9	mrav-epiphane-mary	RARE
ოველივე	უოველივე	1	1	1.9	mrav-epiphane-mary	RARE
თუეთა	თუეთა	1	1	1.9	mrav-epiphane-mary	RARE
წელიწადთასა	წელიწადთასა	1	1	1.9	mrav-epiphane-mary	RARE
შთაიცუა	შთაიცუა	1	1	1.9	mrav-epiphane-mary	RARE
მიანიჭა	მიანიჭა	1	1	1.9	mrav-epiphane-mary	RARE
განაძლიერნა	განაძლიერნა	1	1	1.9	mrav-epiphane-mary	RARE
მერმეთაჲ	მერმეთაი	1	1	1.9	mrav-epiphane-mary	RARE
განსრულებათაჲ	განსრულებათაი	1	1	1.9	mrav-epiphane-mary	RARE
იგიცაღა	იგიცაღა	1	1	1.9	mrav-epiphane-mary	RARE
მოვიდოდიან	მოვიდოდიან	1	1	1.9	mrav-epiphane-mary	RARE
განათლდენ	განათლდენ	1	1	1.9	mrav-epiphane-mary	RARE
დაგებითა	დაგებითა	1	1	1.9	mrav-epiphane-mary	RARE
მოგუცეს	მოგუცეს	1	1	1.9	mrav-epiphane-mary	RARE
დავამტკიცებთ	დავამტკიცებთ	1	1	1.9	mrav-epiphane-mary	RARE
პურისასა	პურისასა	1	1	1.9	mrav-epiphane-mary	RARE
საჭმელ	საჭმელ	1	1	1.9	mrav-epiphane-mary	RARE
განმაცხოველებელ	განმაცხოველებელ	1	1	1.9	mrav-epiphane-mary	RARE
სიყუარულ	სიყუარულ	1	1	1.9	mrav-epiphane-mary	RARE
გუეშინოდის	გუეშინოდის	1	1	1.9	mrav-epiphane-mary	RARE
აღუდეგით	აღუდეგით	1	1	1.9	mrav-epiphane-mary	RARE
მოძღურიან	მოძღურიან	1	1	1.9	mrav-epiphane-mary	RARE
შევარწყუათ	შევარწყუათ	1	1	1.9	mrav-epiphane-mary	RARE
ვაგონოთ	ვაგონოთ	1	1	1.9	mrav-epiphane-mary	RARE
განწმიდოს	განწმიდოს	1	1	1.9	mrav-epiphane-mary	RARE
საუცრით	საუცრით	1	1	1.9	mrav-epiphane-mary	RARE
მტერისაგან	მტერისაგან	1	1	1.9	mrav-epiphane-mary	RARE
განკურნნა	განკურნნა	1	1	1.9	mrav-epiphane-mary	RARE
განჴადნა	განხადნა	1	1	1.9	mrav-epiphane-mary	RARE
შიოდა	შიოდა	1	1	1.9	mrav-epiphane-mary	RARE
დააყუდნა	დააყუდნა	1	1	1.9	mrav-epiphane-mary	RARE
აუხილნა	აუხილნა	1	1	1.9	mrav-epiphane-mary	RARE
რისტემან	ქრისტემან	1	1	1.9	mrav-epiphane-mary	RARE
გამოუკულეველ	გამოუკულეველ	1	1	1.9	mrav-epiphane-mary	RARE
უსულოდ	უსულოდ	1	1	1.9	mrav-epiphane-mary	RARE
სამკუდროჲთა	სამკუდროითა	1	1	1.9	mrav-epiphane-mary	RARE
ტილოჲთა	ტილოითა	1	1	1.9	mrav-epiphane-mary	RARE
შეეყენა	შეეყენა	1	1	1.9	mrav-epiphane-mary	RARE
გარდასკნელისათა	გარდასკნელისათა	1	1	1.9	mrav-epiphane-mary	RARE
წარმოტყუენნა	წარმოტყუენნა	1	1	1.9	mrav-epiphane-mary	RARE
გამოიყვანნა	გამოიყვანნა	1	1	1.9	mrav-epiphane-mary	RARE
სიკუდილისანი	სიკუდილისანი	1	1	1.9	mrav-epiphane-mary	RARE
ადამანტიაჲსანი	ადამანტიაისანი	1	1	1.9	mrav-epiphane-mary	RARE
შეერთებული	შეერთებული	1	1	1.9	mrav-epiphane-mary	RARE
შენდობითა	შენდობითა	1	1	1.9	mrav-epiphane-mary	RARE
კლებითა	კლებითა	1	1	1.9	mrav-epiphane-mary	RARE
ჴორციელობით	ხორციელობით	1	1	1.9	mrav-epiphane-mary	RARE
განუშორებელ	განუშორებელ	1	1	1.9	mrav-epiphane-mary	RARE
ესევითართაგან	ესევითართაგან	1	1	1.9	mrav-epiphane-mary	RARE
შეერთნეს	შეერთნეს	1	1	1.9	mrav-epiphane-mary	RARE
ერთდიდება	ერთდიდება	1	1	1.9	mrav-epiphane-mary	RARE
განცხადდა	განცხადდა	1	1	1.9	mrav-epiphane-mary	RARE
განიხილა	განიხილა	1	1	1.9	mrav-epiphane-mary	RARE
თომაჲსგან	თომაისგან	1	1	1.9	mrav-epiphane-mary	RARE
შესლვისა	შესლვისა	1	1	1.9	mrav-epiphane-mary	RARE
სამსჭუალთაჲ	სამსჭუალთაი	1	1	1.9	mrav-epiphane-mary	RARE
ერთარსება	ერთარსება	1	1	1.9	mrav-epiphane-mary	RARE
კაცებისაჲ	კაცებისაი	1	1	1.9	mrav-epiphane-mary	RARE
შთაეცვალა	შთაეცვალა	1	1	1.9	mrav-epiphane-mary	RARE
გამოუხატველნი	გამოუხატველნი	1	1	1.9	mrav-epiphane-mary	RARE
შეერთებულნი	შეერთებულნი	1	1	1.9	mrav-epiphane-mary	RARE
განვაშორებ	განვაშორებ	1	1	1.9	mrav-epiphane-mary	RARE
ღმერთეებასა	ღმერთეებასა	1	1	1.9	mrav-epiphane-mary	RARE
მომავალ	მომავალ	1	1	1.9	mrav-epiphane-mary	RARE
განრჩად	განრჩად	1	1	1.9	mrav-epiphane-mary	RARE
შევისუენოთ	შევისუენოთ	1	1	1.9	mrav-epiphane-mary	RARE
მოიპოვოს	მოიპოვოს	1	1	1.9	mrav-epiphane-mary	RARE
გარდააქცევენ	გარდააქცევენ	1	1	1.9	mrav-epiphane-mary	RARE
ოროგინეს	ოროგინეს	1	1	1.9	mrav-epiphane-mary	RARE
მრუდებისა	მრუდებისა	1	1	1.9	mrav-epiphane-mary	RARE
ერჩიან	ერჩიან	1	1	1.9	mrav-epiphane-mary	RARE
დასთესნეს	დასთესნეს	1	1	1.9	mrav-epiphane-mary	RARE
დაფუძნვილ	დაფუძნვილ	1	1	1.9	mrav-epiphane-mary	RARE
შეირყიოს	შეირყიოს	1	1	1.9	mrav-epiphane-mary	RARE
არიოსს	არიოსს	1	1	1.9	mrav-epiphane-mary	RARE
ნისტორს	ნისტორს	1	1	1.9	mrav-epiphane-mary	RARE
ევტჳქის	ევტვქის	1	1	1.9	mrav-epiphane-mary	RARE
შეაცთუნნეს	შეაცთუნნეს	1	1	1.9	mrav-epiphane-mary	RARE
დასცხრებიან	დასცხრებიან	1	1	1.9	mrav-epiphane-mary	RARE
აღმოთხარეს	აღმოთხარეს	1	1	1.9	mrav-epiphane-mary	RARE
შთაითხინეს	შთაითხინეს	1	1	1.9	mrav-epiphane-mary	RARE
მორწმუნწთანი	მორწმუნწთანი	1	1	1.9	mrav-epiphane-mary	RARE
აღვიზარდენით	აღვიზარდენით	1	1	1.9	mrav-epiphane-mary	RARE
მოსჱსითგან	მოსესითგან	1	1	1.9	mrav-epiphane-mary	RARE
ოქროჲსაჲ	ოქროისაი	1	1	1.9	mrav-epiphane-mary	RARE
ძეთათჳს	ძეთათვს	1	1	1.9	mrav-epiphane-mary	RARE
მიწადცა	მიწადცა	1	1	1.9	mrav-epiphane-mary	RARE
დაისუა	დაისუა	1	1	1.9	mrav-epiphane-mary	RARE
ენთჳს	შენთვს	1	1	1.9	mrav-epiphane-mary	RARE
მთოვარესა	მთოვარესა	1	1	1.9	mrav-epiphane-mary	RARE
მოხედოს	მოხედოს	1	1	1.9	mrav-epiphane-mary	RARE
შეიმუსრვინ	შეიმუსრვინ	1	1	1.9	mrav-epiphane-mary	RARE
შეჰრისხნის	შეჰრისხნის	1	1	1.9	mrav-epiphane-mary	RARE
განაჴმის	განახმის	1	1	1.9	mrav-epiphane-mary	RARE
საშომან	საშომან	1	1	1.9	mrav-epiphane-mary	RARE
აჴოცნა	ახოცნა	1	1	1.9	mrav-epiphane-mary	RARE
აღიხუნა	აღიხუნა	1	1	1.9	mrav-epiphane-mary	RARE
შემშჭუალნა	შემშჭუალნა	1	1	1.9	mrav-epiphane-mary	RARE
გუაცხოვნნა	გუაცხოვნნა	1	1	1.9	mrav-epiphane-mary	RARE
გამოზარდნა	გამოზარდნა	1	1	1.9	mrav-epiphane-mary	RARE
განმსუენებელი	განმსუენებელი	1	1	1.9	mrav-epiphane-mary	RARE
სულგრძელი	სულგრძელი	1	1	1.9	mrav-epiphane-mary	RARE
გჳშევ	გვშევ	1	1	1.9	mrav-epiphane-mary	RARE
იქადიან	იქადიან	1	1	1.9	mrav-epiphane-mary	RARE
ძელისაგან	ძელისაგან	1	1	1.9	mrav-epiphane-mary	RARE
ნათესავისაგან	ნათესავისაგან	1	1	1.9	mrav-epiphane-mary	RARE
ჰრცხუენა	ჰრცხუენა	1	1	1.9	mrav-epiphane-mary	RARE
წუხდედ	წუხდედ	1	1	1.9	mrav-epiphane-mary	RARE
მართალთათჳს	მართალთათვს	1	1	1.9	mrav-epiphane-mary	RARE
მედგრად	მედგრად	1	1	1.9	mrav-epiphane-mary	RARE
სცნობენ	სცნობენ	1	1	1.9	mrav-epiphane-mary	RARE
შემოაქუს	შემოაქუს	1	1	1.9	mrav-epiphane-mary	RARE
განსლვასა	განსლვასა	1	1	1.9	mrav-epiphane-mary	RARE
იქმოდი	იქმოდი	1	1	1.9	mrav-epiphane-mary	RARE
წინაშემცა	წინაშემცა	1	1	1.9	mrav-epiphane-mary	RARE
ძწოლითა	ძწოლითა	1	1	1.9	mrav-epiphane-mary	RARE
განაქიქნა	განაქიქნა	1	1	1.9	mrav-epiphane-mary	RARE
დაგჳტევა	დაგვტევა	1	1	1.9	mrav-epiphane-mary	RARE
განძლიერდების	განძლიერდების	1	1	1.9	mrav-epiphane-mary	RARE
საიდუმლოჲთა	საიდუმლოითა	1	1	1.9	mrav-epiphane-mary	RARE
მომიწოდნა	მომიწოდნა	1	1	1.9	mrav-epiphane-mary	RARE
განმწმიდნა	განმწმიდნა	1	1	1.9	mrav-epiphane-mary	RARE
ჩუენთაგან	ჩუენთაგან	1	1	1.9	mrav-epiphane-mary	RARE
სდებდით	სდებდით	1	1	1.9	mrav-epiphane-mary	RARE
შეარწყუას	შეარწყუას	1	1	1.9	mrav-epiphane-mary	RARE
დღესასწაულისაჲ	დღესასწაულისაი	1	1	1.9	proclus-hom-theotokos	RARE
სარგებლის	სარგებლის	1	1	1.9	proclus-hom-theotokos	RARE
მომატყტუებელ	მომატყტუებელ	1	1	1.9	proclus-hom-theotokos	RARE
დედათაჲსა	დედათაისა	1	1	1.9	proclus-hom-theotokos	RARE
აღვასრულებთ	აღვასრულებთ	1	1	1.9	proclus-hom-theotokos	RARE
დღესასწაულებისაჲ	დღესასწაულებისაი	1	1	1.9	proclus-hom-theotokos	RARE
განუმარტა	განუმარტა	1	1	1.9	proclus-hom-theotokos	RARE
მავალთანი	მავალთანი	1	1	1.9	proclus-hom-theotokos	RARE
წარუმართნა	წარუმართნა	1	1	1.9	proclus-hom-theotokos	RARE
ხაროდენ	უხაროდენ	1	1	1.9	proclus-hom-theotokos	RARE
გარდაერია	გარდაერია	1	1	1.9	proclus-hom-theotokos	RARE
მომიწოდა	მომიწოდა	1	1	1.9	proclus-hom-theotokos	RARE
სიწმიდისამან	სიწმიდისამან	1	1	1.9	proclus-hom-theotokos	RARE
სასძლოჲსამან	სასძლოისამან	1	1	1.9	proclus-hom-theotokos	RARE
საღმრთომან	საღმრთომან	1	1	1.9	proclus-hom-theotokos	RARE
სულმცირემან	სულმცირემან	1	1	1.9	proclus-hom-theotokos	RARE
ცხოვართამან	ცხოვართამან	1	1	1.9	proclus-hom-theotokos	RARE
ჴიდი	ხიდი	1	1	1.9	proclus-hom-theotokos	RARE
მოღუაწებისა	მოღუაწებისა	1	1	1.9	proclus-hom-theotokos	RARE
ჴორციელებისაჲ	ხორციელებისაი	1	1	1.9	proclus-hom-theotokos	RARE
საუფლოჲ	საუფლოი	1	1	1.9	proclus-hom-theotokos	RARE
იქსოვა	იქსოვა	1	1	1.9	proclus-hom-theotokos	RARE
ქალწულისანი	ქალწულისანი	1	1	1.9	proclus-hom-theotokos	RARE
ის	ვის	1	1	1.9	proclus-hom-theotokos	RARE
იტევენ	იტევენ	1	1	1.9	proclus-hom-theotokos	RARE
დასტხია	დასტხია	1	1	1.9	proclus-hom-theotokos	RARE
ლიტონიმცა	ლიტონიმცა	1	1	1.9	proclus-hom-theotokos	RARE
გიჩნ	გიჩნ	1	1	1.9	proclus-hom-theotokos	RARE
შეაგინის	შეაგინის	1	1	1.9	proclus-hom-theotokos	RARE
განაახლებნ	განაახლებნ	1	1	1.9	proclus-hom-theotokos	RARE
სექმნულსა	სექმნულსა	1	1	1.9	proclus-hom-theotokos	RARE
ქალწულისაჲსა	ქალწულისაისა	1	1	1.9	proclus-hom-theotokos	RARE
გამოიჭედა	გამოიჭედა	1	1	1.9	proclus-hom-theotokos	RARE
მელქიზედეკისა	მელქიზედეკისა	1	1	1.9	proclus-hom-theotokos	RARE
გუბასრობენ	გუბასრობენ	1	1	1.9	proclus-hom-theotokos	RARE
საკრველებასა	საკრველებასა	1	1	1.9	proclus-hom-theotokos	RARE
აიდუმლოჲ	საიდუმლოი	1	1	1.9	proclus-hom-theotokos	RARE
გადარეულ	გადარეულ	1	1	1.9	proclus-hom-theotokos	RARE
მრავალვნებულ	მრავალვნებულ	1	1	1.9	proclus-hom-theotokos	RARE
იქმნს	იქმნს	1	1	1.9	proclus-hom-theotokos	RARE
იჩემა	იჩემა	1	1	1.9	proclus-hom-theotokos	RARE
არსებით	არსებით	1	1	1.9	proclus-hom-theotokos	RARE
ეიკდიმე	შეიკდიმე	1	1	1.9	proclus-hom-theotokos	RARE
მოკითხვისა	მოკითხვისა	1	1	1.9	proclus-hom-theotokos	RARE
უსწრო	უსწრო	1	1	1.9	proclus-hom-theotokos	RARE
სწავეთ	ისწავეთ	1	1	1.9	proclus-hom-theotokos	RARE
მოსლვისაჲ	მოსლვისაი	1	1	1.9	proclus-hom-theotokos	RARE
ადიდებდით	ადიდებდით	1	1	1.9	proclus-hom-theotokos	RARE
შესხმისასა	შესხმისასა	1	1	1.9	proclus-hom-theotokos	RARE
დაგუეწერა	დაგუეწერა	1	1	1.9	proclus-hom-theotokos	RARE
ვეპყრენით	ვეპყრენით	1	1	1.9	proclus-hom-theotokos	RARE
დაგჳპყრის	დაგვპყრის	1	1	1.9	proclus-hom-theotokos	RARE
ქარტისა	ქარტისა	1	1	1.9	proclus-hom-theotokos	RARE
იმსახურებდა	იმსახურებდა	1	1	1.9	proclus-hom-theotokos	RARE
ვნებათაჲ	ვნებათაი	1	1	1.9	proclus-hom-theotokos	RARE
აღმიდგინებდა	აღმიდგინებდა	1	1	1.9	proclus-hom-theotokos	RARE
მიმჴდიდა	მიმხდიდა	1	1	1.9	proclus-hom-theotokos	RARE
შესცოდეს	შესცოდეს	1	1	1.9	proclus-hom-theotokos	RARE
მომპოვნებელ	მომპოვნებელ	1	1	1.9	proclus-hom-theotokos	RARE
ისევითარისათჳს	ისევითარისათვს	1	1	1.9	proclus-hom-theotokos	RARE
გამოიძია	გამოიძია	1	1	1.9	proclus-hom-theotokos	RARE
თარგმანებად	თარგმანებად	1	1	1.9	proclus-hom-theotokos	RARE
იყოვე	იყოვე	1	1	1.9	proclus-hom-theotokos	RARE
მოწყალებისათჳს	მოწყალებისათვს	1	1	1.9	proclus-hom-theotokos	RARE
არესრულა	არესრულა	1	1	1.9	proclus-hom-theotokos	RARE
შეასწორებს	შეასწორებს	1	1	1.9	proclus-hom-theotokos	RARE
აკლს	აკლს	1	1	1.9	proclus-hom-theotokos	RARE
დარჩილთასა	დარჩილთასა	1	1	1.9	proclus-hom-theotokos	RARE
ჰმატს	ჰმატს	1	1	1.9	proclus-hom-theotokos	RARE
აცუენებს	აცუენებს	1	1	1.9	proclus-hom-theotokos	RARE
შემოქმედებითა	შემოქმედებითა	1	1	1.9	proclus-hom-theotokos	RARE
მოწყალების	მოწყალების	1	1	1.9	proclus-hom-theotokos	RARE
დაისაჯა	დაისაჯა	1	1	1.9	proclus-hom-theotokos	RARE
მცუმელთაჲ	მცუმელთაი	1	1	1.9	proclus-hom-theotokos	RARE
მომკლველთაჲ	მომკლველთაი	1	1	1.9	proclus-hom-theotokos	RARE
მოქმედთაჲ	მოქმედთაი	1	1	1.9	proclus-hom-theotokos	RARE
მათთავე	მათთავე	1	1	1.9	proclus-hom-theotokos	RARE
შეცოდეს	შეცოდეს	1	1	1.9	proclus-hom-theotokos	RARE
მიჰგურიდა	მიჰგურიდა	1	1	1.9	proclus-hom-theotokos	RARE
მოაწევდა	მოაწევდა	1	1	1.9	proclus-hom-theotokos	RARE
ერვინაჲ	ვერვინაი	1	1	1.9	proclus-hom-theotokos	RARE
მოსაპოვნელ	მოსაპოვნელ	1	1	1.9	proclus-hom-theotokos	RARE
სეასმენდეს	სეასმენდეს	1	1	1.9	proclus-hom-theotokos	RARE
წინაწარმეტუელთა	წინაწარმეტუელთა	1	1	1.9	proclus-hom-theotokos	RARE
მოდრიკენ	მოდრიკენ	1	1	1.9	proclus-hom-theotokos	RARE
გარდამოჴედ	გარდამოხედ	1	1	1.9	proclus-hom-theotokos	RARE
განმკურნე	განმკურნე	1	1	1.9	proclus-hom-theotokos	RARE
განვიკურნო	განვიკურნო	1	1	1.9	proclus-hom-theotokos	RARE
აღდეგინ	აღდეგინ	1	1	1.9	proclus-hom-theotokos	RARE
მეწიენ	მეწიენ	1	1	1.9	proclus-hom-theotokos	RARE
დავგლახაკენით	დავგლახაკენით	1	1	1.9	proclus-hom-theotokos	RARE
მომხედენ	მომხედენ	1	1	1.9	proclus-hom-theotokos	RARE
ისწრაფე	ისწრაფე	1	1	1.9	proclus-hom-theotokos	RARE
ყოვნოს	ყოვნოს	1	1	1.9	proclus-hom-theotokos	RARE
მომიძიე	მომიძიე	1	1	1.9	proclus-hom-theotokos	RARE
მიმძლავრებისაგან	მიმძლავრებისაგან	1	1	1.9	proclus-hom-theotokos	RARE
მოგუცნა	მოგუცნა	1	1	1.9	proclus-hom-theotokos	RARE
საჴსრად	სახსრად	1	1	1.9	proclus-hom-theotokos	RARE
დამონებულ	დამონებულ	1	1	1.9	proclus-hom-theotokos	RARE
შემემოსა	შემემოსა	1	1	1.9	proclus-hom-theotokos	RARE
არცამცა	არცამცა	1	1	1.9	proclus-hom-theotokos	RARE
მიჴსნა	მიხსნა	1	1	1.9	proclus-hom-theotokos	RARE
სეისხნა	სეისხნა	1	1	1.9	proclus-hom-theotokos	RARE
განხეთქ	განხეთქ	1	1	1.9	proclus-hom-theotokos	RARE
მოღუაწებისასა	მოღუაწებისასა	1	1	1.9	proclus-hom-theotokos	RARE
დაემოწაფები	დაემოწაფები	1	1	1.9	proclus-hom-theotokos	RARE
არისს	არისს	1	1	1.9	proclus-hom-theotokos	RARE
ტავადი	ტავადი	1	1	1.9	proclus-hom-theotokos	RARE
უშჯულოებით	უშჯულოებით	1	1	1.9	proclus-hom-theotokos	RARE
განჰყოფს	განჰყოფს	1	1	1.9	proclus-hom-theotokos	RARE
გამოგჳჩნდა	გამოგვჩნდა	1	1	1.9	proclus-hom-theotokos	RARE
შეურწყუმელად	შეურწყუმელად	1	1	1.9	proclus-hom-theotokos	RARE
სიკუდილიცა	სიკუდილიცა	1	1	1.9	proclus-hom-theotokos	RARE
შესაზლებელ	შესაზლებელ	1	1	1.9	proclus-hom-theotokos	RARE
ჰგოდებს	ჰგოდებს	1	1	1.9	proclus-hom-theotokos	RARE
ეკლისა	ეკლისა	1	1	1.9	proclus-hom-theotokos	RARE
მამისათა	მამისათა	1	1	1.9	proclus-hom-theotokos	RARE
მომაქცია	მომაქცია	1	1	1.9	proclus-hom-theotokos	RARE
არმოსავალად	არმოსავალად	1	1	1.9	proclus-hom-theotokos	RARE
კაცისაო	კაცისაო	1	1	1.9	proclus-hom-theotokos	RARE
ვიდეს	ვიდეს	1	1	1.9	proclus-hom-theotokos	RARE
მარიამოსო	მარიამოსო	1	1	1.9	proclus-hom-theotokos	RARE
დასცხერინ	დასცხერინ	1	1	1.9	proclus-hom-theotokos	RARE
მოძღურებისათა	მოძღურებისათა	1	1	1.9	proclus-hom-theotokos	RARE
განვნათლდებოდით	განვნათლდებოდით	1	1	1.9	proclus-hom-theotokos	RARE
ომიჴდა	მომიხდა	1	1	1.9	mrav-sinai-fathers-amonios	RARE
ვჯედ	ვჯედ	1	1	1.9	mrav-sinai-fathers-amonios	RARE
ალექსანდრიასა	ალექსანდრიასა	1	1	1.9	mrav-sinai-fathers-amonios	RARE
კანოპე	კანოპე	1	1	1.9	mrav-sinai-fathers-amonios	RARE
პალესტინედ	პალესტინედ	1	1	1.9	mrav-sinai-fathers-amonios	RARE
დაუთმობდი	დაუთმობდი	1	1	1.9	mrav-sinai-fathers-amonios	RARE
შეემთხუეოდეს	შეემთხუეოდეს	1	1	1.9	mrav-sinai-fathers-amonios	RARE
მარადღ	მარადღ	1	1	1.9	mrav-sinai-fathers-amonios	RARE
ალექსანდრიას	ალექსანდრიას	1	1	1.9	mrav-sinai-fathers-amonios	RARE
უღმრთოთაგან	უღმრთოთაგან	1	1	1.9	mrav-sinai-fathers-amonios	RARE
ალექსანდრიისაჲ	ალექსანდრიისაი	1	1	1.9	mrav-sinai-fathers-amonios	RARE
იმალვოდა	იმალვოდა	1	1	1.9	mrav-sinai-fathers-amonios	RARE
ადგილითი	ადგილითი	1	1	1.9	mrav-sinai-fathers-amonios	RARE
განსუენებით	განსუენებით	1	1	1.9	mrav-sinai-fathers-amonios	RARE
მოვიხილნე	მოვიხილნე	1	1	1.9	mrav-sinai-fathers-amonios	RARE
ვითხოვდ	ვითხოვდ	1	1	1.9	mrav-sinai-fathers-amonios	RARE
მომმადლა	მომმადლა	1	1	1.9	mrav-sinai-fathers-amonios	RARE
ელიად	ელიად	1	1	1.9	mrav-sinai-fathers-amonios	RARE
მოვილოცენ	მოვილოცენ	1	1	1.9	mrav-sinai-fathers-amonios	RARE
აღვისრულე	აღვისრულე	1	1	1.9	mrav-sinai-fathers-amonios	RARE
მივეც	მივეც	1	1	1.9	mrav-sinai-fathers-amonios	RARE
განმიმარჯუა	განმიმარჯუა	1	1	1.9	mrav-sinai-fathers-amonios	RARE
ელიაჲთ	ელიაით	1	1	1.9	mrav-sinai-fathers-amonios	RARE
უდაბნოჲსასა	უდაბნოისასა	1	1	1.9	mrav-sinai-fathers-amonios	RARE
მივიწიენით	მივიწიენით	1	1	1.9	mrav-sinai-fathers-amonios	RARE
მოვილოცეთ	მოვილოცეთ	1	1	1.9	mrav-sinai-fathers-amonios	RARE
დავყვენ	დავყვენ	1	1	1.9	mrav-sinai-fathers-amonios	RARE
ვიკურთხე	ვიკურთხე	1	1	1.9	mrav-sinai-fathers-amonios	RARE
მამათაგან	მამათაგან	1	1	1.9	mrav-sinai-fathers-amonios	RARE
მოგიღე	მოგიღე	1	1	1.9	mrav-sinai-fathers-amonios	RARE
მივიდი	მივიდი	1	1	1.9	mrav-sinai-fathers-amonios	RARE
მეყსის	მეყსის	1	1	1.9	mrav-sinai-fathers-amonios	RARE
კეთილისაგან	კეთილისაგან	1	1	1.9	mrav-sinai-fathers-amonios	RARE
სხენედ	სხენედ	1	1	1.9	mrav-sinai-fathers-amonios	RARE
აღასრულიან	აღასრულიან	1	1	1.9	mrav-sinai-fathers-amonios	RARE
ღამისაჲ	ღამისაი	1	1	1.9	mrav-sinai-fathers-amonios	RARE
განთიადისაჲ	განთიადისაი	1	1	1.9	mrav-sinai-fathers-amonios	RARE
მიიქცის	მიიქცის	1	1	1.9	mrav-sinai-fathers-amonios	RARE
სენაკადვე	სენაკადვე	1	1	1.9	mrav-sinai-fathers-amonios	RARE
თევითა	თევითა	1	1	1.9	mrav-sinai-fathers-amonios	RARE
ზრუნვიდეს	ზრუნვიდეს	1	1	1.9	mrav-sinai-fathers-amonios	RARE
საჴმრად	სახმრად	1	1	1.9	mrav-sinai-fathers-amonios	RARE
უცხოთათჳს	უცხოთათვს	1	1	1.9	mrav-sinai-fathers-amonios	RARE
გარდაჴდეს	გარდახდეს	1	1	1.9	mrav-sinai-fathers-amonios	RARE
დაგუესხნეს	დაგუესხნეს	1	1	1.9	mrav-sinai-fathers-amonios	RARE
სახლობელად	სახლობელად	1	1	1.9	mrav-sinai-fathers-amonios	RARE
თევდოლოსს	თევდოლოსს	1	1	1.9	mrav-sinai-fathers-amonios	RARE
მონაზონთაგანნი	მონაზონთაგანნი	1	1	1.9	mrav-sinai-fathers-amonios	RARE
სერგის	სერგის	1	1	1.9	mrav-sinai-fathers-amonios	RARE
ქორებს	ქორებს	1	1	1.9	mrav-sinai-fathers-amonios	RARE
მოაწიეს	მოაწიეს	1	1	1.9	mrav-sinai-fathers-amonios	RARE
კოშკადმდე	კოშკადმდე	1	1	1.9	mrav-sinai-fathers-amonios	RARE
მცირედღა	მცირედღა	1	1	1.9	mrav-sinai-fathers-amonios	RARE
ვეკლენით	ვეკლენით	1	1	1.9	mrav-sinai-fathers-amonios	RARE
იითხოვედ	იითხოვედ	1	1	1.9	mrav-sinai-fathers-amonios	RARE
კუმოდა	კუმოდა	1	1	1.9	mrav-sinai-fathers-amonios	RARE
შემიპყრნა	შემიპყრნა	1	1	1.9	mrav-sinai-fathers-amonios	RARE
დავცჳვენით	დავცვვენით	1	1	1.9	mrav-sinai-fathers-amonios	RARE
ვევედრებოდეთ	ვევედრებოდეთ	1	1	1.9	mrav-sinai-fathers-amonios	RARE
გჳჴსნეს	გვხსნეს	1	1	1.9	mrav-sinai-fathers-amonios	RARE
აქლემებისა	აქლემებისა	1	1	1.9	mrav-sinai-fathers-amonios	RARE
დაყარეს	დაყარეს	1	1	1.9	mrav-sinai-fathers-amonios	RARE
გარდამოვედით	გარდამოვედით	1	1	1.9	mrav-sinai-fathers-amonios	RARE
მონაზონთასა	მონაზონთასა	1	1	1.9	mrav-sinai-fathers-amonios	RARE
ვეძიებდით	ვეძიებდით	1	1	1.9	mrav-sinai-fathers-amonios	RARE
ათრვამეტჱ	ათრვამეტე	1	1	1.9	mrav-sinai-fathers-amonios	RARE
რომელმანმცა	რომელმანმცა	1	1	1.9	mrav-sinai-fathers-amonios	RARE
დახუდა	დახუდა	1	1	1.9	mrav-sinai-fathers-amonios	RARE
ათრვამეტთაგან	ათრვამეტთაგან	1	1	1.9	mrav-sinai-fathers-amonios	RARE
მეორისაჲ	მეორისაი	1	1	1.9	mrav-sinai-fathers-amonios	RARE
დავჰფლენით	დავჰფლენით	1	1	1.9	mrav-sinai-fathers-amonios	RARE
კურნებად	კურნებად	1	1	1.9	mrav-sinai-fathers-amonios	RARE
ინმცა	ვინმცა	1	1	1.9	mrav-sinai-fathers-amonios	RARE
უწყალოჲ	უწყალოი	1	1	1.9	mrav-sinai-fathers-amonios	RARE
დაბერებულთა	დაბერებულთა	1	1	1.9	mrav-sinai-fathers-amonios	RARE
მდებარეთა	მდებარეთა	1	1	1.9	mrav-sinai-fathers-amonios	RARE
ეკიდა	ეკიდა	1	1	1.9	mrav-sinai-fathers-amonios	RARE
დაჭრილი	დაჭრილი	1	1	1.9	mrav-sinai-fathers-amonios	RARE
რაჲსაღა	რაისაღა	1	1	1.9	mrav-sinai-fathers-amonios	RARE
განვაგრძობდე	განვაგრძობდე	1	1	1.9	mrav-sinai-fathers-amonios	RARE
განვიხილევდით	განვიხილევდით	1	1	1.9	mrav-sinai-fathers-amonios	RARE
საგონელ	საგონელ	1	1	1.9	mrav-sinai-fathers-amonios	RARE
იგლოვდა	იგლოვდა	1	1	1.9	mrav-sinai-fathers-amonios	RARE
ცოდვილსა	ცოდვილსა	1	1	1.9	mrav-sinai-fathers-amonios	RARE
შერაცხად	შერაცხად	1	1	1.9	mrav-sinai-fathers-amonios	RARE
ჟამისათა	ჟამისათა	1	1	1.9	mrav-sinai-fathers-amonios	RARE
ნავთსადგური	ნავთსადგური	1	1	1.9	mrav-sinai-fathers-amonios	RARE
ინებე	ინებე	1	1	1.9	mrav-sinai-fathers-amonios	RARE
მოავლინე	მოავლინე	1	1	1.9	mrav-sinai-fathers-amonios	RARE
ჴსნისათჳს	ხსნისათვს	1	1	1.9	mrav-sinai-fathers-amonios	RARE
ადამისთა	ადამისთა	1	1	1.9	mrav-sinai-fathers-amonios	RARE
მხოლოო	მხოლოო	1	1	1.9	mrav-sinai-fathers-amonios	RARE
მოწყალეო	მოწყალეო	1	1	1.9	mrav-sinai-fathers-amonios	RARE
განმაშორებ	განმაშორებ	1	1	1.9	mrav-sinai-fathers-amonios	RARE
აღასრულე	აღასრულე	1	1	1.9	mrav-sinai-fathers-amonios	RARE
ორმეოცთაჲ	ორმეოცთაი	1	1	1.9	mrav-sinai-fathers-amonios	RARE
ცოდვილისაგან	ცოდვილისაგან	1	1	1.9	mrav-sinai-fathers-amonios	RARE
შეგიდეგ	შეგიდეგ	1	1	1.9	mrav-sinai-fathers-amonios	RARE
შეგიყუარე	შეგიყუარე	1	1	1.9	mrav-sinai-fathers-amonios	RARE
ჩემითგან	ჩემითგან	1	1	1.9	mrav-sinai-fathers-amonios	RARE
შეისმინა	შეისმინა	1	1	1.9	mrav-sinai-fathers-amonios	RARE
შეივედრა	შეივედრა	1	1	1.9	mrav-sinai-fathers-amonios	RARE
მეოთხესა	მეოთხესა	1	1	1.9	mrav-sinai-fathers-amonios	RARE
რიცხჳსაებრ	რიცხვსაებრ	1	1	1.9	mrav-sinai-fathers-amonios	RARE
ორმეოცთაჲსა	ორმეოცთაისა	1	1	1.9	mrav-sinai-fathers-amonios	RARE
ქრისტიშობისა	ქრისტიშობისა	1	1	1.9	mrav-sinai-fathers-amonios	RARE
დღითა	დღითა	1	1	1.9	mrav-sinai-fathers-amonios	RARE
სწუხარებაჲ	სწუხარებაი	1	1	1.9	mrav-sinai-fathers-amonios	RARE
შვილთაგანი	შვილთაგანი	1	1	1.9	mrav-sinai-fathers-amonios	RARE
ვინცა	ვინცა	1	1	1.9	mrav-sinai-fathers-amonios	RARE
რაითსა	რაითსა	1	1	1.9	mrav-sinai-fathers-amonios	RARE
ორის	ორის	1	1	1.9	mrav-sinai-fathers-amonios	RARE
მეწამულისასა	მეწამულისასა	1	1	1.9	mrav-sinai-fathers-amonios	RARE
ვჰკითხეთ	ვჰკითხეთ	1	1	1.9	mrav-sinai-fathers-amonios	RARE
მოიკლნეს	მოიკლნეს	1	1	1.9	mrav-sinai-fathers-amonios	RARE
მოგჳჴდა	მოგვხდა	1	1	1.9	mrav-sinai-fathers-amonios	RARE
რაითისა	რაითისა	1	1	1.9	mrav-sinai-fathers-amonios	RARE
რაითი	რაითი	1	1	1.9	mrav-sinai-fathers-amonios	RARE
მოოჴრდა	მოოხრდა	1	1	1.9	mrav-sinai-fathers-amonios	RARE
თევდოლის	თევდოლის	1	1	1.9	mrav-sinai-fathers-amonios	RARE
სინისასა	სინისასა	1	1	1.9	mrav-sinai-fathers-amonios	RARE
ვევედრენით	ვევედრენით	1	1	1.9	mrav-sinai-fathers-amonios	RARE
რაითით	რაითით	1	1	1.9	mrav-sinai-fathers-amonios	RARE
მოისრა	მოისრა	1	1	1.9	mrav-sinai-fathers-amonios	RARE
ჩუენდამო	ჩუენდამო	1	1	1.9	mrav-sinai-fathers-amonios	RARE
დავემკჳდრე	დავემკვდრე	1	1	1.9	mrav-sinai-fathers-amonios	RARE
ჟამითგან	ჟამითგან	1	1	1.9	mrav-sinai-fathers-amonios	RARE
გრძელი	გრძელი	1	1	1.9	mrav-sinai-fathers-amonios	RARE
მოსდგამს	მოსდგამს	1	1	1.9	mrav-sinai-fathers-amonios	RARE
ჰგონიედ	ჰგონიედ	1	1	1.9	mrav-sinai-fathers-amonios	RARE
მიუვალი	მიუვალი	1	1	1.9	mrav-sinai-fathers-amonios	RARE
მეწამულისაგან	მეწამულისაგან	1	1	1.9	mrav-sinai-fathers-amonios	RARE
ზღუადვე	ზღუადვე	1	1	1.9	mrav-sinai-fathers-amonios	RARE
შთავალს	შთავალს	1	1	1.9	mrav-sinai-fathers-amonios	RARE
იმარხვიდეს	იმარხვიდეს	1	1	1.9	mrav-sinai-fathers-amonios	RARE
ფარანელი	ფარანელი	1	1	1.9	mrav-sinai-fathers-amonios	RARE
ეყვნეს	ეყვნეს	1	1	1.9	mrav-sinai-fathers-amonios	RARE
განუკჳრდებინ	განუკვრდებინ	1	1	1.9	mrav-sinai-fathers-amonios	RARE
მათგანნი	მათგანნი	1	1	1.9	mrav-sinai-fathers-amonios	RARE
სასუმლად	სასუმლად	1	1	1.9	mrav-sinai-fathers-amonios	RARE
ზებენისაჲ	ზებენისაი	1	1	1.9	mrav-sinai-fathers-amonios	RARE
ცისკრისა	ცისკრისა	1	1	1.9	mrav-sinai-fathers-amonios	RARE
გალობისა	გალობისა	1	1	1.9	mrav-sinai-fathers-amonios	RARE
ზრახავნ	ზრახავნ	1	1	1.9	mrav-sinai-fathers-amonios	RARE
განაღის	განაღის	1	1	1.9	mrav-sinai-fathers-amonios	RARE
ქუაბისაჲ	ქუაბისაი	1	1	1.9	mrav-sinai-fathers-amonios	RARE
ხუთშაბათადმდე	ხუთშაბათადმდე	1	1	1.9	mrav-sinai-fathers-amonios	RARE
შეიტანის	შეიტანის	1	1	1.9	mrav-sinai-fathers-amonios	RARE
გემოჲცა	გემოიცა	1	1	1.9	mrav-sinai-fathers-amonios	RARE
განღებადმდე	განღებადმდე	1	1	1.9	mrav-sinai-fathers-amonios	RARE
ობდიანოზ	ობდიანოზ	1	1	1.9	mrav-sinai-fathers-amonios	RARE
ულოცა	ულოცა	1	1	1.9	mrav-sinai-fathers-amonios	RARE
შეაშთობდა	შეაშთობდა	1	1	1.9	mrav-sinai-fathers-amonios	RARE
მედგრისა	მედგრისა	1	1	1.9	mrav-sinai-fathers-amonios	RARE
ჟამსაცა	ჟამსაცა	1	1	1.9	mrav-sinai-fathers-amonios	RARE
მოცთუნებად	მოცთუნებად	1	1	1.9	mrav-sinai-fathers-amonios	RARE
ობედიანოზ	ობედიანოზ	1	1	1.9	mrav-sinai-fathers-amonios	RARE
იტყჳედ	იტყვედ	1	1	1.9	mrav-sinai-fathers-amonios	RARE
ბერისასა	ბერისასა	1	1	1.9	mrav-sinai-fathers-amonios	RARE
ევსებიოს	ევსებიოს	1	1	1.9	mrav-sinai-fathers-amonios	RARE
მერისელი	მერისელი	1	1	1.9	mrav-sinai-fathers-amonios	RARE
ჰაჲლელი	ჰაილელი	1	1	1.9	mrav-sinai-fathers-amonios	RARE
ბრძენ	ბრძენ	1	1	1.9	mrav-sinai-fathers-amonios	RARE
მოუჴდა	მოუხდა	1	1	1.9	mrav-sinai-fathers-amonios	RARE
დაჰრეკა	დაჰრეკა	1	1	1.9	mrav-sinai-fathers-amonios	RARE
შეხედა	შეხედა	1	1	1.9	mrav-sinai-fathers-amonios	RARE
განპებულისაგან	განპებულისაგან	1	1	1.9	mrav-sinai-fathers-amonios	RARE
თავითგან	თავითგან	1	1	1.9	mrav-sinai-fathers-amonios	RARE
ფერჴადმდე	ფერხადმდე	1	1	1.9	mrav-sinai-fathers-amonios	RARE
პირველისაებრვე	პირველისაებრვე	1	1	1.9	mrav-sinai-fathers-amonios	RARE
საბისა	საბისა	1	1	1.9	mrav-sinai-fathers-amonios	RARE
განუღო	განუღო	1	1	1.9	mrav-sinai-fathers-amonios	RARE
ჰაილელმან	ჰაილელმან	1	1	1.9	mrav-sinai-fathers-amonios	RARE
ხუთ	ხუთ	1	1	1.9	mrav-sinai-fathers-amonios	RARE
შეგაწყინო	შეგაწყინო	1	1	1.9	mrav-sinai-fathers-amonios	RARE
ვჰრეკე	ვჰრეკე	1	1	1.9	mrav-sinai-fathers-amonios	RARE
აწღა	აწღა	1	1	1.9	mrav-sinai-fathers-amonios	RARE
მოვა	მოვა	1	1	1.9	mrav-sinai-fathers-amonios	RARE
განშორებისათჳს	განშორებისათვს	1	1	1.9	mrav-sinai-fathers-amonios	RARE
შეიტყბნეს	შეიტყბნეს	1	1	1.9	mrav-sinai-fathers-amonios	RARE
საფრჴენი	საფრხენი	1	1	1.9	mrav-sinai-fathers-amonios	RARE
განეშორე	განეშორე	1	1	1.9	mrav-sinai-fathers-amonios	RARE
ობლად	ობლად	1	1	1.9	mrav-sinai-fathers-amonios	RARE
მხედვიდა	მხედვიდა	1	1	1.9	mrav-sinai-fathers-amonios	RARE
არავიდრე	არავიდრე	1	1	1.9	mrav-sinai-fathers-amonios	RARE
მისრულ	მისრულ	1	1	1.9	mrav-sinai-fathers-amonios	RARE
ზიარებისაგან	ზიარებისაგან	1	1	1.9	mrav-sinai-fathers-amonios	RARE
ეკლესიას	ეკლესიას	1	1	1.9	mrav-sinai-fathers-amonios	RARE
მამათაგანი	მამათაგანი	1	1	1.9	mrav-sinai-fathers-amonios	RARE
მივიცვალები	მივიცვალები	1	1	1.9	mrav-sinai-fathers-amonios	RARE
ვინებე	ვინებე	1	1	1.9	mrav-sinai-fathers-amonios	RARE
დაჰმარხენ	დაჰმარხენ	1	1	1.9	mrav-sinai-fathers-amonios	RARE
მისცნე	მისცნე	1	1	1.9	mrav-sinai-fathers-amonios	RARE
მისნივე	მისნივე	1	1	1.9	mrav-sinai-fathers-amonios	RARE
მოლოდებისათჳს	მოლოდებისათვს	1	1	1.9	mrav-sinai-fathers-amonios	RARE
განირთხა	განირთხა	1	1	1.9	mrav-sinai-fathers-amonios	RARE
დაიწყვნა	დაიწყვნა	1	1	1.9	mrav-sinai-fathers-amonios	RARE
ბაჲაჲსაჲ	ბაიაისაი	1	1	1.9	mrav-sinai-fathers-amonios	RARE
იკურთხნეს	იკურთხნეს	1	1	1.9	mrav-sinai-fathers-amonios	RARE
მინდა	მინდა	1	1	1.9	mrav-sinai-fathers-amonios	RARE
წარმოგითხრა	წარმოგითხრა	1	1	1.9	mrav-sinai-fathers-amonios	RARE
მოიგებღეს	მოიგებღეს	1	1	1.9	mrav-sinai-fathers-amonios	RARE
საქმეთაგანსა	საქმეთაგანსა	1	1	1.9	mrav-sinai-fathers-amonios	RARE
მოართუმიდეს	მოართუმიდეს	1	1	1.9	mrav-sinai-fathers-amonios	RARE
ეგჳპტით	ეგვპტით	1	1	1.9	mrav-sinai-fathers-amonios	RARE
წარიღებდეს	წარიღებდეს	1	1	1.9	mrav-sinai-fathers-amonios	RARE
იყოფვინ	იყოფვინ	1	1	1.9	mrav-sinai-fathers-amonios	RARE
იქმნ	იქმნ	1	1	1.9	mrav-sinai-fathers-amonios	RARE
მისსან	მისსან	1	1	1.9	mrav-sinai-fathers-amonios	RARE
უწყნის	უწყნის	1	1	1.9	mrav-sinai-fathers-amonios	RARE
ვიყოფოდეთ	ვიყოფოდეთ	1	1	1.9	mrav-sinai-fathers-amonios	RARE
აბაშთა	აბაშთა	1	1	1.9	mrav-sinai-fathers-amonios	RARE
ჰაბაშთაჲ	ჰაბაშთაი	1	1	1.9	mrav-sinai-fathers-amonios	RARE
ნავებისაგან	ნავებისაგან	1	1	1.9	mrav-sinai-fathers-amonios	RARE
ჰაჲლელთაჲსაჲ	ჰაილელთაისაი	1	1	1.9	mrav-sinai-fathers-amonios	RARE
გურქუეს	გურქუეს	1	1	1.9	mrav-sinai-fathers-amonios	RARE
მიგჳყვანენით	მიგვყვანენით	1	1	1.9	mrav-sinai-fathers-amonios	RARE
უქადეთ	უქადეთ	1	1	1.9	mrav-sinai-fathers-amonios	RARE
ვჰგონებდით	ვჰგონებდით	1	1	1.9	mrav-sinai-fathers-amonios	RARE
ქორისასა	ქორისასა	1	1	1.9	mrav-sinai-fathers-amonios	RARE
წარვიდოდეთ	წარვიდოდეთ	1	1	1.9	mrav-sinai-fathers-amonios	RARE
ვივლტოდეთ	ვივლტოდეთ	1	1	1.9	mrav-sinai-fathers-amonios	RARE
გეტყჳთ	გეტყვთ	1	1	1.9	mrav-sinai-fathers-amonios	RARE
მოგსრნენ	მოგსრნენ	1	1	1.9	mrav-sinai-fathers-amonios	RARE
სამას	სამას	1	1	1.9	mrav-sinai-fathers-amonios	RARE
დავადგინეთ	დავადგინეთ	1	1	1.9	mrav-sinai-fathers-amonios	RARE
გჳთხრას	გვთხრას	1	1	1.9	mrav-sinai-fathers-amonios	RARE
ვილოცევდით	ვილოცევდით	1	1	1.9	mrav-sinai-fathers-amonios	RARE
გამოგჳრჩიოს	გამოგვრჩიოს	1	1	1.9	mrav-sinai-fathers-amonios	RARE
დავჰჴშენით	დავჰხშენით	1	1	1.9	mrav-sinai-fathers-amonios	RARE
წინაუძღოდეს	წინაუძღოდეს	1	1	1.9	mrav-sinai-fathers-amonios	RARE
დაყვეს	დაყვეს	1	1	1.9	mrav-sinai-fathers-amonios	RARE
განთენა	განთენა	1	1	1.9	mrav-sinai-fathers-amonios	RARE
შეკრნეს	შეკრნეს	1	1	1.9	mrav-sinai-fathers-amonios	RARE
ავლინებდა	ავლინებდა	1	1	1.9	mrav-sinai-fathers-amonios	RARE
მოიმართეს	მოიმართეს	1	1	1.9	mrav-sinai-fathers-amonios	RARE
წყაროებად	წყაროებად	1	1	1.9	mrav-sinai-fathers-amonios	RARE
ემთხჳნეს	ემთხვნეს	1	1	1.9	mrav-sinai-fathers-amonios	RARE
კლვიდა	კლვიდა	1	1	1.9	mrav-sinai-fathers-amonios	RARE
კაცებსა	კაცებსა	1	1	1.9	mrav-sinai-fathers-amonios	RARE
მოწყჳდეს	მოწყვდეს	1	1	1.9	mrav-sinai-fathers-amonios	RARE
მისთგანი	მისთგანი	1	1	1.9	mrav-sinai-fathers-amonios	RARE
წარტყუენეს	წარტყუენეს	1	1	1.9	mrav-sinai-fathers-amonios	RARE
ყრმები	ყრმები	1	1	1.9	mrav-sinai-fathers-amonios	RARE
დედები	დედები	1	1	1.9	mrav-sinai-fathers-amonios	RARE
მაღლიცნა	მაღლიცნა	1	1	1.9	mrav-sinai-fathers-amonios	RARE
მოიცვეს	მოიცვეს	1	1	1.9	mrav-sinai-fathers-amonios	RARE
ქადებად	ქადებად	1	1	1.9	mrav-sinai-fathers-amonios	RARE
დამეცა	დამეცა	1	1	1.9	mrav-sinai-fathers-amonios	RARE
მივივლტოდეთ	მივივლტოდეთ	1	1	1.9	mrav-sinai-fathers-amonios	RARE
ჩუენგანნი	ჩუენგანნი	1	1	1.9	mrav-sinai-fathers-amonios	RARE
შემუსრვილ	შემუსრვილ	1	1	1.9	mrav-sinai-fathers-amonios	RARE
შეურაცხისაგან	შეურაცხისაგან	1	1	1.9	mrav-sinai-fathers-amonios	RARE
მოგუეცალა	მოგუეცალა	1	1	1.9	mrav-sinai-fathers-amonios	RARE
აღვიღეთ	აღვიღეთ	1	1	1.9	mrav-sinai-fathers-amonios	RARE
შევიძინოთ	შევიძინოთ	1	1	1.9	mrav-sinai-fathers-amonios	RARE
ვივლტოდით	ვივლტოდით	1	1	1.9	mrav-sinai-fathers-amonios	RARE
ვხადოთ	ვხადოთ	1	1	1.9	mrav-sinai-fathers-amonios	RARE
საკურთხევლად	საკურთხევლად	1	1	1.9	mrav-sinai-fathers-amonios	RARE
მეუფეო	მეუფეო	1	1	1.9	mrav-sinai-fathers-amonios	RARE
დაივიწყებ	დაივიწყებ	1	1	1.9	mrav-sinai-fathers-amonios	RARE
ჭირისასა	ჭირისასა	1	1	1.9	mrav-sinai-fathers-amonios	RARE
შეწირულნო	შეწირულნო	1	1	1.9	mrav-sinai-fathers-amonios	RARE
განგისუენო	განგისუენო	1	1	1.9	mrav-sinai-fathers-amonios	RARE
შრომათაგან	შრომათაგან	1	1	1.9	mrav-sinai-fathers-amonios	RARE
შეგუეშინა	შეგუეშინა	1	1	1.9	mrav-sinai-fathers-amonios	RARE
შეგჳპყრნა	შეგვპყრნა	1	1	1.9	mrav-sinai-fathers-amonios	RARE
აღვიმაღლეთ	აღვიმაღლეთ	1	1	1.9	mrav-sinai-fathers-amonios	RARE
წარვიწირენით	წარვიწირენით	1	1	1.9	mrav-sinai-fathers-amonios	RARE
შემოაყრდნეს	შემოაყრდნეს	1	1	1.9	mrav-sinai-fathers-amonios	RARE
აღმოჴდეს	აღმოხდეს	1	1	1.9	mrav-sinai-fathers-amonios	RARE
განუღეს	განუღეს	1	1	1.9	mrav-sinai-fathers-amonios	RARE
ჩუენგანი	ჩუენგანი	1	1	1.9	mrav-sinai-fathers-amonios	RARE
აღმოეჴადა	აღმოეხადა	1	1	1.9	mrav-sinai-fathers-amonios	RARE
მახჳლები	მახვლები	1	1	1.9	mrav-sinai-fathers-amonios	RARE
მოხუდა	მოხუდა	1	1	1.9	mrav-sinai-fathers-amonios	RARE
უთარგმნებდა	უთარგმნებდა	1	1	1.9	mrav-sinai-fathers-amonios	RARE
ურჩულონო	ურჩულონო	1	1	1.9	mrav-sinai-fathers-amonios	RARE
პირები	პირები	1	1	1.9	mrav-sinai-fathers-amonios	RARE
რჴმლები	რხმლები	1	1	1.9	mrav-sinai-fathers-amonios	RARE
ჴდილები	ხდილები	1	1	1.9	mrav-sinai-fathers-amonios	RARE
უგებდა	უგებდა	1	1	1.9	mrav-sinai-fathers-amonios	RARE
უდგა	უდგა	1	1	1.9	mrav-sinai-fathers-amonios	RARE
მაღლობოთა	მაღლობოთა	1	1	1.9	mrav-sinai-fathers-amonios	RARE
განდგა	განდგა	1	1	1.9	mrav-sinai-fathers-amonios	RARE
არად	არად	1	1	1.9	mrav-sinai-fathers-amonios	RARE
მდაბლითა	მდაბლითა	1	1	1.9	mrav-sinai-fathers-amonios	RARE
ძაძისაჲ	ძაძისაი	1	1	1.9	mrav-sinai-fathers-amonios	RARE
ტანჯეს	ტანჯეს	1	1	1.9	mrav-sinai-fathers-amonios	RARE
განაპო	განაპო	1	1	1.9	mrav-sinai-fathers-amonios	RARE
დაჭრნეს	დაჭრნეს	1	1	1.9	mrav-sinai-fathers-amonios	RARE
სადამცა	სადამცა	1	1	1.9	mrav-sinai-fathers-amonios	RARE
განვერი	განვერი	1	1	1.9	mrav-sinai-fathers-amonios	RARE
ყურესა	ყურესა	1	1	1.9	mrav-sinai-fathers-amonios	RARE
სენაკისასა	სენაკისასა	1	1	1.9	mrav-sinai-fathers-amonios	RARE
მოწყუედისაგან	მოწყუედისაგან	1	1	1.9	mrav-sinai-fathers-amonios	RARE
წარჰკუეთეს	წარჰკუეთეს	1	1	1.9	mrav-sinai-fathers-amonios	RARE
განკუეთეს	განკუეთეს	1	1	1.9	mrav-sinai-fathers-amonios	RARE
გამოუსხნიან	გამოუსხნიან	1	1	1.9	mrav-sinai-fathers-amonios	RARE
ეხეთქნა	ეხეთქნა	1	1	1.9	mrav-sinai-fathers-amonios	RARE
განეპო	განეპო	1	1	1.9	mrav-sinai-fathers-amonios	RARE
მკრდადმდე	მკრდადმდე	1	1	1.9	mrav-sinai-fathers-amonios	RARE
ჰქონდა	ჰქონდა	1	1	1.9	mrav-sinai-fathers-amonios	RARE
ეკურთხა	ეკურთხა	1	1	1.9	mrav-sinai-fathers-amonios	RARE
განეზარდა	განეზარდა	1	1	1.9	mrav-sinai-fathers-amonios	RARE
მისდა	მისდა	1	1	1.9	mrav-sinai-fathers-amonios	RARE
შეუყუარდა	შეუყუარდა	1	1	1.9	mrav-sinai-fathers-amonios	RARE
მოჰკლვენ	მოჰკლვენ	1	1	1.9	mrav-sinai-fathers-amonios	RARE
მოყუასთავე	მოყუასთავე	1	1	1.9	mrav-sinai-fathers-amonios	RARE
შეზრუნდა	შეზრუნდა	1	1	1.9	mrav-sinai-fathers-amonios	RARE
ეყოფვის	ეყოფვის	1	1	1.9	mrav-sinai-fathers-amonios	RARE
ჰაბაშისასა	ჰაბაშისასა	1	1	1.9	mrav-sinai-fathers-amonios	RARE
განაწყოს	განაწყოს	1	1	1.9	mrav-sinai-fathers-amonios	RARE
დაჭრეს	დაჭრეს	1	1	1.9	mrav-sinai-fathers-amonios	RARE
მიმცა	მიმცა	1	1	1.9	mrav-sinai-fathers-amonios	RARE
ცოდვილთასა	ცოდვილთასა	1	1	1.9	mrav-sinai-fathers-amonios	RARE
სერჯი	სერჯი	1	1	1.9	mrav-sinai-fathers-amonios	RARE
დაუბრმეს	დაუბრმეს	1	1	1.9	mrav-sinai-fathers-amonios	RARE
შემთხუევისა	შემთხუევისა	1	1	1.9	mrav-sinai-fathers-amonios	RARE
შეუდგეს	შეუდგეს	1	1	1.9	mrav-sinai-fathers-amonios	RARE
მახჳლისაჲთა	მახვლისაითა	1	1	1.9	mrav-sinai-fathers-amonios	RARE
მოკლვისა	მოკლვისა	1	1	1.9	mrav-sinai-fathers-amonios	RARE
ჭკუერვად	ჭკუერვად	1	1	1.9	mrav-sinai-fathers-amonios	RARE
სენაებსა	სენაებსა	1	1	1.9	mrav-sinai-fathers-amonios	RARE
ჭკუერვიდეს	ჭკუერვიდეს	1	1	1.9	mrav-sinai-fathers-amonios	RARE
გამონახვად	გამონახვად	1	1	1.9	mrav-sinai-fathers-amonios	RARE
ვილოცევდ	ვილოცევდ	1	1	1.9	mrav-sinai-fathers-amonios	RARE
განმარინოს	განმარინოს	1	1	1.9	mrav-sinai-fathers-amonios	RARE
დამიცვა	დამიცვა	1	1	1.9	mrav-sinai-fathers-amonios	RARE
დაუბრმნა	დაუბრმნა	1	1	1.9	mrav-sinai-fathers-amonios	RARE
ჩემდამო	ჩემდამო	1	1	1.9	mrav-sinai-fathers-amonios	RARE
წყაროებადვე	წყაროებადვე	1	1	1.9	mrav-sinai-fathers-amonios	RARE
განტეხილ	განტეხილ	1	1	1.9	mrav-sinai-fathers-amonios	RARE
შეჰკუეთნა	შეჰკუეთნა	1	1	1.9	mrav-sinai-fathers-amonios	RARE
ნავისათანი	ნავისათანი	1	1	1.9	mrav-sinai-fathers-amonios	RARE
ცურვით	ცურვით	1	1	1.9	mrav-sinai-fathers-amonios	RARE
განლიგნეს	განლიგნეს	1	1	1.9	mrav-sinai-fathers-amonios	RARE
მიიქცენ	მიიქცენ	1	1	1.9	mrav-sinai-fathers-amonios	RARE
მძჳნვარებისა	მძვნვარებისა	1	1	1.9	mrav-sinai-fathers-amonios	RARE
წყრომისა	წყრომისა	1	1	1.9	mrav-sinai-fathers-amonios	RARE
წარეტყუენა	წარეტყუენა	1	1	1.9	mrav-sinai-fathers-amonios	RARE
ფარანელთაგანი	ფარანელთაგანი	1	1	1.9	mrav-sinai-fathers-amonios	RARE
მოწუეს	მოწუეს	1	1	1.9	mrav-sinai-fathers-amonios	RARE
ფინიკისაჲ	ფინიკისაი	1	1	1.9	mrav-sinai-fathers-amonios	RARE
ძეთაგან	ძეთაგან	1	1	1.9	mrav-sinai-fathers-amonios	RARE
ისმაელისთაჲ	ისმაელისთაი	1	1	1.9	mrav-sinai-fathers-amonios	RARE
სმენილ	სმენილ	1	1	1.9	mrav-sinai-fathers-amonios	RARE
განიმზადნეს	განიმზადნეს	1	1	1.9	mrav-sinai-fathers-amonios	RARE
ზღჳთ	ზღვთ	1	1	1.9	mrav-sinai-fathers-amonios	RARE
მიიყარნეს	მიიყარნეს	1	1	1.9	mrav-sinai-fathers-amonios	RARE
ვაკესა	ვაკესა	1	1	1.9	mrav-sinai-fathers-amonios	RARE
იბრძოდეს	იბრძოდეს	1	1	1.9	mrav-sinai-fathers-amonios	RARE
ჰაბაშთასა	ჰაბაშთასა	1	1	1.9	mrav-sinai-fathers-amonios	RARE
აჯობეს	აჯობეს	1	1	1.9	mrav-sinai-fathers-amonios	RARE
მიქცევისაჲ	მიქცევისაი	1	1	1.9	mrav-sinai-fathers-amonios	RARE
ცხოვრებისაჲცა	ცხოვრებისაიცა	1	1	1.9	mrav-sinai-fathers-amonios	RARE
აღმოსლვითგან	აღმოსლვითგან	1	1	1.9	mrav-sinai-fathers-amonios	RARE
მეცხრედ	მეცხრედ	1	1	1.9	mrav-sinai-fathers-amonios	RARE
ჟამადმდე	ჟამადმდე	1	1	1.9	mrav-sinai-fathers-amonios	RARE
ფარანელთაგანნი	ფარანელთაგანნი	1	1	1.9	mrav-sinai-fathers-amonios	RARE
მოიწყლნეს	მოიწყლნეს	1	1	1.9	mrav-sinai-fathers-amonios	RARE
ფურცლისაგან	ფურცლისაგან	1	1	1.9	mrav-sinai-fathers-amonios	RARE
გარდახილვად	გარდახილვად	1	1	1.9	mrav-sinai-fathers-amonios	RARE
გუამებისა	გუამებისა	1	1	1.9	mrav-sinai-fathers-amonios	RARE
ვპოვენ	ვპოვენ	1	1	1.9	mrav-sinai-fathers-amonios	RARE
აღსრულებულ	აღსრულებულ	1	1	1.9	mrav-sinai-fathers-amonios	RARE
არიონოსსა	არიონოსსა	1	1	1.9	mrav-sinai-fathers-amonios	RARE
წყლულებითა	წყლულებითა	1	1	1.9	mrav-sinai-fathers-amonios	RARE
მრავალგან	მრავალგან	1	1	1.9	mrav-sinai-fathers-amonios	RARE
ცბონდა	ცბონდა	1	1	1.9	mrav-sinai-fathers-amonios	RARE
განეკუეთა	განეკუეთა	1	1	1.9	mrav-sinai-fathers-amonios	RARE
გარდავიხილენით	გარდავიხილენით	1	1	1.9	mrav-sinai-fathers-amonios	RARE
გუამები	გუამები	1	1	1.9	mrav-sinai-fathers-amonios	RARE
მტერთაჲსა	მტერთაისა	1	1	1.9	mrav-sinai-fathers-amonios	RARE
დაყარნეს	დაყარნეს	1	1	1.9	mrav-sinai-fathers-amonios	RARE
დაფლვად	დაფლვად	1	1	1.9	mrav-sinai-fathers-amonios	RARE
დაჰმარხნეს	დაჰმარხნეს	1	1	1.9	mrav-sinai-fathers-amonios	RARE
ქუაბებსა	ქუაბებსა	1	1	1.9	mrav-sinai-fathers-amonios	RARE
წყაროებსა	წყაროებსა	1	1	1.9	mrav-sinai-fathers-amonios	RARE
წარმოემართნეს	წარმოემართნეს	1	1	1.9	mrav-sinai-fathers-amonios	RARE
შეწუხნეს	შეწუხნეს	1	1	1.9	mrav-sinai-fathers-amonios	RARE
განერყუნნეს	განერყუნნეს	1	1	1.9	mrav-sinai-fathers-amonios	RARE
წარეძღუანა	წარეძღუანა	1	1	1.9	mrav-sinai-fathers-amonios	RARE
საუკუნისათჳს	საუკუნისათვს	1	1	1.9	mrav-sinai-fathers-amonios	RARE
შევკრიბენით	შევკრიბენით	1	1	1.9	mrav-sinai-fathers-amonios	RARE
ფარანისანი	ფარანისანი	1	1	1.9	mrav-sinai-fathers-amonios	RARE
წარჰგრაგნნეს	წარჰგრაგნნეს	1	1	1.9	mrav-sinai-fathers-amonios	RARE
აცხრამეტ	აცხრამეტ	1	1	1.9	mrav-sinai-fathers-amonios	RARE
ბაიაჲსაჲ	ბაიაისაი	1	1	1.9	mrav-sinai-fathers-amonios	RARE
აღვიხუენით	აღვიხუენით	1	1	1.9	mrav-sinai-fathers-amonios	RARE
ვჰმადლობდით	ვჰმადლობდით	1	1	1.9	mrav-sinai-fathers-amonios	RARE
დავჰმარხენით	დავჰმარხენით	1	1	1.9	mrav-sinai-fathers-amonios	RARE
კარისასა	კარისასა	1	1	1.9	mrav-sinai-fathers-amonios	RARE
დომნოსცა	დომნოსცა	1	1	1.9	mrav-sinai-fathers-amonios	RARE
დავჰარხეთ	დავჰარხეთ	1	1	1.9	mrav-sinai-fathers-amonios	RARE
ვინებეთ	ვინებეთ	1	1	1.9	mrav-sinai-fathers-amonios	RARE
განღებად	განღებად	1	1	1.9	mrav-sinai-fathers-amonios	RARE
გამსა	გამსა	1	1	1.9	mrav-sinai-fathers-amonios	RARE
წარმოვედ	წარმოვედ	1	1	1.9	mrav-sinai-fathers-amonios	RARE
ადგილისასა	ადგილისასა	1	1	1.9	mrav-sinai-fathers-amonios	RARE
გუევედრებოდა	გუევედრებოდა	1	1	1.9	mrav-sinai-fathers-amonios	RARE
დავადგერით	დავადგერით	1	1	1.9	mrav-sinai-fathers-amonios	RARE
აღგჳთქუმიდა	აღგვთქუმიდა	1	1	1.9	mrav-sinai-fathers-amonios	RARE
ვისმინეთ	ვისმინეთ	1	1	1.9	mrav-sinai-fathers-amonios	RARE
მითხრათ	მითხრათ	1	1	1.9	mrav-sinai-fathers-amonios	RARE
დამიფაროთ	დამიფაროთ	1	1	1.9	mrav-sinai-fathers-amonios	RARE
წარმოუთხართ	წარმოუთხართ	1	1	1.9	mrav-sinai-fathers-amonios	RARE
დაგჳკჳრდა	დაგვკვრდა	1	1	1.9	mrav-sinai-fathers-amonios	RARE
განგეგაჲ	განგეგაი	1	1	1.9	mrav-sinai-fathers-amonios	RARE
სადიდებელ	სადიდებელ	1	1	1.9	mrav-sinai-fathers-amonios	RARE
თევდოლოს	თევდოლოს	1	1	1.9	mrav-sinai-fathers-amonios	RARE
ვზრუნვიდეთ	ვზრუნვიდეთ	1	1	1.9	mrav-sinai-fathers-amonios	RARE
ვჰმონებდეთ	ვჰმონებდეთ	1	1	1.9	mrav-sinai-fathers-amonios	RARE
მონებითა	მონებითა	1	1	1.9	mrav-sinai-fathers-amonios	RARE
ითხოვონ	ითხოვონ	1	1	1.9	mrav-sinai-fathers-amonios	RARE
განაფრთხვნა	განაფრთხვნა	1	1	1.9	mrav-sinai-fathers-amonios	RARE
ცოდვილმან	ცოდვილმან	1	1	1.9	mrav-sinai-fathers-amonios	RARE
ამონიოს	ამონიოს	1	1	1.9	mrav-sinai-fathers-amonios	RARE
დავიწერე	დავიწერე	1	1	1.9	mrav-sinai-fathers-amonios	RARE
უკუნვიქეც	უკუნვიქეც	1	1	1.9	mrav-sinai-fathers-amonios	RARE
ეგჳპტედვე	ეგვპტედვე	1	1	1.9	mrav-sinai-fathers-amonios	RARE
ვიკითხვიდე	ვიკითხვიდე	1	1	1.9	mrav-sinai-fathers-amonios	RARE
მიკჳრდეს	მიკვრდეს	1	1	1.9	mrav-sinai-fathers-amonios	RARE
ვჰმადლობდე	ვჰმადლობდე	1	1	1.9	mrav-sinai-fathers-amonios	RARE
შეიწყნარნა	შეიწყნარნა	1	1	1.9	mrav-sinai-fathers-amonios	RARE
მიმარტთა	მიმარტთა	1	1	1.9	inventio-stephani-lucian	RARE
გიკითხავ	გიკითხავ	1	1	1.9	inventio-stephani-lucian	RARE
აღამაღლოს	აღამაღლოს	1	1	1.9	inventio-stephani-lucian	RARE
არქედიაკონისაჲ	არქედიაკონისაი	1	1	1.9	inventio-stephani-lucian	RARE
მეუფჰ	მეუფჰ	1	1	1.9	inventio-stephani-lucian	RARE
ნიკოდემოსისიცა	ნიკოდემოსისიცა	1	1	1.9	inventio-stephani-lucian	RARE
გამალიელისი	გამალიელისი	1	1	1.9	inventio-stephani-lucian	RARE
მზრახველობითა	მზრახველობითა	1	1	1.9	inventio-stephani-lucian	RARE
იჴსენების	იხსენების	1	1	1.9	inventio-stephani-lucian	RARE
გარესე	გარესე	1	1	1.9	inventio-stephani-lucian	RARE
გამოცხადებისაჲთა	გამოცხადებისაითა	1	1	1.9	inventio-stephani-lucian	RARE
გამოცხადებისაჲ	გამოცხადებისაი	1	1	1.9	inventio-stephani-lucian	RARE
სანათლოჲსასა	სანათლოისასა	1	1	1.9	inventio-stephani-lucian	RARE
შთადვიან	შთადვიან	1	1	1.9	inventio-stephani-lucian	RARE
განთენებოდა	განთენებოდა	1	1	1.9	inventio-stephani-lucian	RARE
პარასკევად	პარასკევად	1	1	1.9	inventio-stephani-lucian	RARE
აპნისა	აპნისა	1	1	1.9	inventio-stephani-lucian	RARE
ინდიკტიონისასა	ინდიკტიონისასა	1	1	1.9	inventio-stephani-lucian	RARE
თევდოსისსა	თევდოსისსა	1	1	1.9	inventio-stephani-lucian	RARE
თჳთმპყრობელთასა	თვთმპყრობელთასა	1	1	1.9	inventio-stephani-lucian	RARE
შარავანდედთასა	შარავანდედთასა	1	1	1.9	inventio-stephani-lucian	RARE
ესამესა	მესამესა	1	1	1.9	inventio-stephani-lucian	RARE
მღჳძარეღა	მღვძარეღა	1	1	1.9	inventio-stephani-lucian	RARE
რამე	რამე	1	1	1.9	inventio-stephani-lucian	RARE
მიკჳრდებოდა	მიკვრდებოდა	1	1	1.9	inventio-stephani-lucian	RARE
შევსულბი	შევსულბი	1	1	1.9	inventio-stephani-lucian	RARE
მოებლარდნა	მოებლარდნა	1	1	1.9	inventio-stephani-lucian	RARE
ოთხთავე	ოთხთავე	1	1	1.9	inventio-stephani-lucian	RARE
საბლარდნელისათა	საბლარდნელისათა	1	1	1.9	inventio-stephani-lucian	RARE
საუფლოჲსაჲ	საუფლოისაი	1	1	1.9	inventio-stephani-lucian	RARE
მარჯუენესა	მარჯუენესა	1	1	1.9	inventio-stephani-lucian	RARE
შემიგუმირა	შემიგუმირა	1	1	1.9	inventio-stephani-lucian	RARE
მიწოდა	მიწოდა	1	1	1.9	inventio-stephani-lucian	RARE
აღგუაღ	აღგუაღ	1	1	1.9	inventio-stephani-lucian	RARE
მიმოდასდებ	მიმოდასდებ	1	1	1.9	inventio-stephani-lucian	RARE
აღგუაღე	აღგუაღე	1	1	1.9	inventio-stephani-lucian	RARE
მიახს	მიახს	1	1	1.9	inventio-stephani-lucian	RARE
უფროსღა	უფროსღა	1	1	1.9	inventio-stephani-lucian	RARE
წჳმითა	წვმითა	1	1	1.9	inventio-stephani-lucian	RARE
დაილტვნიან	დაილტვნიან	1	1	1.9	inventio-stephani-lucian	RARE
განჴმიან	განხმიან	1	1	1.9	inventio-stephani-lucian	RARE
გამოეჴუების	გამოეხუების	1	1	1.9	inventio-stephani-lucian	RARE
უღირსთაჲთა	უღირსთაითა	1	1	1.9	inventio-stephani-lucian	RARE
გპოვნეთ	გპოვნეთ	1	1	1.9	inventio-stephani-lucian	RARE
განვზარდე	განვზარდე	1	1	1.9	inventio-stephani-lucian	RARE
განიტჳნა	განიტვნა	1	1	1.9	inventio-stephani-lucian	RARE
ურწმუნოთაგან	ურწმუნოთაგან	1	1	1.9	inventio-stephani-lucian	RARE
ქალაქისათა	ქალაქისათა	1	1	1.9	inventio-stephani-lucian	RARE
კედრით	კედრით	1	1	1.9	inventio-stephani-lucian	RARE
რაყთა	რაყთა	1	1	1.9	inventio-stephani-lucian	RARE
დაჰფლას	დაჰფლას	1	1	1.9	inventio-stephani-lucian	RARE
უწყოდე	უწყოდე	1	1	1.9	inventio-stephani-lucian	RARE
მოუწოდე	მოუწოდე	1	1	1.9	inventio-stephani-lucian	RARE
უწყოდენ	უწყოდენ	1	1	1.9	inventio-stephani-lucian	RARE
ქრისტჱსმიმართნი	ქრისტესმიმართნი	1	1	1.9	inventio-stephani-lucian	RARE
უყავ	უყავ	1	1	1.9	inventio-stephani-lucian	RARE
ვანებე	ვანებე	1	1	1.9	inventio-stephani-lucian	RARE
ვასწავე	ვასწავე	1	1	1.9	inventio-stephani-lucian	RARE
დებებითა	დებებითა	1	1	1.9	inventio-stephani-lucian	RARE
გამალ	გამალ	1	1	1.9	inventio-stephani-lucian	RARE
შორავს	შორავს	1	1	1.9	inventio-stephani-lucian	RARE
მეტყებელთაჲ	მეტყებელთაი	1	1	1.9	inventio-stephani-lucian	RARE
საფასისაგან	საფასისაგან	1	1	1.9	inventio-stephani-lucian	RARE
დაჰმარხეს	დაჰმარხეს	1	1	1.9	inventio-stephani-lucian	RARE
მისთაგან	მისთაგან	1	1	1.9	inventio-stephani-lucian	RARE
პეტრჱსითა	პეტრესითა	1	1	1.9	inventio-stephani-lucian	RARE
იზრახეს	იზრახეს	1	1	1.9	inventio-stephani-lucian	RARE
პატიოსნებისა	პატიოსნებისა	1	1	1.9	inventio-stephani-lucian	RARE
ჩემისათჳს	ჩემისათვს	1	1	1.9	inventio-stephani-lucian	RARE
მიუღეს	მიუღეს	1	1	1.9	inventio-stephani-lucian	RARE
გუემეს	გუემეს	1	1	1.9	inventio-stephani-lucian	RARE
განაძეს	განაძეს	1	1	1.9	inventio-stephani-lucian	RARE
წარმოვიყვანე	წარმოვიყვანე	1	1	1.9	inventio-stephani-lucian	RARE
განუწესე	განუწესე	1	1	1.9	inventio-stephani-lucian	RARE
საფასეთა	საფასეთა	1	1	1.9	inventio-stephani-lucian	RARE
ქრისტჱსმან	ქრისტესმან	1	1	1.9	inventio-stephani-lucian	RARE
აბიბა	აბიბა	1	1	1.9	inventio-stephani-lucian	RARE
მაცხოვრისანი	მაცხოვრისანი	1	1	1.9	inventio-stephani-lucian	RARE
რომელსაიგი	რომელსაიგი	1	1	1.9	inventio-stephani-lucian	RARE
ადდა	ადდა	1	1	1.9	inventio-stephani-lucian	RARE
აბიბოს	აბიბოს	1	1	1.9	inventio-stephani-lucian	RARE
დედალაცი	დედალაცი	1	1	1.9	inventio-stephani-lucian	RARE
შეემთხჳს	შეემთხვს	1	1	1.9	inventio-stephani-lucian	RARE
აღვესრულე	აღვესრულე	1	1	1.9	inventio-stephani-lucian	RARE
დავემარხე	დავემარხე	1	1	1.9	inventio-stephani-lucian	RARE
ედნა	ედნა	1	1	1.9	inventio-stephani-lucian	RARE
განგუყენნეს	განგუყენნეს	1	1	1.9	inventio-stephani-lucian	RARE
გაგუეშორნეს	გაგუეშორნეს	1	1	1.9	inventio-stephani-lucian	RARE
დამარხვად	დამარხვად	1	1	1.9	inventio-stephani-lucian	RARE
ვევედრე	ვევედრე	1	1	1.9	inventio-stephani-lucian	RARE
გამომეცხადოს	გამომეცხადოს	1	1	1.9	inventio-stephani-lucian	RARE
მარხვად	მარხვად	1	1	1.9	inventio-stephani-lucian	RARE
ერტითა	ერტითა	1	1	1.9	inventio-stephani-lucian	RARE
აღძრვად	აღძრვად	1	1	1.9	inventio-stephani-lucian	RARE
მასმიეს	მასმიეს	1	1	1.9	inventio-stephani-lucian	RARE
მოწამისაჲთა	მოწამისაითა	1	1	1.9	inventio-stephani-lucian	RARE
ცემდა	ცემდა	1	1	1.9	inventio-stephani-lucian	RARE
იჩინენ	იჩინენ	1	1	1.9	inventio-stephani-lucian	RARE
მეორედცა	მეორედცა	1	1	1.9	inventio-stephani-lucian	RARE
განმამხიარულე	განმამხიარულე	1	1	1.9	inventio-stephani-lucian	RARE
მესამედღა	მესამედღა	1	1	1.9	inventio-stephani-lucian	RARE
განყარა	განყარა	1	1	1.9	inventio-stephani-lucian	RARE
შენდობილ	შენდობილ	1	1	1.9	inventio-stephani-lucian	RARE
ეგულვა	ეგულვა	1	1	1.9	inventio-stephani-lucian	RARE
მოიხილე	მოიხილე	1	1	1.9	inventio-stephani-lucian	RARE
შეორგულდი	შეორგულდი	1	1	1.9	inventio-stephani-lucian	RARE
ვპოვნე	ვპოვნე	1	1	1.9	inventio-stephani-lucian	RARE
ოთხნივე	ოთხნივე	1	1	1.9	inventio-stephani-lucian	RARE
ვაგო	ვაგო	1	1	1.9	inventio-stephani-lucian	RARE
სტეფანჱსთაჲ	სტეფანესთაი	1	1	1.9	inventio-stephani-lucian	RARE
დაიდევ	დაიდევ	1	1	1.9	inventio-stephani-lucian	RARE
კიშტეთა	კიშტეთა	1	1	1.9	inventio-stephani-lucian	RARE
ჩნდეს	ჩნდეს	1	1	1.9	inventio-stephani-lucian	RARE
წყრთით	წყრთით	1	1	1.9	inventio-stephani-lucian	RARE
იხილენა	იხილენა	1	1	1.9	inventio-stephani-lucian	RARE
გურთავს	გურთავს	1	1	1.9	inventio-stephani-lucian	RARE
ნიკოდემოზ	ნიკოდემოზ	1	1	1.9	inventio-stephani-lucian	RARE
ვჰკითხე	ვჰკითხე	1	1	1.9	inventio-stephani-lucian	RARE
რაყსა	რაყსა	1	1	1.9	inventio-stephani-lucian	RARE
განზრდილ	განზრდილ	1	1	1.9	inventio-stephani-lucian	RARE
დავადგერ	დავადგერ	1	1	1.9	inventio-stephani-lucian	RARE
მოველოდე	მოველოდე	1	1	1.9	inventio-stephani-lucian	RARE
წინანდელსავე	წინანდელსავე	1	1	1.9	inventio-stephani-lucian	RARE
თქუმიტ	თქუმიტ	1	1	1.9	inventio-stephani-lucian	RARE
შემრისხნა	შემრისხნა	1	1	1.9	inventio-stephani-lucian	RARE
განიზრახე	განიზრახე	1	1	1.9	inventio-stephani-lucian	RARE
ახჳდე	ახვდე	1	1	1.9	inventio-stephani-lucian	RARE
არაისაგონებელი	არაისაგონებელი	1	1	1.9	inventio-stephani-lucian	RARE
წინაჲსწარვე	წინაისწარვე	1	1	1.9	inventio-stephani-lucian	RARE
გევედრე	გევედრე	1	1	1.9	inventio-stephani-lucian	RARE
მოგელოდე	მოგელოდე	1	1	1.9	inventio-stephani-lucian	RARE
განვთქუა	განვთქუა	1	1	1.9	inventio-stephani-lucian	RARE
მივიტაცე	მივიტაცე	1	1	1.9	inventio-stephani-lucian	RARE
გამოგეცხადა	გამოგეცხადა	1	1	1.9	inventio-stephani-lucian	RARE
ჩემდაცა	ჩემდაცა	1	1	1.9	inventio-stephani-lucian	RARE
გამოპყრობად	გამოპყრობად	1	1	1.9	inventio-stephani-lucian	RARE
ურნატსავსედ	ურნატსავსედ	1	1	1.9	inventio-stephani-lucian	RARE
ურმად	ურმად	1	1	1.9	inventio-stephani-lucian	RARE
მიგეტეოს	მიგეტეოს	1	1	1.9	inventio-stephani-lucian	RARE
ნაყოფითურთ	ნაყოფითურთ	1	1	1.9	inventio-stephani-lucian	RARE
მედგას	მედგას	1	1	1.9	inventio-stephani-lucian	RARE
ურმისა	ურმისა	1	1	1.9	inventio-stephani-lucian	RARE
ითქუმოდის	ითქუმოდის	1	1	1.9	inventio-stephani-lucian	RARE
მოგებულ	მოგებულ	1	1	1.9	inventio-stephani-lucian	RARE
შემნ	შემნ	1	1	1.9	inventio-stephani-lucian	RARE
სამართალ	სამართალ	1	1	1.9	inventio-stephani-lucian	RARE
სამწყულითურთ	სამწყულითურთ	1	1	1.9	inventio-stephani-lucian	RARE
შემწეობითა	შემწეობითა	1	1	1.9	inventio-stephani-lucian	RARE
დიდისაჲთა	დიდისაითა	1	1	1.9	inventio-stephani-lucian	RARE
მიპყრა	მიპყრა	1	1	1.9	inventio-stephani-lucian	RARE
მიმიყვანა	მიმიყვანა	1	1	1.9	inventio-stephani-lucian	RARE
მოგჳძიენ	მოგვძიენ	1	1	1.9	inventio-stephani-lucian	RARE
ელაგაბარია	ელაგაბარია	1	1	1.9	inventio-stephani-lucian	RARE
გამოთარგმანებით	გამოთარგმანებით	1	1	1.9	inventio-stephani-lucian	RARE
განვიღჳძე	განვიღვძე	1	1	1.9	inventio-stephani-lucian	RARE
შემგგომად	შემგგომად	1	1	1.9	inventio-stephani-lucian	RARE
ჩუენებისა	ჩუენებისა	1	1	1.9	inventio-stephani-lucian	RARE
განვიზრახევდ	განვიზრახევდ	1	1	1.9	inventio-stephani-lucian	RARE
დავიხილე	დავიხილე	1	1	1.9	inventio-stephani-lucian	RARE
საზღვრით	საზღვრით	1	1	1.9	inventio-stephani-lucian	RARE
განსათქუმელ	განსათქუმელ	1	1	1.9	inventio-stephani-lucian	RARE
ვჰგონებდ	ვჰგონებდ	1	1	1.9	inventio-stephani-lucian	RARE
მასწავეს	მასწავეს	1	1	1.9	inventio-stephani-lucian	RARE
მრქუეს	მრქუეს	1	1	1.9	inventio-stephani-lucian	RARE
ზედაყს	ზედაყს	1	1	1.9	inventio-stephani-lucian	RARE
იყოფიან	იყოფიან	1	1	1.9	inventio-stephani-lucian	RARE
წჳმისაჲ	წვმისაი	1	1	1.9	inventio-stephani-lucian	RARE
გამოცხადებული	გამოცხადებული	1	1	1.9	inventio-stephani-lucian	RARE
გამოცხადნა	გამოცხადნა	1	1	1.9	inventio-stephani-lucian	RARE
დასდუმნები	დასდუმნები	1	1	1.9	inventio-stephani-lucian	RARE
შემიწოდა	შემიწოდა	1	1	1.9	inventio-stephani-lucian	RARE
მკითხვიოდა	მკითხვიოდა	1	1	1.9	inventio-stephani-lucian	RARE
კერძოჲ	კერძოი	1	1	1.9	inventio-stephani-lucian	RARE
დავიპყარ	დავიპყარ	1	1	1.9	inventio-stephani-lucian	RARE
მომიგო	მომიგო	1	1	1.9	inventio-stephani-lucian	RARE
ველოდე	ველოდე	1	1	1.9	inventio-stephani-lucian	RARE
გამოცხადებაყ	გამოცხადებაყ	1	1	1.9	inventio-stephani-lucian	RARE
მოვიხუნე	მოვიხუნე	1	1	1.9	inventio-stephani-lucian	RARE
უნებს	უნებს	1	1	1.9	inventio-stephani-lucian	RARE
რენ	რენ	1	1	1.9	inventio-stephani-lucian	RARE
გეჩუენა	გეჩუენა	1	1	1.9	inventio-stephani-lucian	RARE
მიბრძანა	მიბრძანა	1	1	1.9	inventio-stephani-lucian	RARE
შთავედ	შთავედ	1	1	1.9	inventio-stephani-lucian	RARE
თხარე	თხარე	1	1	1.9	inventio-stephani-lucian	RARE
იძიენ	იძიენ	1	1	1.9	inventio-stephani-lucian	RARE
დაიცევ	დაიცევ	1	1	1.9	inventio-stephani-lucian	RARE
მაუწყე	მაუწყე	1	1	1.9	inventio-stephani-lucian	RARE
შთამოვედ	შთამოვედ	1	1	1.9	inventio-stephani-lucian	RARE
ვამცენ	ვამცენ	1	1	1.9	inventio-stephani-lucian	RARE
მივკრბეთ	მივკრბეთ	1	1	1.9	inventio-stephani-lucian	RARE
გჳძიენ	გვძიენ	1	1	1.9	inventio-stephani-lucian	RARE
მიზომე	მიზომე	1	1	1.9	inventio-stephani-lucian	RARE
ბორცჳსა	ბორცვსა	1	1	1.9	inventio-stephani-lucian	RARE
გზითგან	გზითგან	1	1	1.9	inventio-stephani-lucian	RARE
წყრთითა	წყრთითა	1	1	1.9	inventio-stephani-lucian	RARE
ოთხას	ოთხას	1	1	1.9	inventio-stephani-lucian	RARE
ათხუთმეტ	ათხუთმეტ	1	1	1.9	inventio-stephani-lucian	RARE
მეგეთეს	მეგეთეს	1	1	1.9	inventio-stephani-lucian	RARE
ლუკიანეს	ლუკიანეს	1	1	1.9	inventio-stephani-lucian	RARE
სამეუფოთაჲ	სამეუფოთაი	1	1	1.9	inventio-stephani-lucian	RARE
აღვდეგით	აღვდეგით	1	1	1.9	inventio-stephani-lucian	RARE
გუაყენებდა	გუაყენებდა	1	1	1.9	inventio-stephani-lucian	RARE
სენდა	სენდა	1	1	1.9	inventio-stephani-lucian	RARE
ვცან	ვცან	1	1	1.9	inventio-stephani-lucian	RARE
ვთხარეთ	ვთხარეთ	1	1	1.9	inventio-stephani-lucian	RARE
ზეგლი	ზეგლი	1	1	1.9	inventio-stephani-lucian	RARE
არმოიკითხა	არმოიკითხა	1	1	1.9	inventio-stephani-lucian	RARE
გუე	გუე	1	1	1.9	inventio-stephani-lucian	RARE
ჩუენა	ჩუენა	1	1	1.9	inventio-stephani-lucian	RARE
ვტხარეთ	ვტხარეთ	1	1	1.9	inventio-stephani-lucian	RARE
გუეჩუენა	გუეჩუენა	1	1	1.9	inventio-stephani-lucian	RARE
ზედაწერილი	ზედაწერილი	1	1	1.9	inventio-stephani-lucian	RARE
აღმოვიკითხეთ	აღმოვიკითხეთ	1	1	1.9	inventio-stephani-lucian	RARE
აღმოკოდით	აღმოკოდით	1	1	1.9	inventio-stephani-lucian	RARE
ქელელიელ	ქელელიელ	1	1	1.9	inventio-stephani-lucian	RARE
სტეფანოს	სტეფანოს	1	1	1.9	inventio-stephani-lucian	RARE
ნასოამ	ნასოამ	1	1	1.9	inventio-stephani-lucian	RARE
მომაგო	მომაგო	1	1	1.9	inventio-stephani-lucian	RARE
აბიბას	აბიბას	1	1	1.9	inventio-stephani-lucian	RARE
აღიმღერნეს	აღიმღერნეს	1	1	1.9	inventio-stephani-lucian	RARE
განმხიარულდეს	განმხიარულდეს	1	1	1.9	inventio-stephani-lucian	RARE
ლუსკუმისაგან	ლუსკუმისაგან	1	1	1.9	inventio-stephani-lucian	RARE
მიგუერულებოდა	მიგუერულებოდა	1	1	1.9	inventio-stephani-lucian	RARE
მილიონ	მილიონ	1	1	1.9	inventio-stephani-lucian	RARE
კერზოვე	კერზოვე	1	1	1.9	inventio-stephani-lucian	RARE
მითხრეს	მითხრეს	1	1	1.9	inventio-stephani-lucian	RARE
განიკურნნეს	განიკურნნეს	1	1	1.9	inventio-stephani-lucian	RARE
სნეულებათაგან	სნეულებათაგან	1	1	1.9	inventio-stephani-lucian	RARE
მოემთხჳნეს	მოემთხვნეს	1	1	1.9	inventio-stephani-lucian	RARE
შთამოვიდა	შთამოვიდა	1	1	1.9	inventio-stephani-lucian	RARE
წრიღეს	წრიღეს	1	1	1.9	inventio-stephani-lucian	RARE
დაშეკრბეს	დაშეკრბეს	1	1	1.9	inventio-stephani-lucian	RARE
აღაშჱნეს	აღაშენეს	1	1	1.9	inventio-stephani-lucian	RARE
ღირსთათჳს	ღირსთათვს	1	1	1.9	inventio-stephani-lucian	RARE
პილატჱსთა	პილატესთა	1	1	1.9	mart-stepane	RARE
ჴელმწიფებისათა	ხელმწიფებისათა	1	1	1.9	mart-stepane	RARE
ანაჲსა	ანაისა	1	1	1.9	mart-stepane	RARE
კაიაფაჲსა	კაიაფაისა	1	1	1.9	mart-stepane	RARE
მეათრუამეტესა	მეათრუამეტესა	1	1	1.9	mart-stepane	RARE
ფარისეველთაჲ	ფარისეველთაი	1	1	1.9	mart-stepane	RARE
სადუკეველთაჲ	სადუკეველთაი	1	1	1.9	mart-stepane	RARE
არდგა	არდგა	1	1	1.9	mart-stepane	RARE
გუეჩუენნეს	გუეჩუენნეს	1	1	1.9	mart-stepane	RARE
გამოთარგმანებდეს	გამოთარგმანებდეს	1	1	1.9	mart-stepane	RARE
აღტქუმისანი	აღტქუმისანი	1	1	1.9	mart-stepane	RARE
წინაწარმეტყუელთანი	წინაწარმეტყუელთანი	1	1	1.9	mart-stepane	RARE
არვლნა	არვლნა	1	1	1.9	mart-stepane	RARE
წინაწარმეტყელებდა	წინაწარმეტყელებდა	1	1	1.9	mart-stepane	RARE
დამტკიცნეს	დამტკიცნეს	1	1	1.9	mart-stepane	RARE
ნევეჲსი	ნევეისი	1	1	1.9	mart-stepane	RARE
განმეშოროს	განმეშოროს	1	1	1.9	mart-stepane	RARE
დაშთენ	დაშთენ	1	1	1.9	mart-stepane	RARE
გგულისხმა	გგულისხმა	1	1	1.9	mart-stepane	RARE
ერისანო	ერისანო	1	1	1.9	mart-stepane	RARE
ვიდოდი	ვიდოდი	1	1	1.9	mart-stepane	RARE
დაფლულისა	დაფლულისა	1	1	1.9	mart-stepane	RARE
უგალობდე	უგალობდე	1	1	1.9	mart-stepane	RARE
წარვიდოდა	წარვიდოდა	1	1	1.9	mart-stepane	RARE
კაიაფა	კაიაფა	1	1	1.9	mart-stepane	RARE
განკაცებისა	განკაცებისა	1	1	1.9	mart-stepane	RARE
უქმნიეს	უქმნიეს	1	1	1.9	mart-stepane	RARE
წარმოადგინეთ	წარმოადგინეთ	1	1	1.9	mart-stepane	RARE
ჰყუავი	ჰყუავი	1	1	1.9	mart-stepane	RARE
სასყიდლისაო	სასყიდლისაო	1	1	1.9	mart-stepane	RARE
განსუენებასა	განსუენებასა	1	1	1.9	mart-stepane	RARE
შევერთო	შევერთო	1	1	1.9	mart-stepane	RARE
განტევებად	განტევებად	1	1	1.9	mart-stepane	RARE
სატანჯველთაგან	სატანჯველთაგან	1	1	1.9	mart-stepane	RARE
დავაბრკოლო	დავაბრკოლო	1	1	1.9	mart-stepane	RARE
გზისა	გზისა	1	1	1.9	mart-stepane	RARE
წარიყვანეთ	წარიყვანეთ	1	1	1.9	mart-stepane	RARE
წარიყვანეს	წარიყვანეს	1	1	1.9	mart-stepane	RARE
კლავდიოსისა	კლავდიოსისა	1	1	1.9	mart-stepane	RARE
ტარსონ	ტარსონ	1	1	1.9	mart-stepane	RARE
კილიკიაჲსაჲთ	კილიკიაისაით	1	1	1.9	mart-stepane	RARE
შეკრვად	შეკრვად	1	1	1.9	mart-stepane	RARE
სდებენ	სდებენ	1	1	1.9	mart-stepane	RARE
სდებს	სდებს	1	1	1.9	mart-stepane	RARE
ცმულსა	ცმულსა	1	1	1.9	mart-stepane	RARE
აღიარებ	აღიარებ	1	1	1.9	mart-stepane	RARE
დავიჯერეთ	დავიჯერეთ	1	1	1.9	mart-stepane	RARE
ვჰბრძოდი	ვჰბრძოდი	1	1	1.9	mart-stepane	RARE
დამშჭუალეს	დამშჭუალეს	1	1	1.9	mart-stepane	RARE
ათასისტავსა	ათასისტავსა	1	1	1.9	mart-stepane	RARE
ჯოჯოხეთისაო	ჯოჯოხეთისაო	1	1	1.9	mart-stepane	RARE
ეშმაკისაო	ეშმაკისაო	1	1	1.9	mart-stepane	RARE
ათასისთაო	ათასისთაო	1	1	1.9	mart-stepane	RARE
აღმართებად	აღმართებად	1	1	1.9	mart-stepane	RARE
გამოუჩინებელ	გამოუჩინებელ	1	1	1.9	mart-stepane	RARE
ვარსკულავები	ვარსკულავები	1	1	1.9	mart-stepane	RARE
შეამკო	შეამკო	1	1	1.9	mart-stepane	RARE
ფერადითა	ფერადითა	1	1	1.9	mart-stepane	RARE
განჴრწნილებისაგან	განხრწნილებისაგან	1	1	1.9	mart-stepane	RARE
დაიცვნეს	დაიცვნეს	1	1	1.9	mart-stepane	RARE
ცთომილად	ცთომილად	1	1	1.9	mart-stepane	RARE
აცხოვნნე	აცხოვნნე	1	1	1.9	mart-stepane	RARE
აღგუადგინნეს	აღგუადგინნეს	1	1	1.9	mart-stepane	RARE
დასცხერ	დასცხერ	1	1	1.9	mart-stepane	RARE
აღგიდგეს	აღგიდგეს	1	1	1.9	mart-stepane	RARE
დაგადგეს	დაგადგეს	1	1	1.9	mart-stepane	RARE
სენთჳსცა	სენთვსცა	1	1	1.9	mart-stepane	RARE
აღაზრზინა	აღაზრზინა	1	1	1.9	mart-stepane	RARE
მოჰკუეთონ	მოჰკუეთონ	1	1	1.9	mart-stepane	RARE
იხია	იხია	1	1	1.9	mart-stepane	RARE
შეეწყალა	შეეწყალა	1	1	1.9	mart-stepane	RARE
განიკურნნენ	განიკურნნენ	1	1	1.9	mart-stepane	RARE
გარდამოფრინვიდა	გარდამოფრინვიდა	1	1	1.9	mart-stepane	RARE
მოაქუანდა	მოაქუანდა	1	1	1.9	mart-stepane	RARE
რმრთისაჲ	რმრთისაი	1	1	1.9	mart-stepane	RARE
აცხოვნენ	აცხოვნენ	1	1	1.9	mart-stepane	RARE
აღმოგუალე	აღმოგუალე	1	1	1.9	mart-stepane	RARE
ერისთაო	ერისთაო	1	1	1.9	mart-stepane	RARE
განხმულ	განხმულ	1	1	1.9	mart-stepane	RARE
ძჰ	ძჰ	1	1	1.9	mart-stepane	RARE
მართალთასიმჴნჱ	მართალთასიმხნე	1	1	1.9	mart-stepane	RARE
განკურნენ	განკურნენ	1	1	1.9	mart-stepane	RARE
მიგეტევენ	მიგეტევენ	1	1	1.9	mart-stepane	RARE
განიკურნენით	განიკურნენით	1	1	1.9	mart-stepane	RARE
დააბრკოლა	დააბრკოლა	1	1	1.9	mart-stepane	RARE
შეივედრე	შეივედრე	1	1	1.9	mart-stepane	RARE
იჩინე	იჩინე	1	1	1.9	mart-stepane	RARE
გუემისა	გუემისა	1	1	1.9	mart-stepane	RARE
კლაჳდიოს	კლავდიოს	1	1	1.9	mart-stepane	RARE
ჰმარხოს	ჰმარხოს	1	1	1.9	mart-stepane	RARE
შეჭამონ	შეჭამონ	1	1	1.9	mart-stepane	RARE
ხედვიდენ	ხედვიდენ	1	1	1.9	mart-stepane	RARE
იკადრონ	იკადრონ	1	1	1.9	mart-stepane	RARE
ჲესუსითა	იესუსითა	1	1	1.9	mart-stepane	RARE
სცვივდეს	სცვივდეს	1	1	1.9	mart-stepane	RARE
მოყუასებითა	მოყუასებითა	1	1	1.9	mart-stepane	RARE
წარიღო	წარიღო	1	1	1.9	mart-stepane	RARE
პროკლა	პროკლა	1	1	1.9	mart-stepane	RARE
დამარხეს	დამარხეს	1	1	1.9	mart-stepane	RARE
ტიროდეს	ტიროდეს	1	1	1.9	mart-stepane	RARE
გუყვენ	გუყვენ	1	1	1.9	mart-stepane	RARE
წუხდეს	წუხდეს	1	1	1.9	mart-stepane	RARE
ჰყოფდით	ჰყოფდით	1	1	1.9	mart-stepane	RARE
დააკლებთ	დააკლებთ	1	1	1.9	mart-stepane	RARE
ამცენ	ამცენ	1	1	1.9	mart-stepane	RARE
სურწყნისასა	სურწყნისასა	1	1	1.9	mart-stepane	RARE
განვიცდიდ	განვიცდიდ	1	1	1.9	mart-stepane	RARE
რისხვითა	რისხვითა	1	1	1.9	mrav-sulthmofenoba-1	RARE
განიწვალნეს	განიწვალნეს	1	1	1.9	mrav-sulthmofenoba-1	RARE
უკეთურებისათჳს	უკეთურებისათვს	1	1	1.9	mrav-sulthmofenoba-1	RARE
შეწევნისათჳს	შეწევნისათვს	1	1	1.9	mrav-sulthmofenoba-1	RARE
ენათამან	ენათამან	1	1	1.9	mrav-sulthmofenoba-1	RARE
განაქარვნა	განაქარვნა	1	1	1.9	mrav-sulthmofenoba-1	RARE
ჭეშმარიტებისანი	ჭეშმარიტებისანი	1	1	1.9	mrav-sulthmofenoba-1	RARE
აღავსნეს	აღავსნეს	1	1	1.9	mrav-sulthmofenoba-1	RARE
განაქარვნეს	განაქარვნეს	1	1	1.9	mrav-sulthmofenoba-1	RARE
მიუყონ	მიუყონ	1	1	1.9	mrav-sulthmofenoba-1	RARE
შეწევნისათა	შეწევნისათა	1	1	1.9	mrav-sulthmofenoba-1	RARE
აღიშჱნებოდა	აღიშენებოდა	1	1	1.9	mrav-sulthmofenoba-1	RARE
დაემჴუნენ	დაემხუნენ	1	1	1.9	mrav-sulthmofenoba-1	RARE
აღეშჳნებიან	აღეშვნებიან	1	1	1.9	mrav-sulthmofenoba-1	RARE
შემოიყვანნეს	შემოიყვანნეს	1	1	1.9	mrav-sulthmofenoba-1	RARE
ოივლინა	მოივლინა	1	1	1.9	mrav-sulthmofenoba-1	RARE
შემეძინნეს	შემეძინნეს	1	1	1.9	mrav-sulthmofenoba-1	RARE
იდგინა	იდგინა	1	1	1.9	mrav-sulthmofenoba-1	RARE
ჰფუფუნებდა	ჰფუფუნებდა	1	1	1.9	mrav-sulthmofenoba-1	RARE
შეკრებისა	შეკრებისა	1	1	1.9	mrav-sulthmofenoba-1	RARE
იეფინა	მიეფინა	1	1	1.9	mrav-sulthmofenoba-1	RARE
იოველ	იოველ	1	1	1.9	mrav-sulthmofenoba-1	RARE
დამტკიცნა	დამტკიცნა	1	1	1.9	mrav-sulthmofenoba-1	RARE
გამოაბრწყინვა	გამოაბრწყინვა	1	1	1.9	mrav-sulthmofenoba-1	RARE
მისლვად	მისლვად	1	1	1.9	mrav-sulthmofenoba-1	RARE
ისწრაფეს	ისწრაფეს	1	1	1.9	mrav-sulthmofenoba-1	RARE
იდგინეს	იდგინეს	1	1	1.9	mrav-sulthmofenoba-1	RARE
აღჴოცნეს	აღხოცნეს	1	1	1.9	mrav-sulthmofenoba-1	RARE
იჴსნნა	იხსნნა	1	1	1.9	mrav-sulthmofenoba-1	RARE
ბრალისაგან	ბრალისაგან	1	1	1.9	mrav-sulthmofenoba-1	RARE
შეპყრობისაგან	შეპყრობისაგან	1	1	1.9	mrav-sulthmofenoba-1	RARE
გულთაცა	გულთაცა	1	1	1.9	mrav-sulthmofenoba-1	RARE
გონებანიცა	გონებანიცა	1	1	1.9	mrav-sulthmofenoba-1	RARE
შესახებელ	შესახებელ	1	1	1.9	mrav-sulthmofenoba-1	RARE
მოკლულცა	მოკლულცა	1	1	1.9	mrav-sulthmofenoba-1	RARE
მოკლულ	მოკლულ	1	1	1.9	mrav-sulthmofenoba-1	RARE
დაფლულცა	დაფლულცა	1	1	1.9	mrav-sulthmofenoba-1	RARE
მოწყჳდნა	მოწყვდნა	1	1	1.9	mrav-sulthmofenoba-1	RARE
დაემშჳდა	დაემშვდა	1	1	1.9	mrav-sulthmofenoba-1	RARE
აღმცაჴოცა	აღმცახოცა	1	1	1.9	mrav-sulthmofenoba-1	RARE
ჯუარცუმასა	ჯუარცუმასა	1	1	1.9	mrav-sulthmofenoba-1	RARE
განიპნეს	განიპნეს	1	1	1.9	mrav-sulthmofenoba-1	RARE
სამარენი	სამარენი	1	1	1.9	mrav-sulthmofenoba-1	RARE
აღეხუნეს	აღეხუნეს	1	1	1.9	mrav-sulthmofenoba-1	RARE
განცოფნეს	განცოფნეს	1	1	1.9	mrav-sulthmofenoba-1	RARE
ანაგდო	განაგდო	1	1	1.9	mrav-sulthmofenoba-1	RARE
მკლველთაცა	მკლველთაცა	1	1	1.9	mrav-sulthmofenoba-1	RARE
სუფევდენ	სუფევდენ	1	1	1.9	mrav-sulthmofenoba-1	RARE
მისცნენ	მისცნენ	1	1	1.9	mrav-sulthmofenoba-1	RARE
განუყვნის	განუყვნის	1	1	1.9	mrav-sulthmofenoba-1	RARE
მისცნის	მისცნის	1	1	1.9	mrav-sulthmofenoba-1	RARE
განუყვნა	განუყვნა	1	1	1.9	mrav-sulthmofenoba-1	RARE
ოავლინა	მოავლინა	1	1	1.9	mrav-sulthmofenoba-1	RARE
თავსმდებ	თავსმდებ	1	1	1.9	mrav-sulthmofenoba-1	RARE
დააბა	დააბა	1	1	1.9	mrav-sulthmofenoba-1	RARE
წიგნწერილებაჲ	წიგნწერილებაი	1	1	1.9	mrav-sulthmofenoba-1	RARE
იცნობა	იცნობა	1	1	1.9	mrav-sulthmofenoba-1	RARE
განიყვნეს	განიყვნეს	1	1	1.9	mrav-sulthmofenoba-1	RARE
უფლებისა	უფლებისა	1	1	1.9	mrav-sulthmofenoba-1	RARE
მრთეებისა	ღმრთეებისა	1	1	1.9	mrav-sulthmofenoba-1	RARE
ღაღატყვეს	ღაღატყვეს	1	1	1.9	mrav-sulthmofenoba-1	RARE
ჴელოვანთმოძღუარი	ხელოვანთმოძღუარი	1	1	1.9	mrav-sulthmofenoba-1	RARE
განამრავლნა	განამრავლნა	1	1	1.9	mrav-sulthmofenoba-1	RARE
თავისუფლებითა	თავისუფლებითა	1	1	1.9	mrav-sulthmofenoba-1	RARE
ღუაწა	იღუაწა	1	1	1.9	mrav-sulthmofenoba-1	RARE
დაავიწყდა	დაავიწყდა	1	1	1.9	mrav-sulthmofenoba-1	RARE
შეაჯერა	შეაჯერა	1	1	1.9	mrav-sulthmofenoba-1	RARE
სიმდიდრისაგან	სიმდიდრისაგან	1	1	1.9	mrav-sulthmofenoba-1	RARE
განიძარცუეს	განიძარცუეს	1	1	1.9	mrav-sulthmofenoba-1	RARE
შთაეცუა	შთაეცუა	1	1	1.9	mrav-sulthmofenoba-1	RARE
ლხინებითა	ლხინებითა	1	1	1.9	mrav-sulthmofenoba-1	RARE
დამსა	ადამსა	1	1	1.9	mrav-sulthmofenoba-1	RARE
შეემკო	შეემკო	1	1	1.9	mrav-sulthmofenoba-1	RARE
ქველისმოქმედ	ქველისმოქმედ	1	1	1.9	mrav-sulthmofenoba-1	RARE
მხოლოდშობილისაჲ	მხოლოდშობილისაი	1	1	1.9	mrav-sulthmofenoba-1	RARE
მოწამებითა	მოწამებითა	1	1	1.9	mrav-sulthmofenoba-1	RARE
ფუფუნებითა	ფუფუნებითა	1	1	1.9	mrav-sulthmofenoba-1	RARE
მოვჰფინო	მოვჰფინო	1	1	1.9	mrav-sulthmofenoba-1	RARE
ხილეთღა	იხილეთღა	1	1	1.9	mrav-sulthmofenoba-1	RARE
არაძი	არაძი	1	1	1.9	mrav-sulthmofenoba-1	RARE
აღესრულაა	აღესრულაა	1	1	1.9	mrav-sulthmofenoba-1	RARE
მოციქულთაცა	მოციქულთაცა	1	1	1.9	mrav-sulthmofenoba-1	RARE
დააკჳრვონ	დააკვრვონ	1	1	1.9	mrav-sulthmofenoba-1	RARE
მოიყვანნა	მოიყვანნა	1	1	1.9	mrav-sulthmofenoba-1	RARE
თანაწარვსცოდავთ	თანაწარვსცოდავთ	1	1	1.9	mrav-sulthmofenoba-1	RARE
ზიარებისა	ზიარებისა	1	1	1.9	mrav-sulthmofenoba-1	RARE
წმიდისაჲსა	წმიდისაისა	1	1	1.9	mrav-sulthmofenoba-1	RARE
მოფენილ	მოფენილ	1	1	1.9	mrav-sulthmofenoba-1	RARE
მივიღოთ	მივიღოთ	1	1	1.9	mrav-sulthmofenoba-1	RARE
თარგმანებითა	თარგმანებითა	1	1	1.9	mrav-sulthmofenoba-1	RARE
დავიმოწაფნეთ	დავიმოწაფნეთ	1	1	1.9	mrav-sulthmofenoba-1	RARE
ვასწაოთ	ვასწაოთ	1	1	1.9	mrav-sulthmofenoba-1	RARE
ვჰმოძღურიდეთ	ვჰმოძღურიდეთ	1	1	1.9	mrav-sulthmofenoba-1	RARE
განვანათლოთ	განვანათლოთ	1	1	1.9	mrav-sulthmofenoba-1	RARE
დავანელნეთ	დავანელნეთ	1	1	1.9	mrav-sulthmofenoba-1	RARE
დავამტკიცეთ	დავამტკიცეთ	1	1	1.9	mrav-sulthmofenoba-1	RARE
ვიღუაწნეთ	ვიღუაწნეთ	1	1	1.9	mrav-sulthmofenoba-1	RARE
გამოვზარდნეთ	გამოვზარდნეთ	1	1	1.9	mrav-sulthmofenoba-1	RARE
ვემსგავსნეთ	ვემსგავსნეთ	1	1	1.9	mrav-sulthmofenoba-1	RARE
ვიმარხვიდეთ	ვიმარხვიდეთ	1	1	1.9	mrav-sulthmofenoba-1	RARE
პატივვსცემდეთ	პატივვსცემდეთ	1	1	1.9	mrav-sulthmofenoba-1	RARE
შეყუარებულნო	შეყუარებულნო	1	1	1.9	mrav-sulthmofenoba-2	RARE
მეორეს	მეორეს	1	1	1.9	mrav-sulthmofenoba-2	RARE
მიგიღებიეს	მიგიღებიეს	1	1	1.9	mrav-sulthmofenoba-2	RARE
მოგივლინოს	მოგივლინოს	1	1	1.9	mrav-sulthmofenoba-2	RARE
გასწაოს	გასწაოს	1	1	1.9	mrav-sulthmofenoba-2	RARE
მოგაჴსენოს	მოგახსენოს	1	1	1.9	mrav-sulthmofenoba-2	RARE
გარქუ	გარქუ	1	1	1.9	mrav-sulthmofenoba-2	RARE
მოგივლინო	მოგივლინო	1	1	1.9	mrav-sulthmofenoba-2	RARE
მოვავლინო	მოვავლინო	1	1	1.9	mrav-sulthmofenoba-2	RARE
გითხრას	გითხრას	1	1	1.9	mrav-sulthmofenoba-2	RARE
მოგუმადლნა	მოგუმადლნა	1	1	1.9	mrav-sulthmofenoba-2	RARE
მიანიჭებდა	მიანიჭებდა	1	1	1.9	mrav-sulthmofenoba-2	RARE
მიუტევნეთ	მიუტევნეთ	1	1	1.9	mrav-sulthmofenoba-2	RARE
მიეტევნენ	მიეტევნენ	1	1	1.9	mrav-sulthmofenoba-2	RARE
შეიპყრნეთ	შეიპყრნეთ	1	1	1.9	mrav-sulthmofenoba-2	RARE
შთამბერველი	შთამბერველი	1	1	1.9	mrav-sulthmofenoba-2	RARE
მოიგი	მოიგი	1	1	1.9	mrav-sulthmofenoba-2	RARE
მიღაიღეთ	მიღაიღეთ	1	1	1.9	mrav-sulthmofenoba-2	RARE
დასხედით	დასხედით	1	1	1.9	mrav-sulthmofenoba-2	RARE
შეინოსოთ	შეინოსოთ	1	1	1.9	mrav-sulthmofenoba-2	RARE
შეგემოსოს	შეგემოსოს	1	1	1.9	mrav-sulthmofenoba-2	RARE
გეჴსენედ	გეხსენედ	1	1	1.9	mrav-sulthmofenoba-2	RARE
აწინდელთაჲ	აწინდელთაი	1	1	1.9	mrav-sulthmofenoba-2	RARE
განიყოფვის	განიყოფვის	1	1	1.9	mrav-sulthmofenoba-2	RARE
მოქცეს	მოქცეს	1	1	1.9	mrav-sulthmofenoba-2	RARE
ელოდეს	ელოდეს	1	1	1.9	mrav-sulthmofenoba-2	RARE
ერგასისთასა	ერგასისთასა	1	1	1.9	mrav-sulthmofenoba-2	RARE
მომადლებულთა	მომადლებულთა	1	1	1.9	mrav-sulthmofenoba-2	RARE
მეერგასისესა	მეერგასისესა	1	1	1.9	mrav-sulthmofenoba-2	RARE
სიმტკიცისაჲ	სიმტკიცისაი	1	1	1.9	mrav-sulthmofenoba-2	RARE
ჭირვეულთაჲ	ჭირვეულთაი	1	1	1.9	mrav-sulthmofenoba-2	RARE
მძლეთაჲ	მძლეთაი	1	1	1.9	mrav-sulthmofenoba-2	RARE
მოღუაწეთაჲ	მოღუაწეთაი	1	1	1.9	mrav-sulthmofenoba-2	RARE
შეჰმოსოს	შეჰმოსოს	1	1	1.9	mrav-sulthmofenoba-2	RARE
იბანებინ	იბანებინ	1	1	1.9	mrav-sulthmofenoba-2	RARE
ნათელიღეს	ნათელიღეს	1	1	1.9	mrav-sulthmofenoba-2	RARE
სიზრქესა	სიზრქესა	1	1	1.9	mrav-sulthmofenoba-2	RARE
რკინისასა	რკინისასა	1	1	1.9	mrav-sulthmofenoba-2	RARE
ძლიერისაჲ	ძლიერისაი	1	1	1.9	mrav-sulthmofenoba-2	RARE
თუალითაცა	თუალითაცა	1	1	1.9	mrav-sulthmofenoba-2	RARE
ენები	ენები	1	1	1.9	mrav-sulthmofenoba-2	RARE
შეიმოსნეს	შეიმოსნეს	1	1	1.9	mrav-sulthmofenoba-2	RARE
მიიღებდეს	მიიღებდეს	1	1	1.9	mrav-sulthmofenoba-2	RARE
შემწუველისასა	შემწუველისასა	1	1	1.9	mrav-sulthmofenoba-2	RARE
მოგისპოს	მოგისპოს	1	1	1.9	mrav-sulthmofenoba-2	RARE
განლიოს	განლიოს	1	1	1.9	mrav-sulthmofenoba-2	RARE
განანათლოს	განანათლოს	1	1	1.9	mrav-sulthmofenoba-2	RARE
მაშინცა	მაშინცა	1	1	1.9	mrav-sulthmofenoba-2	RARE
ცეცხლისათა	ცეცხლისათა	1	1	1.9	mrav-sulthmofenoba-2	RARE
დაადგრებოდა	დაადგრებოდა	1	1	1.9	mrav-sulthmofenoba-2	RARE
დაედგნენ	დაედგნენ	1	1	1.9	mrav-sulthmofenoba-2	RARE
უკმოაგო	უკმოაგო	1	1	1.9	mrav-sulthmofenoba-2	RARE
გალილეველ	გალილეველ	1	1	1.9	mrav-sulthmofenoba-2	RARE
სპარსელებრ	სპარსელებრ	1	1	1.9	mrav-sulthmofenoba-2	RARE
ასწადვა	ასწადვა	1	1	1.9	mrav-sulthmofenoba-2	RARE
მწიგნობრობითა	მწიგნობრობითა	1	1	1.9	mrav-sulthmofenoba-2	RARE
მანქანობითა	მანქანობითა	1	1	1.9	mrav-sulthmofenoba-2	RARE
ისწავიან	ისწავიან	1	1	1.9	mrav-sulthmofenoba-2	RARE
კლებულად	კლებულად	1	1	1.9	mrav-sulthmofenoba-2	RARE
ისწავეს	ისწავეს	1	1	1.9	mrav-sulthmofenoba-2	RARE
შეატყუა	შეატყუა	1	1	1.9	mrav-sulthmofenoba-2	RARE
სიმრავლისაჲ	სიმრავლისაი	1	1	1.9	mrav-sulthmofenoba-2	RARE
ბაბილოვნს	ბაბილოვნს	1	1	1.9	mrav-sulthmofenoba-2	RARE
ენათასა	ენათასა	1	1	1.9	mrav-sulthmofenoba-2	RARE
ნიკოდემოზცა	ნიკოდემოზცა	1	1	1.9	mrav-sulthmofenoba-2	RARE
ქრინ	ქრინ	1	1	1.9	mrav-sulthmofenoba-2	RARE
გესმინ	გესმინ	1	1	1.9	mrav-sulthmofenoba-2	RARE
რაჟამსღა	რაჟამსღა	1	1	1.9	mrav-sulthmofenoba-2	RARE
სიკიცხევად	სიკიცხევად	1	1	1.9	mrav-sulthmofenoba-2	RARE
ისრაიტელნო	ისრაიტელნო	1	1	1.9	mrav-sulthmofenoba-2	RARE
იოველისსა	იოველისსა	1	1	1.9	mrav-sulthmofenoba-2	RARE
გუთრავს	გუთრავს	1	1	1.9	mrav-sulthmofenoba-2	RARE
დაითრვნენ	დაითრვნენ	1	1	1.9	mrav-sulthmofenoba-2	RARE
საშუებლისა	საშუებლისა	1	1	1.9	mrav-sulthmofenoba-2	RARE
ასუა	ასუა	1	1	1.9	mrav-sulthmofenoba-2	RARE
სთროდა	სთროდა	1	1	1.9	mrav-sulthmofenoba-2	RARE
სიფრთხილისაჲთა	სიფრთხილისაითა	1	1	1.9	mrav-sulthmofenoba-2	RARE
მოაკუდინნის	მოაკუდინნის	1	1	1.9	mrav-sulthmofenoba-2	RARE
განაცხოველნის	განაცხოველნის	1	1	1.9	mrav-sulthmofenoba-2	RARE
დაავიწყის	დაავიწყის	1	1	1.9	mrav-sulthmofenoba-2	RARE
რომელღა	რომელღა	1	1	1.9	mrav-sulthmofenoba-2	RARE
მოანიჭის	მოანიჭის	1	1	1.9	mrav-sulthmofenoba-2	RARE
სუეს	სუეს	1	1	1.9	mrav-sulthmofenoba-2	RARE
ჩემისაგანცა	ჩემისაგანცა	1	1	1.9	mrav-sulthmofenoba-2	RARE
გარდამოავლინა	გარდამოავლინა	1	1	1.9	mrav-sulthmofenoba-2	RARE
შეწყნარების	შეწყნარების	1	1	1.9	mrav-sulthmofenoba-2	RARE
იოველის	იოველის	1	1	1.9	mrav-sulthmofenoba-2	RARE
უყუარს	უყუარს	1	1	1.9	mrav-sulthmofenoba-2	RARE
მინიჭებად	მინიჭებად	1	1	1.9	mrav-sulthmofenoba-2	RARE
ვისცა	ვისცა	1	1	1.9	mrav-sulthmofenoba-2	RARE
განლაღნებიან	განლაღნებიან	1	1	1.9	mrav-sulthmofenoba-2	RARE
დამდაბლდებიან	დამდაბლდებიან	1	1	1.9	mrav-sulthmofenoba-2	RARE
განმზადენ	განმზადენ	1	1	1.9	mrav-sulthmofenoba-2	RARE
აღვსებისაჲ	აღვსებისაი	1	1	1.9	mrav-sulthmofenoba-2	RARE
განვაგრძვეთ	განვაგრძვეთ	1	1	1.9	mrav-sulthmofenoba-2	RARE
ჴმდეს	ხმდეს	1	1	1.9	mrav-sulthmofenoba-2	RARE
ახლისაგან	ახლისაგან	1	1	1.9	mrav-sulthmofenoba-2	RARE
მივსწუედით	მივსწუედით	1	1	1.9	mrav-sulthmofenoba-2	RARE
დაღაგჳშთა	დაღაგვშთა	1	1	1.9	mrav-sulthmofenoba-2	RARE
საქმისაგან	საქმისაგან	1	1	1.9	mrav-sulthmofenoba-2	RARE
მოციქულთაჲსა	მოციქულთაისა	1	1	1.9	mrav-sulthmofenoba-2	RARE
შეეწეოდეს	შეეწეოდეს	1	1	1.9	mrav-sulthmofenoba-2	RARE
ადგა	დადგა	1	1	1.9	mrav-sulthmofenoba-2	RARE
აღიმაღლე	აღიმაღლე	1	1	1.9	mrav-sulthmofenoba-2	RARE
იერუსალემისამან	იერუსალემისამან	1	1	1.9	mrav-sulthmofenoba-2	RARE
სიტყჳსაჲთა	სიტყვსაითა	1	1	1.9	mrav-sulthmofenoba-2	RARE
მონადირნა	მონადირნა	1	1	1.9	mrav-sulthmofenoba-2	RARE
შეეწეოდა	შეეწეოდა	1	1	1.9	mrav-sulthmofenoba-2	RARE
განჰმზადნეთ	განჰმზადნეთ	1	1	1.9	mrav-sulthmofenoba-2	RARE
ოვედი	მოვედი	1	1	1.9	mrav-toma-chrysostom	RARE
აღსარებად	აღსარებად	1	1	1.9	mrav-toma-chrysostom	RARE
აღორძინებისა	აღორძინებისა	1	1	1.9	mrav-toma-chrysostom	RARE
მოგეახლები	მოგეახლები	1	1	1.9	mrav-toma-chrysostom	RARE
თომაჲსსა	თომაისსა	1	1	1.9	mrav-toma-chrysostom	RARE
შეხებისა	შეხებისა	1	1	1.9	mrav-toma-chrysostom	RARE
აღმსაარებელ	აღმსაარებელ	1	1	1.9	mrav-toma-chrysostom	RARE
გლოავ	გლოავ	1	1	1.9	mrav-toma-chrysostom	RARE
იქმნენით	იქმნენით	1	1	1.9	mrav-toma-chrysostom	RARE
მოცემითა	მოცემითა	1	1	1.9	mrav-toma-chrysostom	RARE
განგიმზადებ	განგიმზადებ	1	1	1.9	mrav-toma-chrysostom	RARE
სასურველი	სასურველი	1	1	1.9	mrav-toma-chrysostom	RARE
მოსურნედ	მოსურნედ	1	1	1.9	mrav-toma-chrysostom	RARE
შეცთომილ	შეცთომილ	1	1	1.9	mrav-toma-chrysostom	RARE
შეხებითა	შეხებითა	1	1	1.9	mrav-toma-chrysostom	RARE
რწმუნებულ	რწმუნებულ	1	1	1.9	mrav-toma-chrysostom	RARE
ვითარცაიგი	ვითარცაიგი	1	1	1.9	mrav-toma-chrysostom	RARE
აღებად	აღებად	1	1	1.9	mrav-toma-chrysostom	RARE
დამიკჳრდა	დამიკვრდა	1	1	1.9	mrav-toma-chrysostom	RARE
თანადგომაჲ	თანადგომაი	1	1	1.9	mrav-toma-chrysostom	RARE
შემოსლვითა	შემოსლვითა	1	1	1.9	mrav-toma-chrysostom	RARE
განქარვებისათჳს	განქარვებისათვს	1	1	1.9	mrav-toma-chrysostom	RARE
ვიქმენა	ვიქმენა	1	1	1.9	mrav-toma-chrysostom	RARE
იწოდენით	იწოდენით	1	1	1.9	mrav-toma-chrysostom	RARE
ვიწოდეა	ვიწოდეა	1	1	1.9	mrav-toma-chrysostom	RARE
იდიდენით	იდიდენით	1	1	1.9	mrav-toma-chrysostom	RARE
ვადიდეა	ვადიდეა	1	1	1.9	mrav-toma-chrysostom	RARE
ჯუარცუმული	ჯუარცუმული	1	1	1.9	mrav-toma-chrysostom	RARE
ვიხილეა	ვიხილეა	1	1	1.9	mrav-toma-chrysostom	RARE
მწუხარემან	მწუხარემან	1	1	1.9	mrav-toma-chrysostom	RARE
ბრწყინვალებისა	ბრწყინვალებისა	1	1	1.9	mrav-toma-chrysostom	RARE
ადგომაჲცა	ადგომაიცა	1	1	1.9	mrav-toma-chrysostom	RARE
დავასხნე	დავასხნე	1	1	1.9	mrav-toma-chrysostom	RARE
საიდუმლოჲსაჲ	საიდუმლოისაი	1	1	1.9	mrav-toma-chrysostom	RARE
სიტყჳსგებასა	სიტყვსგებასა	1	1	1.9	mrav-toma-chrysostom	RARE
თხოვითა	თხოვითა	1	1	1.9	mrav-toma-chrysostom	RARE
ქადაგებული	ქადაგებული	1	1	1.9	mrav-toma-chrysostom	RARE
მრწმენენ	მრწმენენ	1	1	1.9	mrav-toma-chrysostom	RARE
დავსდვა	დავსდვა	1	1	1.9	mrav-toma-chrysostom	RARE
ადგომილსა	ადგომილსა	1	1	1.9	mrav-toma-chrysostom	RARE
ფსალმუნებს	ფსალმუნებს	1	1	1.9	mrav-toma-chrysostom	RARE
შესრულსა	შესრულსა	1	1	1.9	mrav-toma-chrysostom	RARE
ვქადაგებ	ვქადაგებ	1	1	1.9	mrav-toma-chrysostom	RARE
ვთარგმანებ	ვთარგმანებ	1	1	1.9	mrav-toma-chrysostom	RARE
გამოუთარგმანებელსა	გამოუთარგმანებელსა	1	1	1.9	mrav-toma-chrysostom	RARE
ჰქადაგებ	ჰქადაგებ	1	1	1.9	mrav-toma-chrysostom	RARE
ამბაკუმისა	ამბაკუმისა	1	1	1.9	mrav-toma-chrysostom	RARE
შთაყვანებად	შთაყვანებად	1	1	1.9	mrav-toma-chrysostom	RARE
განტეხად	განტეხად	1	1	1.9	mrav-toma-chrysostom	RARE
უჩნდეს	უჩნდეს	1	1	1.9	mrav-toma-chrysostom	RARE
შეუძლოსა	შეუძლოსა	1	1	1.9	mrav-toma-chrysostom	RARE
ნებისაებრ	ნებისაებრ	1	1	1.9	mrav-toma-chrysostom	RARE
მიგცემ	მიგცემ	1	1	1.9	mrav-toma-chrysostom	RARE
დაგამორჩილნეს	დაგამორჩილნეს	1	1	1.9	mrav-toma-chrysostom	RARE
ანიხარეს	განიხარეს	1	1	1.9	mrav-toma-chrysostom	RARE
დავიმსჭუალენ	დავიმსჭუალენ	1	1	1.9	mrav-toma-chrysostom	RARE
განვიგუმირე	განვიგუმირე	1	1	1.9	mrav-toma-chrysostom	RARE
გიჴსნე	გიხსნე	1	1	1.9	mrav-toma-chrysostom	RARE
მომეახლე	მომეახლე	1	1	1.9	mrav-toma-chrysostom	RARE
სახილველღა	სახილველღა	1	1	1.9	mrav-toma-chrysostom	RARE
დაგისხამ	დაგისხამ	1	1	1.9	mrav-toma-chrysostom	RARE
აღრაცხად	აღრაცხად	1	1	1.9	mrav-toma-chrysostom	RARE
მიჩს	მიჩს	1	1	1.9	mrav-toma-chrysostom	RARE
დავჰფარავ	დავჰფარავ	1	1	1.9	mrav-toma-chrysostom	RARE
დავითმინე	დავითმინე	1	1	1.9	mrav-toma-chrysostom	RARE
წყალობისა	წყალობისა	1	1	1.9	mrav-toma-chrysostom	RARE
დავჰმალავ	დავჰმალავ	1	1	1.9	mrav-toma-chrysostom	RARE
უქადაგო	უქადაგო	1	1	1.9	mrav-toma-chrysostom	RARE
მზისთუალმან	მზისთუალმან	1	1	1.9	mrav-toma-chrysostom	RARE
ქუეყანამანცა	ქუეყანამანცა	1	1	1.9	mrav-toma-chrysostom	RARE
კლდეთაცა	კლდეთაცა	1	1	1.9	mrav-toma-chrysostom	RARE
ეზომანცა	ეზომანცა	1	1	1.9	mrav-toma-chrysostom	RARE
ტაძრისამან	ტაძრისამან	1	1	1.9	mrav-toma-chrysostom	RARE
წარწყმედისათჳს	წარწყმედისათვს	1	1	1.9	mrav-toma-chrysostom	RARE
გუერდისაცა	გუერდისაცა	1	1	1.9	mrav-toma-chrysostom	RARE
განვიშიშუვლებ	განვიშიშუვლებ	1	1	1.9	mrav-toma-chrysostom	RARE
დამდევ	დამდევ	1	1	1.9	mrav-toma-chrysostom	RARE
დავიცევ	დავიცევ	1	1	1.9	mrav-toma-chrysostom	RARE
ძწიან	ძწიან	1	1	1.9	mrav-toma-chrysostom	RARE
თხოვად	თხოვად	1	1	1.9	mrav-toma-chrysostom	RARE
განგიცხადე	განგიცხადე	1	1	1.9	mrav-toma-chrysostom	RARE
ეძიებდი	ეძიებდი	1	1	1.9	mrav-toma-chrysostom	RARE
დასაჯნეს	დასაჯნეს	1	1	1.9	mrav-toma-chrysostom	RARE
სცენ	სცენ	1	1	1.9	mrav-toma-chrysostom	RARE
გამოვიკითხავ	გამოვიკითხავ	1	1	1.9	mrav-toma-chrysostom	RARE
ვეძიებდი	ვეძიებდი	1	1	1.9	mrav-toma-chrysostom	RARE
გამოუსახველი	გამოუსახველი	1	1	1.9	mrav-toma-chrysostom	RARE
გამოსახული	გამოსახული	1	1	1.9	mrav-toma-chrysostom	RARE
განმყოფელი	განმყოფელი	1	1	1.9	mrav-toma-chrysostom	RARE
მოკუდავებასა	მოკუდავებასა	1	1	1.9	mrav-toma-chrysostom	RARE
შეხებული	შეხებული	1	1	1.9	mrav-toma-chrysostom	RARE
გიპყრიან	გიპყრიან	1	1	1.9	mrav-toma-chrysostom	RARE
კაცობრივებითა	კაცობრივებითა	1	1	1.9	mrav-toma-chrysostom	RARE
ჩემებრ	ჩემებრ	1	1	1.9	mrav-toma-chrysostom	RARE
აგიარებ	აგიარებ	1	1	1.9	mrav-toma-chrysostom	RARE
განვჰყოფ	განვჰყოფ	1	1	1.9	mrav-toma-chrysostom	RARE
განგიშორებ	განგიშორებ	1	1	1.9	mrav-toma-chrysostom	RARE
განუშორებელსა	განუშორებელსა	1	1	1.9	mrav-toma-chrysostom	RARE
განგწვალებ	განგწვალებ	1	1	1.9	mrav-toma-chrysostom	RARE
ვღაღადებ	ვღაღადებ	1	1	1.9	mrav-toma-chrysostom	RARE
ურწმუნოებისათა	ურწმუნოებისათა	1	1	1.9	mrav-toma-chrysostom	RARE
ტყუეობისაგან	ტყუეობისაგან	1	1	1.9	mrav-toma-chrysostom	RARE
განათავისუფლენ	განათავისუფლენ	1	1	1.9	mrav-toma-chrysostom	RARE
დასთრგუნე	დასთრგუნე	1	1	1.9	mrav-toma-chrysostom	RARE
დასაჯე	დასაჯე	1	1	1.9	mrav-toma-chrysostom	RARE
უჴრწნელებითა	უხრწნელებითა	1	1	1.9	mrav-toma-chrysostom	RARE
განაქარვე	განაქარვე	1	1	1.9	mrav-toma-chrysostom	RARE
განაახლე	განაახლე	1	1	1.9	mrav-toma-chrysostom	RARE
ჰყვენ	ჰყვენ	1	1	1.9	mrav-toma-chrysostom	RARE
ყოველვე	ყოველვე	1	1	1.9	mrav-toma-chrysostom	RARE
გარდასცვალე	გარდასცვალე	1	1	1.9	mrav-toma-chrysostom	RARE
ჰყვნე	ჰყვნე	1	1	1.9	mrav-toma-chrysostom	RARE
აღსლვადმდე	აღსლვადმდე	1	1	1.9	mrav-toma-chrysostom	RARE
გარდამოვჴედ	გარდამოვხედ	1	1	1.9	mrav-toma-chrysostom	RARE
წყლულებისაჲ	წყლულებისაი	1	1	1.9	mrav-toma-chrysostom	RARE
ვრწმენე	ვრწმენე	1	1	1.9	mrav-toma-chrysostom	RARE
გჳხილავს	გვხილავს	1	1	1.9	mrav-toma-chrysostom	RARE
მიახლებითა	მიახლებითა	1	1	1.9	mrav-toma-chrysostom	RARE
სჭამთ	სჭამთ	1	1	1.9	mrav-toma-chrysostom	RARE
ულეველად	ულეველად	1	1	1.9	mrav-toma-chrysostom	RARE
მჯდობარე	მჯდობარე	1	1	1.9	mrav-toma-chrysostom	RARE
მარჯუენეთა	მარჯუენეთა	1	1	1.9	mrav-toma-chrysostom	RARE
უღირსთასა	უღირსთასა	1	1	1.9	mrav-toma-chrysostom	RARE
უსახურთასა	უსახურთასა	1	1	1.9	mrav-toma-chrysostom	RARE
იტჳრთების	იტვრთების	1	1	1.9	mrav-toma-chrysostom	RARE
მოიღების	მოიღების	1	1	1.9	mrav-toma-chrysostom	RARE
უღირსთაგან	უღირსთაგან	1	1	1.9	mrav-toma-chrysostom	RARE
დასთრგუნავს	დასთრგუნავს	1	1	1.9	mrav-toma-chrysostom	RARE
შეურაცხჰყოფს	შეურაცხჰყოფს	1	1	1.9	mrav-toma-chrysostom	RARE
ჭამეთ	ჭამეთ	1	1	1.9	mrav-toma-chrysostom	RARE
მოყავთ	მოყავთ	1	1	1.9	mrav-toma-chrysostom	RARE
იშუებდით	იშუებდით	1	1	1.9	mrav-toma-chrysostom	RARE
ოუჴდეთ	მოუხდეთ	1	1	1.9	mrav-toma-chrysostom	RARE
განვაშორნეთ	განვაშორნეთ	1	1	1.9	mrav-toma-chrysostom	RARE
შემოსლვად	შემოსლვად	1	1	1.9	mrav-toma-chrysostom	RARE
გიჩნდა	გიჩნდა	1	1	1.9	mrav-toma-chrysostom	RARE
შენითავე	შენითავე	1	1	1.9	mrav-toma-chrysostom	RARE
სასოვებითა	სასოვებითა	1	1	1.9	mrav-toma-chrysostom	RARE
მოვალთ	მოვალთ	1	1	1.9	mrav-toma-chrysostom	RARE
ბრძანებ	ჰბრძანებ	1	1	1.9	mrav-toma-chrysostom	RARE
აღვაღოთ	აღვაღოთ	1	1	1.9	mrav-toma-chrysostom	RARE
მოხჳდე	მოხვდე	1	1	1.9	mrav-toma-chrysostom	RARE
განანათლნე	განანათლნე	1	1	1.9	mrav-toma-chrysostom	RARE
ურწამს	გურწამს	1	1	1.9	mrav-toma-chrysostom	RARE
მორაჲვიდა	მორაივიდა	1	1	1.9	mrav-toma-chrysostom	RARE
განაძე	განაძე	1	1	1.9	mrav-toma-chrysostom	RARE
განიშოვრე	განიშოვრე	1	1	1.9	mrav-toma-chrysostom	RARE
განაგდე	განაგდე	1	1	1.9	mrav-toma-chrysostom	RARE
ცნობითა	ცნობითა	1	1	1.9	mrav-toma-chrysostom	RARE
შეიწყნარენ	შეიწყნარენ	1	1	1.9	mrav-toma-chrysostom	RARE
შენთასა	შენთასა	1	1	1.9	mrav-toma-chrysostom	RARE
დააწესენ	დააწესენ	1	1	1.9	mrav-toma-chrysostom	RARE
გამოვალნ	გამოვალნ	1	1	1.9	mrav-toma-chrysostom	RARE
ესეთითა	ესეთითა	1	1	1.9	mrav-toma-chrysostom	RARE
მოქალაქობითა	მოქალაქობითა	1	1	1.9	mrav-toma-chrysostom	RARE
გეშინოდენ	გეშინოდენ	1	1	1.9	mrav-toma-chrysostom	RARE
იშვენით	იშვენით	1	1	1.9	mrav-toma-chrysostom	RARE
მყვეს	მყვეს	1	1	1.9	mrav-toma-chrysostom	RARE
პავლეცა	პავლეცა	1	1	1.9	mrav-toma-chrysostom	RARE
რბიოდეთ	რბიოდეთ	1	1	1.9	mrav-toma-chrysostom	RARE
დაგაბრკოლნა	დაგაბრკოლნა	1	1	1.9	mrav-toma-chrysostom	RARE
განიძარცუავთ	განიძარცუავთ	1	1	1.9	mrav-toma-chrysostom	RARE
განიძარცოთ	განიძარცოთ	1	1	1.9	mrav-toma-chrysostom	RARE
განძარცუვად	განძარცუვად	1	1	1.9	mrav-toma-chrysostom	RARE
გებდეთ	ჰგებდეთ	1	1	1.9	mrav-toma-chrysostom	RARE
იქმნნეთ	იქმნნეთ	1	1	1.9	mrav-toma-chrysostom	RARE
კურთხეულნო	კურთხეულნო	1	1	1.9	mrav-toma-chrysostom	RARE
ჩემისანო	ჩემისანო	1	1	1.9	mrav-toma-chrysostom	RARE
დაიმკჳდრეთ	დაიმკვდრეთ	1	1	1.9	mrav-toma-chrysostom	RARE
