surface	norm	freq	text_count	pct_texts	texts	category
ჩემდა	ჩემდა	49	15	27.8	cyril-epiphany-homily|inventio-stephani-lucian|mrav-aghdgoma-kyrile|mrav-antipater-bostrensis-1|mrav-enkenia-2|mrav-john-baptist-decollatio-2|mrav-kharbeba-1|mrav-kharbeba-2|mrav-kharbeba-3|mrav-lazare|mrav-natlisgeba-1|mrav-shoba-athanasi|mrav-sinai-fathers-amonios|mrav-toma-chrysostom|proclus-hom-theotokos	REVIEW
ჯუარი	ჯუარი	44	14	25.9	mart-stepane|mrav-aghdgoma-kyrile|mrav-basili-1|mrav-basili-2|mrav-bzoba-severian|mrav-cross-vision|mrav-enkenia-1|mrav-epiphane-mary|mrav-exaltation-cross|mrav-lazare|mrav-martyrs-chrysostom-2|mrav-nails-inventio|mrav-shoba-athanasi|mrav-sulthmofenoba-1	REVIEW
წმიდათა	წმიდათა	40	13	24.1	ephr-markhva|mrav-aghdgoma-kyrile|mrav-aghdgoma-meletios|mrav-bzoba-iohannes|mrav-bzoba-severian|mrav-colophon-makari|mrav-cross-vision|mrav-departed-ephrem|mrav-forty-martyrs|mrav-natlisgeba-1|mrav-sinai-fathers-amonios|mrav-toma-chrysostom|proclus-hom-theotokos	REVIEW
კურთხეულ	კურთხეულ	40	12	22.2	inventio-stephani-lucian|mrav-antipater-bostrensis-1|mrav-bzoba-iohannes|mrav-bzoba-severian|mrav-dormition-1|mrav-dormition-2|mrav-kharbeba-2|mrav-kharbeba-3|mrav-lazare|mrav-sinai-fathers-amonios|mrav-timote-1|proclus-hom-theotokos	REVIEW
იშვა	იშვა	39	11	20.4	chrys-epiphany-homily|mart-stepane|mrav-aghdgoma-kyrile|mrav-antipater-bostrensis-1|mrav-dormition-1|mrav-epiphane-mary|mrav-kharbeba-2|mrav-kharbeba-3|mrav-shoba-athanasi|mrav-timote-1|proclus-hom-theotokos	REVIEW
ეკლესიაჲ	ეკლესიაი	35	12	22.2	chrys-epiphany-homily|mrav-aghdgoma-kyrile|mrav-basili-1|mrav-cross-vision|mrav-enkenia-1|mrav-enkenia-2|mrav-epiphane-mary|mrav-feristsvaleba|mrav-lazare|mrav-martyrs-chrysostom-3|mrav-sinai-fathers-amonios|mrav-timote-1	REVIEW
მათთა	მათთა	35	14	25.9	cyril-epiphany-homily|mrav-antipater-bostrensis-1|mrav-bzoba-iohannes|mrav-bzoba-meletios|mrav-bzoba-severian|mrav-enkenia-1|mrav-forty-martyrs|mrav-john-baptist-decollatio-2|mrav-kharbeba-2|mrav-martyrs-chrysostom|mrav-martyrs-chrysostom-2|mrav-natlisgeba-1|mrav-sinai-fathers-amonios|mrav-sulthmofenoba-2	REVIEW
მასვე	მასვე	34	12	22.2	inventio-stephani-lucian|mart-stepane|mrav-aghdgoma-kyrile|mrav-aghdgoma-meletios|mrav-antipater-bostrensis-1|mrav-bzoba-severian|mrav-chrysostom-jonah|mrav-feristsvaleba|mrav-kharbeba-2|mrav-kharbeba-3|mrav-lazare|mrav-sinai-fathers-amonios	REVIEW
გნებავს	გნებავს	33	13	24.1	cyril-epiphany-homily|inventio-stephani-lucian|mart-stepane|mrav-aghdgoma-kyrile|mrav-chrysostom-jonah|mrav-cross-vision|mrav-enkenia-1|mrav-forty-martyrs|mrav-john-baptist-decollatio|mrav-lazare|mrav-paul-martyrdom|mrav-sinai-fathers-amonios|mrav-toma-chrysostom	REVIEW
ისმინე	ისმინე	28	15	27.8	mart-stepane|mrav-aghdgoma-kyrile|mrav-antipater-bostrensis-1|mrav-basili-2|mrav-bzoba-severian|mrav-chrysostom-jonah|mrav-cross-vision|mrav-departed-ephrem|mrav-enkenia-1|mrav-enkenia-2|mrav-kharbeba-1|mrav-lazare|mrav-natlisgeba-okropiri|mrav-sulthmofenoba-2|mrav-timote-1	REVIEW
რომლისაგან	რომლისაგან	27	13	24.1	mrav-aghdgoma-kyrile|mrav-dormition-1|mrav-dormition-2|mrav-enkenia-1|mrav-epiphane-mary|mrav-forty-martyrs|mrav-john-baptist-decollatio|mrav-john-baptist-decollatio-2|mrav-kharbeba-2|mrav-kharbeba-3|mrav-natlisgeba-1|mrav-shoba-athanasi|mrav-toma-chrysostom	REVIEW
ჰრწმენა	ჰრწმენა	26	15	27.8	inventio-stephani-lucian|mart-iaqob-up-dzma|mart-stepane|mrav-aghdgoma-kyrile|mrav-aghdgoma-meletios|mrav-antipater-bostrensis-1|mrav-basili-2|mrav-cross-vision|mrav-exaltation-cross|mrav-forty-martyrs|mrav-lazare|mrav-paul-martyrdom|mrav-shoba-athanasi|mrav-sinai-fathers-amonios|mrav-timote-1	REVIEW
ჩემ	ჩემ	26	12	22.2	inventio-stephani-lucian|mart-stepane|mrav-aghdgoma-kyrile|mrav-antipater-bostrensis-1|mrav-bzoba-iohannes|mrav-chrysostom-jonah|mrav-enkenia-1|mrav-john-baptist-decollatio-2|mrav-kharbeba-2|mrav-shoba-athanasi|mrav-sinai-fathers-amonios|mrav-timote-1	REVIEW
უბრძანა	უბრძანა	26	12	22.2	cyril-epiphany-homily|mart-stepane|mrav-amaghleba|mrav-basili-1|mrav-basili-2|mrav-chrysostom-jonah|mrav-cross-vision|mrav-john-baptist-decollatio|mrav-kharbeba-2|mrav-martyrs-chrysostom-3|mrav-paul-martyrdom|mrav-peter-martyrdom	REVIEW
ღეს	დღეს	26	7	13.0	chrys-epiphany-homily|mrav-bzoba-iohannes|mrav-dormition-2|mrav-feristsvaleba|mrav-kharbeba-1|mrav-shoba-athanasi|mrav-sulthmofenoba-1	REVIEW
დღისა	დღისა	25	11	20.4	mrav-aghdgoma-kyrile|mrav-basili-1|mrav-bzoba-iohannes|mrav-chrysostom-jonah|mrav-exaltation-cross|mrav-feristsvaleba|mrav-ioane-zosime|mrav-lazare|mrav-sinai-fathers-amonios|mrav-timote-1|mrav-toma-chrysostom	REVIEW
ძისა	ძისა	24	15	27.8	cyril-epiphany-homily|hesych-hypapante-01|mrav-aghdgoma-kyrile|mrav-bzoba-severian|mrav-cross-vision|mrav-dormition-1|mrav-feristsvaleba|mrav-john-baptist-decollatio|mrav-kharbeba-3|mrav-lazare|mrav-martyrs-chrysostom-2|mrav-nails-inventio|mrav-shoba-athanasi|mrav-sulthmofenoba-1|mrav-timote-1	REVIEW
ერსა	ერსა	24	13	24.1	ephr-markhva|mart-stepane|mrav-aghdgoma-meletios|mrav-bzoba-iohannes|mrav-bzoba-severian|mrav-cross-vision|mrav-feristsvaleba|mrav-forty-martyrs|mrav-martyrs-chrysostom|mrav-natlisgeba-okropiri|mrav-paul-martyrdom|mrav-peter-martyrdom|mrav-timote-1	REVIEW
უფლისაჲთა	უფლისაითა	24	7	13.0	mrav-bzoba-iohannes|mrav-bzoba-severian|mrav-dormition-2|mrav-enkenia-1|mrav-ioane-zosime|mrav-lazare|proclus-hom-theotokos	REVIEW
პოვა	პოვა	23	12	22.2	mrav-aghdgoma-kyrile|mrav-antipater-bostrensis-1|mrav-chrysostom-jonah|mrav-enkenia-1|mrav-enkenia-2|mrav-forty-martyrs|mrav-holymonday|mrav-kharbeba-2|mrav-lazare|mrav-paul-martyrdom|mrav-shoba-athanasi|mrav-sinai-fathers-amonios	REVIEW
თქუენდა	თქუენდა	23	10	18.5	mrav-aghdgoma-kyrile|mrav-aghdgoma-meletios|mrav-bzoba-iohannes|mrav-chrysostom-jonah|mrav-cross-vision|mrav-martyrs-chrysostom-3|mrav-paul-martyrdom|mrav-sinai-fathers-amonios|mrav-sulthmofenoba-2|mrav-toma-chrysostom	REVIEW
უფლისაჲ	უფლისაი	23	13	24.1	chrys-epiphany-homily|mart-iaqob-up-dzma|mart-stepane|mrav-aghdgoma-meletios|mrav-antipater-bostrensis-1|mrav-bzoba-iohannes|mrav-chrysostom-jonah|mrav-enkenia-1|mrav-exaltation-cross|mrav-lazare|mrav-natlisgeba-okropiri|mrav-new-sunday|mrav-timote-1	REVIEW
ძმანო	ძმანო	23	15	27.8	cyril-epiphany-homily|ephr-markhva|mrav-bzoba-iohannes|mrav-bzoba-severian|mrav-colophon-makari|mrav-departed-ephrem|mrav-dormition-1|mrav-dormition-2|mrav-exaltation-cross|mrav-martyrs-chrysostom|mrav-paul-martyrdom|mrav-sinai-fathers-amonios|mrav-sulthmofenoba-1|mrav-sulthmofenoba-2|proclus-hom-theotokos	REVIEW
მრქუა	მრქუა	23	7	13.0	cyril-epiphany-homily|inventio-stephani-lucian|mart-stepane|mrav-bzoba-severian|mrav-cross-vision|mrav-natlisgeba-1|proclus-hom-theotokos	REVIEW
ეტყჳს	ეტყვს	22	12	22.2	mrav-aghdgoma-kyrile|mrav-bzoba-severian|mrav-chrysostom-jonah|mrav-dormition-2|mrav-enkenia-2|mrav-feristsvaleba|mrav-john-baptist-decollatio|mrav-lazare|mrav-natlisgeba-1|mrav-sulthmofenoba-2|mrav-timote-1|mrav-toma-chrysostom	REVIEW
იტყჳან	იტყვან	22	10	18.5	mrav-aghdgoma-kyrile|mrav-bzoba-iohannes|mrav-bzoba-severian|mrav-cross-vision|mrav-departed-ephrem|mrav-dormition-2|mrav-epiphane-mary|mrav-feristsvaleba|mrav-shoba-athanasi|mrav-sinai-fathers-amonios	REVIEW
ჰრქუეს	ჰრქუეს	22	7	13.0	mrav-aghdgoma-kyrile|mrav-aghdgoma-meletios|mrav-basili-1|mrav-cross-vision|mrav-enkenia-2|mrav-paul-martyrdom|mrav-sinai-fathers-amonios	REVIEW
ნუცა	ნუცა	22	9	16.7	mrav-aghdgoma-kyrile|mrav-bzoba-severian|mrav-epiphane-mary|mrav-forty-martyrs|mrav-john-baptist-decollatio|mrav-kharbeba-2|mrav-natlisgeba-okropiri|mrav-sulthmofenoba-2|mrav-timote-1	REVIEW
უნდა	უნდა	22	13	24.1	inventio-stephani-lucian|mrav-aghdgoma-meletios|mrav-antipater-bostrensis-1|mrav-bzoba-severian|mrav-chrysostom-jonah|mrav-cross-vision|mrav-departed-ephrem|mrav-dormition-2|mrav-lazare|mrav-natlisgeba-1|mrav-shoba-athanasi|mrav-sinai-fathers-amonios|mrav-sulthmofenoba-1	REVIEW
სოფლისა	სოფლისა	22	12	22.2	cyril-epiphany-homily|mrav-antipater-bostrensis-1|mrav-bzoba-severian|mrav-departed-ephrem|mrav-dormition-2|mrav-enkenia-1|mrav-forty-martyrs|mrav-john-baptist-decollatio-2|mrav-kharbeba-2|mrav-natlisgeba-1|mrav-paul-martyrdom|mrav-sulthmofenoba-1	REVIEW
რომლითა	რომლითა	22	12	22.2	mart-iaqob-up-dzma|mrav-basili-1|mrav-chrysostom-jonah|mrav-dormition-1|mrav-epiphane-mary|mrav-forty-martyrs|mrav-kharbeba-2|mrav-lazare|mrav-nails-inventio|mrav-shoba-athanasi|mrav-toma-chrysostom|proclus-hom-theotokos	REVIEW
ერთსა	ერთსა	21	10	18.5	cyril-epiphany-homily|ephr-markhva|mrav-aghdgoma-kyrile|mrav-bzoba-iohannes|mrav-bzoba-severian|mrav-forty-martyrs|mrav-john-baptist-decollatio|mrav-nails-inventio|mrav-natlisgeba-1|mrav-sinai-fathers-amonios	REVIEW
იქმნების	იქმნების	21	12	22.2	chrys-epiphany-homily|mrav-chrysostom-jonah|mrav-dormition-1|mrav-dormition-2|mrav-exaltation-cross|mrav-feristsvaleba|mrav-john-baptist-decollatio|mrav-kharbeba-3|mrav-natlisgeba-1|mrav-paul-martyrdom|mrav-toma-chrysostom|proclus-hom-theotokos	REVIEW
მათითა	მათითა	20	10	18.5	mrav-aghdgoma-kyrile|mrav-amaghleba|mrav-bzoba-meletios|mrav-enkenia-1|mrav-epiphane-mary|mrav-martyrs-chrysostom|mrav-martyrs-chrysostom-2|mrav-shoba-athanasi|mrav-sinai-fathers-amonios|mrav-toma-chrysostom	REVIEW
ვიხილე	ვიხილე	20	10	18.5	inventio-stephani-lucian|mart-stepane|mrav-aghdgoma-kyrile|mrav-dormition-1|mrav-enkenia-2|mrav-feristsvaleba|mrav-lazare|mrav-sinai-fathers-amonios|mrav-timote-1|mrav-toma-chrysostom	REVIEW
ყვეს	ყვეს	20	13	24.1	inventio-stephani-lucian|mart-iaqob-up-dzma|mart-stepane|mrav-aghdgoma-meletios|mrav-basili-1|mrav-bzoba-meletios|mrav-colophon-makari|mrav-cross-vision|mrav-epiphane-mary|mrav-forty-martyrs|mrav-martyrs-chrysostom|mrav-natlisgeba-1|mrav-sinai-fathers-amonios	REVIEW
ქალწულისაგან	ქალწულისაგან	20	8	14.8	cyril-epiphany-homily|mrav-amaghleba|mrav-dormition-1|mrav-kharbeba-1|mrav-kharbeba-2|mrav-shoba-athanasi|mrav-timote-1|proclus-hom-theotokos	REVIEW
ჴმითა	ხმითა	20	13	24.1	cyril-epiphany-homily|mrav-basili-2|mrav-bzoba-iohannes|mrav-bzoba-meletios|mrav-cross-vision|mrav-departed-ephrem|mrav-enkenia-2|mrav-exaltation-cross|mrav-feristsvaleba|mrav-forty-martyrs|mrav-john-baptist-decollatio|mrav-paul-martyrdom|mrav-sinai-fathers-amonios	REVIEW
იდვა	იდვა	19	12	22.2	mrav-aghdgoma-kyrile|mrav-antipater-bostrensis-1|mrav-bzoba-iohannes|mrav-cross-vision|mrav-epiphane-mary|mrav-forty-martyrs|mrav-kharbeba-2|mrav-kharbeba-3|mrav-natlisgeba-1|mrav-shoba-athanasi|mrav-sinai-fathers-amonios|mrav-toma-chrysostom	REVIEW
ვიხილეთ	ვიხილეთ	19	12	22.2	hesych-hypapante-01|mrav-aghdgoma-kyrile|mrav-aghdgoma-meletios|mrav-dormition-1|mrav-dormition-2|mrav-enkenia-2|mrav-kharbeba-3|mrav-new-sunday|mrav-paul-martyrdom|mrav-shoba-athanasi|mrav-sinai-fathers-amonios|mrav-toma-chrysostom	REVIEW
თქუეს	თქუეს	19	9	16.7	mart-iaqob-up-dzma|mart-stepane|mrav-aghdgoma-kyrile|mrav-cross-vision|mrav-departed-ephrem|mrav-enkenia-1|mrav-epiphane-mary|mrav-sinai-fathers-amonios|mrav-sulthmofenoba-2	REVIEW
მათა	მათა	19	11	20.4	ephr-markhva|mrav-aghdgoma-kyrile|mrav-aghdgoma-meletios|mrav-enkenia-2|mrav-exaltation-cross|mrav-forty-martyrs|mrav-kharbeba-1|mrav-martyrs-chrysostom|mrav-sinai-fathers-amonios|mrav-sulthmofenoba-2|mrav-toma-chrysostom	REVIEW
რომელნიმე	რომელნიმე	19	10	18.5	ephr-markhva|mart-iaqob-up-dzma|mart-stepane|mrav-aghdgoma-kyrile|mrav-bzoba-meletios|mrav-bzoba-severian|mrav-exaltation-cross|mrav-forty-martyrs|mrav-kharbeba-1|mrav-sinai-fathers-amonios	REVIEW
ჯუარისა	ჯუარისა	19	4	7.4	inventio-stephani-lucian|mrav-cross-vision|mrav-exaltation-cross|mrav-nails-inventio	REVIEW
შვა	შვა	19	6	11.1	mrav-dormition-2|mrav-epiphane-mary|mrav-kharbeba-1|mrav-kharbeba-2|mrav-lazare|mrav-shoba-athanasi	REVIEW
სახლი	სახლი	19	11	20.4	cyril-epiphany-homily|hesych-hypapante-01|mrav-dormition-2|mrav-enkenia-2|mrav-feristsvaleba|mrav-john-baptist-decollatio|mrav-kharbeba-3|mrav-lazare|mrav-shoba-athanasi|mrav-sulthmofenoba-2|mrav-timote-1	REVIEW
წმიდითა	წმიდითა	18	11	20.4	cyril-epiphany-homily|mrav-aghdgoma-kyrile|mrav-basili-2|mrav-bzoba-meletios|mrav-dormition-1|mrav-exaltation-cross|mrav-kharbeba-2|mrav-kharbeba-3|mrav-martyrs-chrysostom-2|mrav-paul-martyrdom|mrav-sulthmofenoba-2	REVIEW
გონებითა	გონებითა	18	13	24.1	mrav-aghdgoma-kyrile|mrav-amaghleba|mrav-bzoba-iohannes|mrav-chrysostom-jonah|mrav-cross-vision|mrav-epiphane-mary|mrav-forty-martyrs|mrav-john-baptist-decollatio|mrav-kharbeba-1|mrav-kharbeba-2|mrav-martyrs-chrysostom-3|mrav-timote-1|mrav-toma-chrysostom	REVIEW
იცის	იცის	18	12	22.2	cyril-epiphany-homily|mrav-aghdgoma-kyrile|mrav-antipater-bostrensis-1|mrav-cross-vision|mrav-epiphane-mary|mrav-forty-martyrs|mrav-john-baptist-decollatio-2|mrav-kharbeba-2|mrav-sinai-fathers-amonios|mrav-sulthmofenoba-2|mrav-toma-chrysostom|proclus-hom-theotokos	REVIEW
სიტყუად	სიტყუად	18	13	24.1	cyril-epiphany-homily|mrav-aghdgoma-kyrile|mrav-antipater-bostrensis-1|mrav-bzoba-severian|mrav-chrysostom-jonah|mrav-enkenia-1|mrav-feristsvaleba|mrav-forty-martyrs|mrav-sinai-fathers-amonios|mrav-sulthmofenoba-1|mrav-sulthmofenoba-2|mrav-toma-chrysostom|proclus-hom-theotokos	REVIEW
სახლსა	სახლსა	18	11	20.4	inventio-stephani-lucian|mrav-aghdgoma-kyrile|mrav-antipater-bostrensis-1|mrav-basili-1|mrav-chrysostom-jonah|mrav-feristsvaleba|mrav-john-baptist-decollatio|mrav-kharbeba-2|mrav-lazare|mrav-sulthmofenoba-1|mrav-timote-1	REVIEW
იგივე	იგივე	18	10	18.5	cyril-epiphany-homily|hesych-hypapante-01|inventio-stephani-lucian|mrav-aghdgoma-kyrile|mrav-feristsvaleba|mrav-john-baptist-decollatio|mrav-lazare|mrav-natlisgeba-1|mrav-paul-martyrdom|proclus-hom-theotokos	REVIEW
თქუენნი	თქუენნი	18	11	20.4	ephr-markhva|mrav-aghdgoma-kyrile|mrav-bzoba-iohannes|mrav-bzoba-meletios|mrav-cross-vision|mrav-exaltation-cross|mrav-lazare|mrav-sulthmofenoba-1|mrav-sulthmofenoba-2|mrav-timote-1|mrav-toma-chrysostom	REVIEW
ერისა	ერისა	18	13	24.1	cyril-epiphany-homily|hesych-hypapante-01|inventio-stephani-lucian|mart-iaqob-up-dzma|mart-stepane|mrav-antipater-bostrensis-1|mrav-bzoba-iohannes|mrav-dormition-1|mrav-forty-martyrs|mrav-kharbeba-2|mrav-lazare|mrav-paul-martyrdom|mrav-sinai-fathers-amonios	REVIEW
ღმრთისაჲთა	ღმრთისაითა	18	10	18.5	mrav-basili-2|mrav-bzoba-severian|mrav-departed-ephrem|mrav-enkenia-2|mrav-epiphane-mary|mrav-lazare|mrav-nails-inventio|mrav-paul-martyrdom|mrav-peter-martyrdom|mrav-shoba-athanasi	REVIEW
ორნი	ორნი	18	8	14.8	hesych-hypapante-01|inventio-stephani-lucian|mrav-bzoba-severian|mrav-cross-vision|mrav-ioane-zosime|mrav-paul-martyrdom|mrav-sinai-fathers-amonios|mrav-toma-chrysostom	REVIEW
წმიდაო	წმიდაო	18	2	3.7	mrav-dormition-1|mrav-dormition-2	REVIEW
იღო	იღო	18	12	22.2	chrys-epiphany-homily|cyril-epiphany-homily|inventio-stephani-lucian|mrav-dormition-2|mrav-epiphane-mary|mrav-forty-martyrs|mrav-kharbeba-1|mrav-kharbeba-3|mrav-lazare|mrav-natlisgeba-1|mrav-new-sunday|mrav-shoba-athanasi	REVIEW
მათისა	მათისა	17	10	18.5	mrav-aghdgoma-kyrile|mrav-enkenia-1|mrav-epiphane-mary|mrav-forty-martyrs|mrav-martyrs-chrysostom-2|mrav-martyrs-chrysostom-3|mrav-natlisgeba-okropiri|mrav-shoba-athanasi|mrav-sinai-fathers-amonios|proclus-hom-theotokos	REVIEW
იცოდა	იცოდა	17	12	22.2	chrys-epiphany-homily|cyril-epiphany-homily|inventio-stephani-lucian|mrav-aghdgoma-kyrile|mrav-antipater-bostrensis-1|mrav-chrysostom-jonah|mrav-cross-vision|mrav-dormition-2|mrav-exaltation-cross|mrav-feristsvaleba|mrav-lazare|mrav-shoba-athanasi	REVIEW
მაცხოვრისა	მაცხოვრისა	17	6	11.1	inventio-stephani-lucian|mrav-aghdgoma-kyrile|mrav-antipater-bostrensis-1|mrav-bzoba-iohannes|mrav-kharbeba-2|mrav-toma-chrysostom	REVIEW
იყავნ	იყავნ	17	14	25.9	cyril-epiphany-homily|inventio-stephani-lucian|mart-stepane|mrav-aghdgoma-kyrile|mrav-basili-1|mrav-epiphane-mary|mrav-exaltation-cross|mrav-feristsvaleba|mrav-forty-martyrs|mrav-john-baptist-decollatio-2|mrav-kharbeba-2|mrav-natlisgeba-okropiri|mrav-new-sunday|mrav-sulthmofenoba-2	REVIEW
ბჭენი	ბჭენი	17	8	14.8	mrav-aghdgoma-kyrile|mrav-amaghleba|mrav-basili-1|mrav-enkenia-1|mrav-epiphane-mary|mrav-feristsvaleba|mrav-forty-martyrs|mrav-lazare	REVIEW
დგა	დგა	17	14	25.9	inventio-stephani-lucian|mart-stepane|mrav-aghdgoma-meletios|mrav-antipater-bostrensis-1|mrav-basili-2|mrav-chrysostom-jonah|mrav-enkenia-2|mrav-epiphane-mary|mrav-forty-martyrs|mrav-martyrs-chrysostom|mrav-natlisgeba-1|mrav-new-sunday|mrav-paul-martyrdom|mrav-sinai-fathers-amonios	REVIEW
ისმინეთ	ისმინეთ	17	10	18.5	mrav-bzoba-iohannes|mrav-cross-vision|mrav-dormition-1|mrav-enkenia-1|mrav-feristsvaleba|mrav-john-baptist-decollatio|mrav-lazare|mrav-natlisgeba-1|mrav-sinai-fathers-amonios|mrav-timote-1	REVIEW
ჯუარსა	ჯუარსა	17	9	16.7	hesych-hypapante-01|mrav-bzoba-iohannes|mrav-cross-vision|mrav-enkenia-1|mrav-epiphane-mary|mrav-exaltation-cross|mrav-martyrs-chrysostom-2|mrav-nails-inventio|mrav-toma-chrysostom	REVIEW
სჳმეონ	სვმეონ	17	3	5.6	hesych-hypapante-01|mrav-dormition-1|mrav-timote-1	REVIEW
ლოცვითა	ლოცვითა	17	12	22.2	hesych-hypapante-01|inventio-stephani-lucian|mart-iaqob-up-dzma|mrav-chrysostom-jonah|mrav-feristsvaleba|mrav-john-baptist-decollatio-2|mrav-lazare|mrav-martyrs-chrysostom-2|mrav-martyrs-chrysostom-3|mrav-nails-inventio|mrav-sinai-fathers-amonios|mrav-toma-chrysostom	REVIEW
სმენად	სმენად	16	13	24.1	cyril-epiphany-homily|inventio-stephani-lucian|mrav-aghdgoma-kyrile|mrav-antipater-bostrensis-1|mrav-chrysostom-jonah|mrav-departed-ephrem|mrav-epiphane-mary|mrav-john-baptist-decollatio|mrav-kharbeba-1|mrav-kharbeba-2|mrav-kharbeba-3|mrav-martyrs-chrysostom-2|mrav-sinai-fathers-amonios	REVIEW
კლდესა	კლდესა	16	5	9.3	cyril-epiphany-homily|mrav-aghdgoma-kyrile|mrav-enkenia-1|mrav-epiphane-mary|mrav-feristsvaleba	REVIEW
რომლისათჳს	რომლისათვს	16	11	20.4	mrav-aghdgoma-kyrile|mrav-bzoba-severian|mrav-dormition-1|mrav-dormition-2|mrav-epiphane-mary|mrav-feristsvaleba|mrav-kharbeba-1|mrav-martyrs-chrysostom-2|mrav-natlisgeba-1|mrav-sinai-fathers-amonios|mrav-toma-chrysostom	REVIEW
იხილეთ	იხილეთ	16	9	16.7	mrav-aghdgoma-kyrile|mrav-aghdgoma-meletios|mrav-bzoba-iohannes|mrav-enkenia-1|mrav-enkenia-2|mrav-martyrs-chrysostom|mrav-shoba-athanasi|mrav-toma-chrysostom|proclus-hom-theotokos	REVIEW
სარწმუნოებით	სარწმუნოებით	16	12	22.2	cyril-epiphany-homily|ephr-markhva|hesych-hypapante-01|mrav-aghdgoma-kyrile|mrav-bzoba-iohannes|mrav-bzoba-meletios|mrav-departed-ephrem|mrav-enkenia-1|mrav-epiphane-mary|mrav-john-baptist-decollatio|mrav-kharbeba-2|mrav-kharbeba-3	REVIEW
იგიცა	იგიცა	16	14	25.9	hesych-hypapante-01|inventio-stephani-lucian|mrav-aghdgoma-kyrile|mrav-bzoba-iohannes|mrav-chrysostom-jonah|mrav-cross-vision|mrav-dormition-2|mrav-enkenia-2|mrav-kharbeba-3|mrav-lazare|mrav-martyrs-chrysostom-2|mrav-natlisgeba-okropiri|mrav-shoba-athanasi|mrav-sinai-fathers-amonios	REVIEW
წმიდანი	წმიდანი	16	8	14.8	chrys-epiphany-homily|mrav-aghdgoma-kyrile|mrav-enkenia-1|mrav-enkenia-2|mrav-epiphane-mary|mrav-forty-martyrs|mrav-martyrs-chrysostom-2|mrav-sinai-fathers-amonios	REVIEW
ყოველნივე	ყოველნივე	16	14	25.9	inventio-stephani-lucian|mrav-aghdgoma-kyrile|mrav-bound-ioane-zosime|mrav-bzoba-severian|mrav-enkenia-1|mrav-enkenia-2|mrav-exaltation-cross|mrav-forty-martyrs|mrav-kharbeba-2|mrav-martyrs-chrysostom-3|mrav-natlisgeba-okropiri|mrav-new-sunday|mrav-paul-martyrdom|mrav-toma-chrysostom	REVIEW
იწყო	იწყო	16	10	18.5	cyril-epiphany-homily|mrav-aghdgoma-kyrile|mrav-aghdgoma-meletios|mrav-antipater-bostrensis-1|mrav-cross-vision|mrav-feristsvaleba|mrav-lazare|mrav-peter-martyrdom|mrav-sinai-fathers-amonios|mrav-sulthmofenoba-2	REVIEW
უფროჲსღა	უფროისღა	16	11	20.4	inventio-stephani-lucian|mart-stepane|mrav-aghdgoma-kyrile|mrav-bzoba-meletios|mrav-chrysostom-jonah|mrav-epiphane-mary|mrav-feristsvaleba|mrav-forty-martyrs|mrav-john-baptist-decollatio|mrav-sinai-fathers-amonios|proclus-hom-theotokos	REVIEW
ვთქუა	ვთქუა	16	8	14.8	mrav-antipater-bostrensis-1|mrav-bzoba-iohannes|mrav-bzoba-severian|mrav-enkenia-1|mrav-enkenia-2|mrav-feristsvaleba|mrav-kharbeba-2|mrav-shoba-athanasi	REVIEW
ისრაელისაჲ	ისრაელისაი	16	9	16.7	cyril-epiphany-homily|mart-iaqob-up-dzma|mrav-antipater-bostrensis-1|mrav-bzoba-iohannes|mrav-bzoba-severian|mrav-feristsvaleba|mrav-lazare|mrav-shoba-athanasi|mrav-timote-1	REVIEW
კაცთაჲ	კაცთაი	16	10	18.5	cyril-epiphany-homily|mrav-bzoba-severian|mrav-cross-vision|mrav-departed-ephrem|mrav-dormition-1|mrav-dormition-2|mrav-enkenia-2|mrav-exaltation-cross|mrav-forty-martyrs|mrav-toma-chrysostom	REVIEW
მესამესა	მესამესა	15	9	16.7	hesych-hypapante-01|inventio-stephani-lucian|mrav-aghdgoma-kyrile|mrav-bzoba-iohannes|mrav-chrysostom-jonah|mrav-cross-vision|mrav-sinai-fathers-amonios|mrav-timote-1|mrav-toma-chrysostom	REVIEW
სახელ	სახელ	15	9	16.7	cyril-epiphany-homily|mart-stepane|mrav-aghdgoma-kyrile|mrav-bzoba-meletios|mrav-bzoba-severian|mrav-epiphane-mary|mrav-exaltation-cross|mrav-forty-martyrs|mrav-shoba-athanasi	REVIEW
ჰურიანი	ჰურიანი	15	12	22.2	hesych-hypapante-01|mart-iaqob-up-dzma|mrav-aghdgoma-kyrile|mrav-aghdgoma-meletios|mrav-bzoba-iohannes|mrav-bzoba-meletios|mrav-bzoba-severian|mrav-cross-vision|mrav-exaltation-cross|mrav-lazare|mrav-nails-inventio|mrav-shoba-athanasi	REVIEW
სხუად	სხუად	15	7	13.0	mrav-antipater-bostrensis-1|mrav-bzoba-severian|mrav-epiphane-mary|mrav-exaltation-cross|mrav-forty-martyrs|mrav-lazare|mrav-shoba-athanasi	REVIEW
იპოვა	იპოვა	15	10	18.5	chrys-epiphany-homily|mart-stepane|mrav-antipater-bostrensis-1|mrav-cross-vision|mrav-enkenia-2|mrav-feristsvaleba|mrav-kharbeba-1|mrav-kharbeba-3|mrav-nails-inventio|mrav-timote-1	REVIEW
მათისაჲ	მათისაი	15	10	18.5	ephr-markhva|mrav-chrysostom-jonah|mrav-departed-ephrem|mrav-enkenia-1|mrav-enkenia-2|mrav-forty-martyrs|mrav-john-baptist-decollatio|mrav-martyrs-chrysostom|mrav-martyrs-chrysostom-2|mrav-sinai-fathers-amonios	REVIEW
ნუმცა	ნუმცა	15	9	16.7	mrav-chrysostom-jonah|mrav-departed-ephrem|mrav-enkenia-2|mrav-epiphane-mary|mrav-exaltation-cross|mrav-forty-martyrs|mrav-natlisgeba-okropiri|mrav-paul-martyrdom|mrav-sulthmofenoba-1	REVIEW
ეკლესიასა	ეკლესიასა	15	10	18.5	chrys-epiphany-homily|mrav-enkenia-1|mrav-enkenia-2|mrav-epiphane-mary|mrav-exaltation-cross|mrav-feristsvaleba|mrav-lazare|mrav-new-sunday|mrav-shoba-athanasi|mrav-sinai-fathers-amonios	REVIEW
ვიცი	ვიცი	14	10	18.5	mrav-aghdgoma-kyrile|mrav-antipater-bostrensis-1|mrav-cross-vision|mrav-epiphane-mary|mrav-feristsvaleba|mrav-kharbeba-1|mrav-natlisgeba-1|mrav-shoba-athanasi|mrav-sinai-fathers-amonios|mrav-toma-chrysostom	REVIEW
სიტყჳსა	სიტყვსა	14	12	22.2	cyril-epiphany-homily|ephr-markhva|hesych-hypapante-01|mrav-aghdgoma-kyrile|mrav-chrysostom-jonah|mrav-cross-vision|mrav-departed-ephrem|mrav-enkenia-1|mrav-forty-martyrs|mrav-kharbeba-1|mrav-timote-1|mrav-toma-chrysostom	REVIEW
ღაღატ	ღაღატ	14	12	22.2	mrav-aghdgoma-kyrile|mrav-amaghleba|mrav-antipater-bostrensis-1|mrav-basili-1|mrav-basili-2|mrav-cross-vision|mrav-enkenia-1|mrav-enkenia-2|mrav-kharbeba-1|mrav-kharbeba-2|mrav-lazare|proclus-hom-theotokos	REVIEW
თქუენთა	თქუენთა	14	12	22.2	cyril-epiphany-homily|ephr-markhva|mrav-aghdgoma-kyrile|mrav-aghdgoma-meletios|mrav-bzoba-iohannes|mrav-colophon-makari|mrav-departed-ephrem|mrav-enkenia-2|mrav-feristsvaleba|mrav-kharbeba-2|mrav-martyrs-chrysostom-2|mrav-toma-chrysostom	REVIEW
იესუს	იესუს	14	10	18.5	inventio-stephani-lucian|mrav-aghdgoma-kyrile|mrav-bzoba-iohannes|mrav-bzoba-severian|mrav-feristsvaleba|mrav-john-baptist-decollatio|mrav-lazare|mrav-natlisgeba-1|mrav-timote-1|proclus-hom-theotokos	REVIEW
მაგას	მაგას	14	11	20.4	mart-stepane|mrav-aghdgoma-kyrile|mrav-bzoba-severian|mrav-chrysostom-jonah|mrav-enkenia-1|mrav-forty-martyrs|mrav-kharbeba-1|mrav-lazare|mrav-martyrs-chrysostom-2|mrav-timote-1|mrav-toma-chrysostom	REVIEW
ღმრთისასა	ღმრთისასა	14	12	22.2	cyril-epiphany-homily|mrav-aghdgoma-kyrile|mrav-antipater-bostrensis-1|mrav-bzoba-iohannes|mrav-bzoba-severian|mrav-cross-vision|mrav-exaltation-cross|mrav-john-baptist-decollatio-2|mrav-kharbeba-1|mrav-kharbeba-2|mrav-natlisgeba-1|mrav-paul-martyrdom	REVIEW
დიდებითა	დიდებითა	14	10	18.5	ephr-markhva|mrav-amaghleba|mrav-bzoba-iohannes|mrav-bzoba-severian|mrav-cross-vision|mrav-feristsvaleba|mrav-kharbeba-2|mrav-martyrs-chrysostom|mrav-paul-martyrdom|mrav-sulthmofenoba-1	REVIEW
მნებავს	მნებავს	14	8	14.8	mrav-antipater-bostrensis-1|mrav-cross-vision|mrav-feristsvaleba|mrav-holymonday|mrav-kharbeba-3|mrav-natlisgeba-1|mrav-shoba-athanasi|mrav-toma-chrysostom	REVIEW
ვთქუ	ვთქუ	14	10	18.5	inventio-stephani-lucian|mrav-antipater-bostrensis-1|mrav-bzoba-iohannes|mrav-bzoba-severian|mrav-cross-vision|mrav-dormition-1|mrav-enkenia-2|mrav-exaltation-cross|mrav-feristsvaleba|mrav-sinai-fathers-amonios	REVIEW
ყავთ	ყავთ	14	12	22.2	cyril-epiphany-homily|mart-stepane|mrav-bound-ioane-zosime|mrav-bzoba-severian|mrav-chrysostom-jonah|mrav-cross-vision|mrav-enkenia-1|mrav-feristsvaleba|mrav-ioane-zosime|mrav-john-baptist-decollatio-2|mrav-martyrs-chrysostom-2|mrav-peter-martyrdom	REVIEW
წინავე	წინავე	14	7	13.0	cyril-epiphany-homily|mrav-bzoba-iohannes|mrav-kharbeba-1|mrav-kharbeba-2|mrav-kharbeba-3|mrav-lazare|mrav-timote-1	REVIEW
სოფლად	სოფლად	14	8	14.8	mrav-bzoba-iohannes|mrav-departed-ephrem|mrav-enkenia-1|mrav-feristsvaleba|mrav-forty-martyrs|mrav-kharbeba-2|mrav-kharbeba-3|mrav-shoba-athanasi	REVIEW
ღმრთეებისა	ღმრთეებისა	14	8	14.8	mrav-bzoba-severian|mrav-dormition-2|mrav-kharbeba-3|mrav-lazare|mrav-martyrs-chrysostom|mrav-natlisgeba-1|mrav-timote-1|mrav-toma-chrysostom	REVIEW
მათგანი	მათგანი	13	5	9.3	mart-iaqob-up-dzma|mrav-aghdgoma-kyrile|mrav-chrysostom-jonah|mrav-forty-martyrs|mrav-sinai-fathers-amonios	REVIEW
გესმა	გესმა	13	9	16.7	mrav-aghdgoma-kyrile|mrav-aghdgoma-meletios|mrav-antipater-bostrensis-1|mrav-bzoba-iohannes|mrav-cross-vision|mrav-kharbeba-1|mrav-kharbeba-3|mrav-lazare|mrav-timote-1	REVIEW
ყოველთავე	ყოველთავე	13	9	16.7	mrav-aghdgoma-kyrile|mrav-aghdgoma-meletios|mrav-bzoba-severian|mrav-cross-vision|mrav-enkenia-1|mrav-forty-martyrs|mrav-kharbeba-2|mrav-kharbeba-3|mrav-sulthmofenoba-2	REVIEW
წმიდისაჲთა	წმიდისაითა	13	11	20.4	cyril-epiphany-homily|mrav-aghdgoma-kyrile|mrav-colophon-makari|mrav-enkenia-1|mrav-feristsvaleba|mrav-kharbeba-3|mrav-natlisgeba-1|mrav-peter-martyrdom|mrav-shoba-athanasi|mrav-sulthmofenoba-1|mrav-timote-1	REVIEW
საუკუნეთა	საუკუნეთა	13	6	11.1	mrav-aghdgoma-kyrile|mrav-bzoba-severian|mrav-departed-ephrem|mrav-kharbeba-2|mrav-kharbeba-3|mrav-shoba-athanasi	REVIEW
ყვნა	ყვნა	13	7	13.0	mrav-aghdgoma-meletios|mrav-antipater-bostrensis-1|mrav-martyrs-chrysostom|mrav-nails-inventio|mrav-shoba-athanasi|mrav-sinai-fathers-amonios|mrav-sulthmofenoba-1	REVIEW
მამისაჲ	მამისაი	13	8	14.8	cyril-epiphany-homily|ephr-markhva|hesych-hypapante-01|mrav-amaghleba|mrav-bzoba-iohannes|mrav-bzoba-severian|mrav-feristsvaleba|proclus-hom-theotokos	REVIEW
წმიდისაჲ	წმიდისაი	13	10	18.5	hesych-hypapante-01|mrav-amaghleba|mrav-bzoba-iohannes|mrav-bzoba-severian|mrav-enkenia-1|mrav-exaltation-cross|mrav-kharbeba-3|mrav-sulthmofenoba-2|mrav-timote-1|proclus-hom-theotokos	REVIEW
ერქუა	ერქუა	13	9	16.7	inventio-stephani-lucian|mart-iaqob-up-dzma|mart-stepane|mrav-antipater-bostrensis-1|mrav-enkenia-2|mrav-paul-martyrdom|mrav-sinai-fathers-amonios|mrav-toma-chrysostom|proclus-hom-theotokos	REVIEW
იხარებს	იხარებს	13	7	13.0	chrys-epiphany-homily|mrav-bzoba-iohannes|mrav-dormition-1|mrav-feristsvaleba|mrav-kharbeba-1|mrav-kharbeba-2|mrav-kharbeba-3	REVIEW
ვადიდებდეთ	ვადიდებდეთ	13	13	24.1	mrav-bzoba-iohannes|mrav-bzoba-meletios|mrav-bzoba-severian|mrav-epiphane-mary|mrav-kharbeba-1|mrav-kharbeba-2|mrav-kharbeba-3|mrav-lazare|mrav-natlisgeba-1|mrav-new-sunday|mrav-sinai-fathers-amonios|mrav-sulthmofenoba-2|mrav-toma-chrysostom	REVIEW
სარწმუნოებითა	სარწმუნოებითა	13	10	18.5	cyril-epiphany-homily|mrav-bzoba-iohannes|mrav-enkenia-1|mrav-epiphane-mary|mrav-exaltation-cross|mrav-feristsvaleba|mrav-forty-martyrs|mrav-nails-inventio|mrav-timote-1|mrav-toma-chrysostom	REVIEW
ღმრთისაგან	ღმრთისაგან	13	10	18.5	mrav-bzoba-iohannes|mrav-enkenia-2|mrav-feristsvaleba|mrav-forty-martyrs|mrav-john-baptist-decollatio-2|mrav-kharbeba-1|mrav-kharbeba-3|mrav-lazare|mrav-sinai-fathers-amonios|mrav-sulthmofenoba-1	REVIEW
სოფლისაჲ	სოფლისაი	13	11	20.4	cyril-epiphany-homily|mrav-bzoba-severian|mrav-chrysostom-jonah|mrav-cross-vision|mrav-dormition-2|mrav-enkenia-1|mrav-exaltation-cross|mrav-feristsvaleba|mrav-new-sunday|mrav-paul-martyrdom|mrav-sinai-fathers-amonios	REVIEW
ჯუარისაგან	ჯუარისაგან	13	1	1.9	mrav-exaltation-cross	REVIEW
პოვეს	პოვეს	12	6	11.1	mart-stepane|mrav-aghdgoma-kyrile|mrav-cross-vision|mrav-paul-martyrdom|mrav-sinai-fathers-amonios|mrav-timote-1	REVIEW
ჰრქჳან	ჰრქვან	12	8	14.8	inventio-stephani-lucian|mart-stepane|mrav-aghdgoma-kyrile|mrav-cross-vision|mrav-dormition-1|mrav-ioane-zosime|mrav-kharbeba-1|mrav-sinai-fathers-amonios	REVIEW
ეკლესიათა	ეკლესიათა	12	8	14.8	mrav-aghdgoma-kyrile|mrav-antipater-bostrensis-1|mrav-chrysostom-jonah|mrav-enkenia-1|mrav-enkenia-2|mrav-kharbeba-3|mrav-natlisgeba-1|mrav-sulthmofenoba-1	REVIEW
საქმესა	საქმესა	12	8	14.8	cyril-epiphany-homily|inventio-stephani-lucian|mrav-aghdgoma-kyrile|mrav-bzoba-severian|mrav-cross-vision|mrav-john-baptist-decollatio|mrav-paul-martyrdom|mrav-sinai-fathers-amonios	REVIEW
გეშინინ	გეშინინ	12	8	14.8	mart-stepane|mrav-aghdgoma-kyrile|mrav-antipater-bostrensis-1|mrav-kharbeba-1|mrav-kharbeba-2|mrav-kharbeba-3|mrav-shoba-athanasi|mrav-sulthmofenoba-2	REVIEW
საქმეთა	საქმეთა	12	9	16.7	cyril-epiphany-homily|mart-iaqob-up-dzma|mrav-aghdgoma-kyrile|mrav-basili-2|mrav-bzoba-meletios|mrav-john-baptist-decollatio-2|mrav-kharbeba-2|mrav-lazare|mrav-sinai-fathers-amonios	REVIEW
კაცისაჲ	კაცისაი	12	8	14.8	mrav-aghdgoma-kyrile|mrav-bzoba-severian|mrav-chrysostom-jonah|mrav-feristsvaleba|mrav-kharbeba-2|mrav-lazare|mrav-timote-1|proclus-hom-theotokos	REVIEW
ქრისტჱსსა	ქრისტესსა	12	10	18.5	ephr-markhva|mart-stepane|mrav-aghdgoma-kyrile|mrav-aghdgoma-meletios|mrav-cross-vision|mrav-enkenia-2|mrav-kharbeba-2|mrav-lazare|mrav-paul-martyrdom|mrav-sinai-fathers-amonios	REVIEW
ძესა	ძესა	12	10	18.5	ephr-markhva|hesych-hypapante-01|mrav-aghdgoma-kyrile|mrav-bzoba-iohannes|mrav-bzoba-severian|mrav-epiphane-mary|mrav-martyrs-chrysostom-2|mrav-natlisgeba-1|mrav-sinai-fathers-amonios|mrav-sulthmofenoba-2	REVIEW
მაგათ	მაგათ	12	7	13.0	mrav-aghdgoma-meletios|mrav-bzoba-iohannes|mrav-bzoba-meletios|mrav-cross-vision|mrav-departed-ephrem|mrav-lazare|mrav-martyrs-chrysostom-2	REVIEW
ყოს	ყოს	12	8	14.8	cyril-epiphany-homily|mrav-aghdgoma-meletios|mrav-basili-1|mrav-chrysostom-jonah|mrav-epiphane-mary|mrav-feristsvaleba|mrav-kharbeba-3|mrav-toma-chrysostom	REVIEW
ჩემთჳს	ჩემთვს	12	8	14.8	inventio-stephani-lucian|mart-stepane|mrav-aghdgoma-meletios|mrav-cross-vision|mrav-feristsvaleba|mrav-sulthmofenoba-2|mrav-timote-1|mrav-toma-chrysostom	REVIEW
დედისა	დედისა	12	6	11.1	mart-iaqob-up-dzma|mrav-antipater-bostrensis-1|mrav-dormition-1|mrav-dormition-2|mrav-forty-martyrs|mrav-john-baptist-decollatio	REVIEW
დედაკაცისაგან	დედაკაცისაგან	12	8	14.8	mart-stepane|mrav-antipater-bostrensis-1|mrav-epiphane-mary|mrav-john-baptist-decollatio-2|mrav-kharbeba-2|mrav-kharbeba-3|mrav-shoba-athanasi|proclus-hom-theotokos	REVIEW
ცხორებისა	ცხორებისა	12	7	13.0	mrav-antipater-bostrensis-1|mrav-dormition-1|mrav-dormition-2|mrav-feristsvaleba|mrav-forty-martyrs|mrav-shoba-athanasi|mrav-toma-chrysostom	REVIEW
იქცეოდა	იქცეოდა	12	9	16.7	cyril-epiphany-homily|mrav-antipater-bostrensis-1|mrav-epiphane-mary|mrav-feristsvaleba|mrav-kharbeba-1|mrav-kharbeba-2|mrav-kharbeba-3|mrav-paul-martyrdom|mrav-timote-1	REVIEW
რომელმანცა	რომელმანცა	12	9	16.7	chrys-epiphany-homily|mrav-bzoba-iohannes|mrav-bzoba-severian|mrav-chrysostom-jonah|mrav-departed-ephrem|mrav-epiphane-mary|mrav-feristsvaleba|mrav-john-baptist-decollatio|proclus-hom-theotokos	REVIEW
მამათ	მამათ	12	9	16.7	chrys-epiphany-homily|mrav-bzoba-iohannes|mrav-bzoba-severian|mrav-feristsvaleba|mrav-forty-martyrs|mrav-kharbeba-1|mrav-kharbeba-2|mrav-kharbeba-3|mrav-sinai-fathers-amonios	REVIEW
იდიდების	იდიდების	12	7	13.0	chrys-epiphany-homily|inventio-stephani-lucian|mrav-bzoba-iohannes|mrav-bzoba-severian|mrav-feristsvaleba|mrav-kharbeba-2|mrav-kharbeba-3	REVIEW
ღმრთად	ღმრთად	12	7	13.0	hesych-hypapante-01|mrav-bzoba-iohannes|mrav-bzoba-meletios|mrav-exaltation-cross|mrav-shoba-athanasi|mrav-timote-1|mrav-toma-chrysostom	REVIEW
ქერობინთა	ქერობინთა	12	8	14.8	chrys-epiphany-homily|mrav-bzoba-iohannes|mrav-bzoba-severian|mrav-kharbeba-1|mrav-kharbeba-2|mrav-kharbeba-3|mrav-toma-chrysostom|proclus-hom-theotokos	REVIEW
ღა	ღა	12	10	18.5	cyril-epiphany-homily|mrav-bzoba-severian|mrav-cross-vision|mrav-enkenia-1|mrav-enkenia-2|mrav-exaltation-cross|mrav-feristsvaleba|mrav-kharbeba-1|mrav-lazare|mrav-timote-1	REVIEW
იყვენით	იყვენით	12	8	14.8	cyril-epiphany-homily|inventio-stephani-lucian|mrav-chrysostom-jonah|mrav-cross-vision|mrav-enkenia-1|mrav-epiphane-mary|mrav-forty-martyrs|proclus-hom-theotokos	REVIEW
მარტოჲ	მარტოი	12	8	14.8	mart-iaqob-up-dzma|mrav-cross-vision|mrav-feristsvaleba|mrav-kharbeba-1|mrav-kharbeba-3|mrav-sinai-fathers-amonios|mrav-timote-1|mrav-toma-chrysostom	REVIEW
ნერონ	ნერონ	12	3	5.6	mrav-enkenia-1|mrav-paul-martyrdom|mrav-peter-martyrdom	REVIEW
ცხოვრებისა	ცხოვრებისა	11	8	14.8	chrys-epiphany-homily|cyril-epiphany-homily|mrav-aghdgoma-kyrile|mrav-chrysostom-jonah|mrav-forty-martyrs|mrav-kharbeba-1|mrav-paul-martyrdom|mrav-sulthmofenoba-2	REVIEW
რომელსამე	რომელსამე	11	5	9.3	mrav-aghdgoma-kyrile|mrav-enkenia-2|mrav-forty-martyrs|mrav-john-baptist-decollatio|mrav-sinai-fathers-amonios	REVIEW
წოდებულ	წოდებულ	11	6	11.1	mart-iaqob-up-dzma|mrav-aghdgoma-kyrile|mrav-cross-vision|mrav-john-baptist-decollatio-2|mrav-nails-inventio|mrav-shoba-athanasi	REVIEW
ესეცა	ესეცა	11	7	13.0	mrav-aghdgoma-kyrile|mrav-bzoba-severian|mrav-exaltation-cross|mrav-kharbeba-1|mrav-kharbeba-2|mrav-kharbeba-3|mrav-sulthmofenoba-2	REVIEW
მაქუს	მაქუს	11	7	13.0	inventio-stephani-lucian|mrav-aghdgoma-kyrile|mrav-cross-vision|mrav-shoba-athanasi|mrav-sinai-fathers-amonios|mrav-sulthmofenoba-2|mrav-toma-chrysostom	REVIEW
ვის	ვის	11	8	14.8	cyril-epiphany-homily|mrav-aghdgoma-kyrile|mrav-bzoba-severian|mrav-enkenia-1|mrav-epiphane-mary|mrav-kharbeba-2|mrav-natlisgeba-1|mrav-sinai-fathers-amonios	REVIEW
ღმრთისათჳს	ღმრთისათვს	11	8	14.8	mrav-aghdgoma-kyrile|mrav-bound-ioane-zosime|mrav-bzoba-severian|mrav-colophon-makari|mrav-cross-vision|mrav-departed-ephrem|mrav-martyrs-chrysostom-2|mrav-sinai-fathers-amonios	REVIEW
სარწმუნოებისაჲ	სარწმუნოებისაი	11	10	18.5	chrys-epiphany-homily|hesych-hypapante-01|inventio-stephani-lucian|mrav-aghdgoma-kyrile|mrav-bzoba-severian|mrav-enkenia-1|mrav-exaltation-cross|mrav-kharbeba-3|mrav-timote-1|mrav-toma-chrysostom	REVIEW
ზის	ზის	11	6	11.1	mart-iaqob-up-dzma|mrav-aghdgoma-kyrile|mrav-bzoba-iohannes|mrav-bzoba-severian|mrav-enkenia-1|mrav-ioane-zosime	REVIEW
დგას	დგას	11	10	18.5	hesych-hypapante-01|inventio-stephani-lucian|mrav-aghdgoma-kyrile|mrav-antipater-bostrensis-1|mrav-dormition-2|mrav-enkenia-1|mrav-feristsvaleba|mrav-martyrs-chrysostom-2|mrav-paul-martyrdom|mrav-timote-1	REVIEW
საუკუნოჲ	საუკუნოი	11	9	16.7	mrav-aghdgoma-meletios|mrav-antipater-bostrensis-1|mrav-bzoba-severian|mrav-cross-vision|mrav-epiphane-mary|mrav-feristsvaleba|mrav-kharbeba-2|mrav-natlisgeba-1|mrav-paul-martyrdom	REVIEW
ცემად	ცემად	11	7	13.0	cyril-epiphany-homily|mrav-amaghleba|mrav-bzoba-severian|mrav-exaltation-cross|mrav-forty-martyrs|mrav-natlisgeba-1|mrav-sinai-fathers-amonios	REVIEW
თქუენსა	თქუენსა	11	9	16.7	chrys-epiphany-homily|mart-stepane|mrav-bound-ioane-zosime|mrav-bzoba-iohannes|mrav-chrysostom-jonah|mrav-forty-martyrs|mrav-lazare|mrav-martyrs-chrysostom-2|mrav-paul-martyrdom	REVIEW
უფლისასა	უფლისასა	11	8	14.8	mrav-bzoba-iohannes|mrav-departed-ephrem|mrav-ioane-zosime|mrav-john-baptist-decollatio|mrav-kharbeba-3|mrav-natlisgeba-1|mrav-sinai-fathers-amonios|mrav-toma-chrysostom	REVIEW
ჯუარითა	ჯუარითა	11	8	14.8	cyril-epiphany-homily|mrav-bzoba-iohannes|mrav-bzoba-severian|mrav-exaltation-cross|mrav-feristsvaleba|mrav-martyrs-chrysostom|mrav-martyrs-chrysostom-2|mrav-new-sunday	REVIEW
ესენი	ესენი	11	6	11.1	mrav-bzoba-severian|mrav-cross-vision|mrav-epiphane-mary|mrav-feristsvaleba|mrav-forty-martyrs|mrav-john-baptist-decollatio	REVIEW
მანვე	მანვე	11	5	9.3	mrav-bzoba-severian|mrav-departed-ephrem|mrav-kharbeba-3|mrav-sulthmofenoba-2|proclus-hom-theotokos	REVIEW
ვე	ვე	11	7	13.0	cyril-epiphany-homily|mrav-bzoba-severian|mrav-enkenia-1|mrav-enkenia-2|mrav-kharbeba-1|mrav-lazare|mrav-shoba-athanasi	REVIEW
ღამესა	ღამესა	11	7	13.0	inventio-stephani-lucian|mart-stepane|mrav-chrysostom-jonah|mrav-cross-vision|mrav-feristsvaleba|mrav-forty-martyrs|mrav-new-sunday	REVIEW
ეცუა	ეცუა	11	7	13.0	cyril-epiphany-homily|mart-stepane|mrav-cross-vision|mrav-enkenia-2|mrav-exaltation-cross|mrav-martyrs-chrysostom-2|mrav-sulthmofenoba-2	REVIEW
დიდებულ	დიდებულ	11	10	18.5	inventio-stephani-lucian|mrav-cross-vision|mrav-enkenia-2|mrav-feristsvaleba|mrav-kharbeba-2|mrav-lazare|mrav-martyrs-chrysostom|mrav-natlisgeba-1|mrav-shoba-athanasi|proclus-hom-theotokos	REVIEW
ცემულ	ცემულ	11	5	9.3	mrav-chrysostom-jonah|mrav-departed-ephrem|mrav-exaltation-cross|mrav-forty-martyrs|mrav-martyrs-chrysostom-2	REVIEW
წყალობითა	წყალობითა	11	7	13.0	ephr-markhva|mrav-departed-ephrem|mrav-martyrs-chrysostom|mrav-martyrs-chrysostom-2|mrav-martyrs-chrysostom-3|mrav-sinai-fathers-amonios|mrav-sulthmofenoba-1	REVIEW
ედვა	ედვა	11	5	9.3	mrav-enkenia-1|mrav-epiphane-mary|mrav-john-baptist-decollatio|mrav-shoba-athanasi|proclus-hom-theotokos	REVIEW
იქადაგების	იქადაგების	10	6	11.1	mrav-aghdgoma-kyrile|mrav-bzoba-severian|mrav-dormition-2|mrav-exaltation-cross|mrav-feristsvaleba|mrav-kharbeba-2	REVIEW
წყაროჲ	წყაროი	10	7	13.0	hesych-hypapante-01|mrav-aghdgoma-kyrile|mrav-enkenia-2|mrav-epiphane-mary|mrav-natlisgeba-1|mrav-new-sunday|mrav-sinai-fathers-amonios	REVIEW
წყლისა	წყლისა	10	8	14.8	chrys-epiphany-homily|cyril-epiphany-homily|ephr-markhva|inventio-stephani-lucian|mrav-aghdgoma-kyrile|mrav-dormition-1|mrav-kharbeba-1|mrav-sulthmofenoba-2	REVIEW
ქუეყანით	ქუეყანით	10	6	11.1	mrav-aghdgoma-kyrile|mrav-bzoba-iohannes|mrav-dormition-2|mrav-enkenia-1|mrav-lazare|proclus-hom-theotokos	REVIEW
სახესა	სახესა	10	7	13.0	ephr-markhva|mrav-aghdgoma-kyrile|mrav-chrysostom-jonah|mrav-john-baptist-decollatio|mrav-natlisgeba-okropiri|mrav-shoba-athanasi|mrav-toma-chrysostom	REVIEW
თომა	თომა	10	3	5.6	mrav-aghdgoma-kyrile|mrav-toma-chrysostom|proclus-hom-theotokos	REVIEW
გურწამს	გურწამს	10	6	11.1	mrav-aghdgoma-kyrile|mrav-bound-ioane-zosime|mrav-epiphane-mary|mrav-paul-martyrdom|mrav-toma-chrysostom|proclus-hom-theotokos	REVIEW
ჰხედვიდა	ჰხედვიდა	10	8	14.8	chrys-epiphany-homily|mrav-aghdgoma-kyrile|mrav-feristsvaleba|mrav-forty-martyrs|mrav-john-baptist-decollatio|mrav-john-baptist-decollatio-2|mrav-lazare|mrav-timote-1	REVIEW
ჰნებავს	ჰნებავს	10	7	13.0	mrav-aghdgoma-kyrile|mrav-chrysostom-jonah|mrav-enkenia-2|mrav-kharbeba-1|mrav-kharbeba-3|mrav-shoba-athanasi|mrav-toma-chrysostom	REVIEW
ეჩუენა	ეჩუენა	10	7	13.0	inventio-stephani-lucian|mrav-aghdgoma-kyrile|mrav-aghdgoma-meletios|mrav-amaghleba|mrav-antipater-bostrensis-1|mrav-enkenia-1|mrav-sinai-fathers-amonios	REVIEW
ბჭეთა	ბჭეთა	10	9	16.7	inventio-stephani-lucian|mrav-aghdgoma-kyrile|mrav-dormition-2|mrav-enkenia-1|mrav-epiphane-mary|mrav-lazare|mrav-martyrs-chrysostom|mrav-paul-martyrdom|mrav-toma-chrysostom	REVIEW
იჩინა	იჩინა	10	6	11.1	mrav-aghdgoma-kyrile|mrav-bzoba-iohannes|mrav-bzoba-severian|mrav-epiphane-mary|mrav-kharbeba-2|mrav-kharbeba-3	REVIEW
ვყოთ	ვყოთ	10	8	14.8	hesych-hypapante-01|mrav-aghdgoma-kyrile|mrav-bzoba-iohannes|mrav-cross-vision|mrav-exaltation-cross|mrav-lazare|mrav-natlisgeba-1|mrav-sinai-fathers-amonios	REVIEW
მარხვითა	მარხვითა	10	7	13.0	cyril-epiphany-homily|ephr-markhva|hesych-hypapante-01|mrav-amaghleba|mrav-chrysostom-jonah|mrav-forty-martyrs|mrav-sinai-fathers-amonios	REVIEW
გუაუწყა	გუაუწყა	10	7	13.0	chrys-epiphany-homily|ephr-markhva|mrav-antipater-bostrensis-1|mrav-holymonday|mrav-kharbeba-1|mrav-kharbeba-2|mrav-natlisgeba-1	REVIEW
ვიდა	ვიდა	10	8	14.8	mart-stepane|mrav-basili-1|mrav-epiphane-mary|mrav-kharbeba-2|mrav-kharbeba-3|mrav-shoba-athanasi|mrav-sulthmofenoba-2|mrav-toma-chrysostom	REVIEW
საიდუმლოჲ	საიდუმლოი	10	6	11.1	mrav-basili-1|mrav-bzoba-iohannes|mrav-exaltation-cross|mrav-feristsvaleba|mrav-ioane-zosime|mrav-toma-chrysostom	REVIEW
ილოცვიდა	ილოცვიდა	10	7	13.0	mart-stepane|mrav-basili-2|mrav-feristsvaleba|mrav-nails-inventio|mrav-paul-martyrdom|mrav-sinai-fathers-amonios|mrav-timote-1	REVIEW
ზიარ	ზიარ	10	8	14.8	cyril-epiphany-homily|mrav-bzoba-iohannes|mrav-feristsvaleba|mrav-kharbeba-3|mrav-nails-inventio|mrav-natlisgeba-okropiri|mrav-timote-1|mrav-toma-chrysostom	REVIEW
დიდებული	დიდებული	10	9	16.7	chrys-epiphany-homily|mrav-bzoba-iohannes|mrav-enkenia-1|mrav-feristsvaleba|mrav-kharbeba-2|mrav-new-sunday|mrav-paul-martyrdom|mrav-timote-1|mrav-toma-chrysostom	REVIEW
სცა	სცა	10	10	18.5	cyril-epiphany-homily|mrav-bzoba-iohannes|mrav-cross-vision|mrav-dormition-2|mrav-kharbeba-2|mrav-martyrs-chrysostom|mrav-nails-inventio|mrav-paul-martyrdom|mrav-sinai-fathers-amonios|mrav-toma-chrysostom	REVIEW
ცხოველისაჲ	ცხოველისაი	10	6	11.1	mart-iaqob-up-dzma|mrav-cross-vision|mrav-dormition-1|mrav-enkenia-1|mrav-feristsvaleba|mrav-paul-martyrdom	REVIEW
ზრახვაჲ	ზრახვაი	10	7	13.0	ephr-markhva|mrav-cross-vision|mrav-enkenia-2|mrav-epiphane-mary|mrav-john-baptist-decollatio|mrav-john-baptist-decollatio-2|mrav-sulthmofenoba-2	REVIEW
თჳსისაჲ	თვსისაი	10	8	14.8	inventio-stephani-lucian|mrav-chrysostom-jonah|mrav-cross-vision|mrav-epiphane-mary|mrav-john-baptist-decollatio-2|mrav-martyrs-chrysostom-2|mrav-shoba-athanasi|mrav-sulthmofenoba-1	REVIEW
სახარებისაჲ	სახარებისაი	10	9	16.7	chrys-epiphany-homily|cyril-epiphany-homily|inventio-stephani-lucian|mrav-cross-vision|mrav-epiphane-mary|mrav-feristsvaleba|mrav-john-baptist-decollatio-2|mrav-kharbeba-2|mrav-lazare	REVIEW
ღაღადებდა	ღაღადებდა	10	9	16.7	mart-iaqob-up-dzma|mrav-chrysostom-jonah|mrav-cross-vision|mrav-dormition-2|mrav-forty-martyrs|mrav-john-baptist-decollatio|mrav-martyrs-chrysostom-3|mrav-nails-inventio|mrav-sinai-fathers-amonios	REVIEW
სიმართლისაჲ	სიმართლისაი	10	8	14.8	inventio-stephani-lucian|mrav-dormition-1|mrav-dormition-2|mrav-enkenia-1|mrav-enkenia-2|mrav-exaltation-cross|mrav-shoba-athanasi|mrav-timote-1	REVIEW
კაცთაჲსა	კაცთაისა	10	9	16.7	mrav-chrysostom-jonah|mrav-dormition-1|mrav-dormition-2|mrav-epiphane-mary|mrav-kharbeba-2|mrav-natlisgeba-1|mrav-sulthmofenoba-1|mrav-toma-chrysostom|proclus-hom-theotokos	REVIEW
იტჳრთა	იტვრთა	10	7	13.0	mrav-dormition-2|mrav-epiphane-mary|mrav-kharbeba-1|mrav-kharbeba-2|mrav-kharbeba-3|mrav-timote-1|proclus-hom-theotokos	REVIEW
მსგავს	მსგავს	10	9	16.7	ephr-markhva|mart-stepane|mrav-chrysostom-jonah|mrav-enkenia-2|mrav-exaltation-cross|mrav-feristsvaleba|mrav-kharbeba-1|mrav-kharbeba-3|mrav-martyrs-chrysostom-3	REVIEW
წყლითა	წყლითა	10	5	9.3	cyril-epiphany-homily|mrav-enkenia-2|mrav-forty-martyrs|mrav-kharbeba-3|mrav-natlisgeba-1	REVIEW
თქჳს	თქვს	9	6	11.1	mrav-aghdgoma-kyrile|mrav-enkenia-2|mrav-feristsvaleba|mrav-kharbeba-3|mrav-new-sunday|mrav-sulthmofenoba-2	REVIEW
ცხოვრებისაჲ	ცხოვრებისაი	9	7	13.0	mrav-aghdgoma-kyrile|mrav-enkenia-2|mrav-epiphane-mary|mrav-exaltation-cross|mrav-new-sunday|mrav-shoba-athanasi|proclus-hom-theotokos	REVIEW
იქმენ	იქმენ	9	6	11.1	cyril-epiphany-homily|mrav-aghdgoma-kyrile|mrav-antipater-bostrensis-1|mrav-dormition-1|mrav-enkenia-1|mrav-toma-chrysostom	REVIEW
ჩემგან	ჩემგან	9	7	13.0	mart-stepane|mrav-aghdgoma-kyrile|mrav-bzoba-iohannes|mrav-bzoba-severian|mrav-feristsvaleba|mrav-sinai-fathers-amonios|mrav-toma-chrysostom	REVIEW
დედათაჲ	დედათაი	9	8	14.8	hesych-hypapante-01|mrav-aghdgoma-kyrile|mrav-antipater-bostrensis-1|mrav-dormition-2|mrav-john-baptist-decollatio|mrav-john-baptist-decollatio-2|mrav-kharbeba-2|proclus-hom-theotokos	REVIEW
კეთილ	კეთილ	9	6	11.1	cyril-epiphany-homily|mrav-aghdgoma-kyrile|mrav-bzoba-severian|mrav-feristsvaleba|mrav-forty-martyrs|mrav-kharbeba-2	REVIEW
თქუენცა	თქუენცა	9	9	16.7	ephr-markhva|mrav-aghdgoma-kyrile|mrav-bound-ioane-zosime|mrav-bzoba-iohannes|mrav-bzoba-meletios|mrav-colophon-makari|mrav-enkenia-2|mrav-lazare|mrav-toma-chrysostom	REVIEW
ენითა	ენითა	9	8	14.8	mrav-aghdgoma-kyrile|mrav-antipater-bostrensis-1|mrav-dormition-1|mrav-ioane-zosime|mrav-john-baptist-decollatio-2|mrav-kharbeba-2|mrav-sulthmofenoba-1|mrav-sulthmofenoba-2	REVIEW
მამისაგან	მამისაგან	9	7	13.0	mrav-aghdgoma-kyrile|mrav-bzoba-iohannes|mrav-bzoba-severian|mrav-kharbeba-2|mrav-natlisgeba-1|mrav-shoba-athanasi|mrav-sulthmofenoba-2	REVIEW
ივლტოდა	ივლტოდა	9	7	13.0	mrav-aghdgoma-kyrile|mrav-chrysostom-jonah|mrav-exaltation-cross|mrav-forty-martyrs|mrav-lazare|mrav-shoba-athanasi|mrav-sinai-fathers-amonios	REVIEW
ქუეყანად	ქუეყანად	9	5	9.3	mrav-aghdgoma-kyrile|mrav-enkenia-1|mrav-shoba-athanasi|mrav-sinai-fathers-amonios|mrav-toma-chrysostom	REVIEW
ერთისა	ერთისა	9	5	9.3	mrav-aghdgoma-kyrile|mrav-chrysostom-jonah|mrav-forty-martyrs|mrav-paul-martyrdom|mrav-sinai-fathers-amonios	REVIEW
რიცხჳ	რიცხვ	9	3	5.6	mrav-aghdgoma-kyrile|mrav-forty-martyrs|mrav-sinai-fathers-amonios	REVIEW
უყო	უყო	9	8	14.8	mart-stepane|mrav-aghdgoma-kyrile|mrav-aghdgoma-meletios|mrav-chrysostom-jonah|mrav-enkenia-2|mrav-john-baptist-decollatio-2|mrav-nails-inventio|mrav-natlisgeba-1	REVIEW
იხილოს	იხილოს	9	7	13.0	cyril-epiphany-homily|mrav-aghdgoma-kyrile|mrav-chrysostom-jonah|mrav-epiphane-mary|mrav-feristsvaleba|mrav-sinai-fathers-amonios|mrav-timote-1	REVIEW
სარგებელ	სარგებელ	9	7	13.0	ephr-markhva|mrav-aghdgoma-meletios|mrav-chrysostom-jonah|mrav-john-baptist-decollatio|mrav-martyrs-chrysostom-2|mrav-sinai-fathers-amonios|mrav-sulthmofenoba-2	REVIEW
ვიქმნეთ	ვიქმნეთ	9	7	13.0	mrav-aghdgoma-meletios|mrav-bzoba-severian|mrav-departed-ephrem|mrav-exaltation-cross|mrav-martyrs-chrysostom-3|mrav-peter-martyrdom|proclus-hom-theotokos	REVIEW
წიგნთაგან	წიგნთაგან	9	8	14.8	inventio-stephani-lucian|mrav-aghdgoma-meletios|mrav-bzoba-iohannes|mrav-cross-vision|mrav-departed-ephrem|mrav-dormition-1|mrav-enkenia-2|mrav-kharbeba-2	REVIEW
ყოვლითა	ყოვლითა	9	7	13.0	mrav-aghdgoma-meletios|mrav-bzoba-severian|mrav-exaltation-cross|mrav-kharbeba-2|mrav-peter-martyrdom|mrav-sinai-fathers-amonios|mrav-toma-chrysostom	REVIEW
გევედრები	გევედრები	9	7	13.0	mart-iaqob-up-dzma|mart-stepane|mrav-antipater-bostrensis-1|mrav-basili-2|mrav-cross-vision|mrav-lazare|mrav-sinai-fathers-amonios	REVIEW
ერისაჲ	ერისაი	9	9	16.7	mart-iaqob-up-dzma|mart-stepane|mrav-antipater-bostrensis-1|mrav-bzoba-meletios|mrav-bzoba-severian|mrav-chrysostom-jonah|mrav-cross-vision|mrav-natlisgeba-1|mrav-paul-martyrdom	REVIEW
ბრძანა	ბრძანა	9	6	11.1	mrav-antipater-bostrensis-1|mrav-bzoba-meletios|mrav-cross-vision|mrav-forty-martyrs|mrav-paul-martyrdom|mrav-peter-martyrdom	REVIEW
ვისმე	ვისმე	9	8	14.8	cyril-epiphany-homily|inventio-stephani-lucian|mrav-antipater-bostrensis-1|mrav-basili-2|mrav-bzoba-severian|mrav-chrysostom-jonah|mrav-john-baptist-decollatio|mrav-lazare	REVIEW
მუცლისა	მუცლისა	9	6	11.1	chrys-epiphany-homily|mrav-antipater-bostrensis-1|mrav-dormition-1|mrav-kharbeba-2|mrav-kharbeba-3|mrav-martyrs-chrysostom-3	REVIEW
ჩემისაჲ	ჩემისაი	9	7	13.0	inventio-stephani-lucian|mrav-antipater-bostrensis-1|mrav-enkenia-2|mrav-john-baptist-decollatio|mrav-john-baptist-decollatio-2|mrav-kharbeba-2|mrav-natlisgeba-1	REVIEW
ჯოჯოხეთისანი	ჯოჯოხეთისანი	9	5	9.3	mrav-basili-1|mrav-enkenia-1|mrav-epiphane-mary|mrav-feristsvaleba|mrav-lazare	REVIEW
მეცა	მეცა	9	8	14.8	mart-stepane|mrav-basili-2|mrav-cross-vision|mrav-enkenia-1|mrav-lazare|mrav-shoba-athanasi|mrav-sinai-fathers-amonios|mrav-toma-chrysostom	REVIEW
ჰურიაო	ჰურიაო	9	5	9.3	mrav-basili-2|mrav-enkenia-1|mrav-lazare|mrav-shoba-athanasi|proclus-hom-theotokos	REVIEW
ღმრთისანი	ღმრთისანი	9	7	13.0	mrav-bzoba-iohannes|mrav-bzoba-severian|mrav-departed-ephrem|mrav-dormition-1|mrav-enkenia-1|mrav-sinai-fathers-amonios|mrav-sulthmofenoba-1	REVIEW
ითქუმის	ითქუმის	9	6	11.1	inventio-stephani-lucian|mrav-bzoba-iohannes|mrav-feristsvaleba|mrav-lazare|mrav-martyrs-chrysostom-2|mrav-shoba-athanasi	REVIEW
იქმნებოდა	იქმნებოდა	9	6	11.1	mrav-bzoba-iohannes|mrav-chrysostom-jonah|mrav-john-baptist-decollatio|mrav-natlisgeba-1|mrav-natlisgeba-okropiri|proclus-hom-theotokos	REVIEW
ივნო	ივნო	9	4	7.4	mrav-bzoba-iohannes|mrav-epiphane-mary|mrav-kharbeba-3|proclus-hom-theotokos	REVIEW
თჳსისასა	თვსისასა	9	7	13.0	mrav-bzoba-meletios|mrav-dormition-2|mrav-feristsvaleba|mrav-john-baptist-decollatio|mrav-martyrs-chrysostom-2|mrav-sinai-fathers-amonios|mrav-timote-1	REVIEW
კაცთაგან	კაცთაგან	9	7	13.0	mrav-bzoba-severian|mrav-dormition-1|mrav-enkenia-1|mrav-exaltation-cross|mrav-forty-martyrs|mrav-kharbeba-2|mrav-paul-martyrdom	REVIEW
მხოლოჲ	მხოლოი	9	6	11.1	mrav-bzoba-severian|mrav-kharbeba-1|mrav-kharbeba-3|mrav-paul-martyrdom|mrav-toma-chrysostom|proclus-hom-theotokos	REVIEW
იცნა	იცნა	9	8	14.8	cyril-epiphany-homily|mrav-bzoba-severian|mrav-chrysostom-jonah|mrav-cross-vision|mrav-john-baptist-decollatio|mrav-natlisgeba-1|mrav-shoba-athanasi|mrav-timote-1	REVIEW
ყოველსავე	ყოველსავე	9	8	14.8	mrav-cross-vision|mrav-departed-ephrem|mrav-epiphane-mary|mrav-exaltation-cross|mrav-forty-martyrs|mrav-kharbeba-2|mrav-natlisgeba-1|proclus-hom-theotokos	REVIEW
კაც	კაც	9	5	9.3	mrav-cross-vision|mrav-enkenia-1|mrav-sinai-fathers-amonios|mrav-sulthmofenoba-1|mrav-toma-chrysostom	REVIEW
უწოდა	უწოდა	9	9	16.7	mrav-cross-vision|mrav-enkenia-1|mrav-feristsvaleba|mrav-john-baptist-decollatio|mrav-kharbeba-1|mrav-kharbeba-2|mrav-natlisgeba-okropiri|mrav-shoba-athanasi|mrav-sulthmofenoba-1	REVIEW
ცხორებისაჲ	ცხორებისაი	9	8	14.8	cyril-epiphany-homily|hesych-hypapante-01|mrav-dormition-1|mrav-dormition-2|mrav-kharbeba-3|mrav-shoba-athanasi|mrav-sinai-fathers-amonios|mrav-toma-chrysostom	REVIEW
იპოვების	იპოვების	9	7	13.0	mrav-chrysostom-jonah|mrav-enkenia-2|mrav-john-baptist-decollatio|mrav-lazare|mrav-timote-1|mrav-toma-chrysostom|proclus-hom-theotokos	REVIEW
ღებისა	ღებისა	9	5	9.3	cyril-epiphany-homily|inventio-stephani-lucian|mrav-enkenia-2|mrav-ioane-zosime|mrav-sinai-fathers-amonios	REVIEW
იქმოდა	იქმოდა	9	7	13.0	cyril-epiphany-homily|mrav-chrysostom-jonah|mrav-enkenia-2|mrav-epiphane-mary|mrav-kharbeba-2|mrav-peter-martyrdom|mrav-sinai-fathers-amonios	REVIEW
იქმნის	იქმნის	9	6	11.1	cyril-epiphany-homily|ephr-markhva|mrav-chrysostom-jonah|mrav-exaltation-cross|mrav-shoba-athanasi|mrav-sulthmofenoba-2	REVIEW
ვიყვენით	ვიყვენით	9	5	9.3	chrys-epiphany-homily|mrav-exaltation-cross|mrav-feristsvaleba|mrav-kharbeba-2|mrav-sinai-fathers-amonios	REVIEW
რომლისათჳსცა	რომლისათვსცა	9	6	11.1	mrav-chrysostom-jonah|mrav-feristsvaleba|mrav-forty-martyrs|mrav-kharbeba-2|mrav-kharbeba-3|mrav-toma-chrysostom	REVIEW
ქმნულ	ქმნულ	9	7	13.0	cyril-epiphany-homily|mrav-epiphane-mary|mrav-forty-martyrs|mrav-kharbeba-1|mrav-martyrs-chrysostom-2|mrav-shoba-athanasi|mrav-sinai-fathers-amonios	REVIEW
ხედვიდა	ხედვიდა	9	7	13.0	chrys-epiphany-homily|cyril-epiphany-homily|mrav-john-baptist-decollatio-2|mrav-kharbeba-2|mrav-kharbeba-3|mrav-natlisgeba-okropiri|mrav-sinai-fathers-amonios	REVIEW
ინება	ინება	9	7	13.0	inventio-stephani-lucian|mrav-kharbeba-1|mrav-kharbeba-2|mrav-kharbeba-3|mrav-shoba-athanasi|mrav-sinai-fathers-amonios|mrav-toma-chrysostom	REVIEW
მღჳმესა	მღვმესა	8	6	11.1	ephr-markhva|mrav-aghdgoma-kyrile|mrav-chrysostom-jonah|mrav-enkenia-1|mrav-john-baptist-decollatio-2|mrav-toma-chrysostom	REVIEW
დღედმდე	დღედმდე	8	3	5.6	mrav-aghdgoma-kyrile|mrav-epiphane-mary|mrav-ioane-zosime	REVIEW
ხედავა	რხედავა	8	5	9.3	mrav-aghdgoma-kyrile|mrav-exaltation-cross|mrav-john-baptist-decollatio|mrav-kharbeba-2|mrav-lazare	REVIEW
სხუაჲცა	სხუაიცა	8	5	9.3	inventio-stephani-lucian|mrav-aghdgoma-kyrile|mrav-basili-2|mrav-john-baptist-decollatio-2|mrav-sinai-fathers-amonios	REVIEW
სიძესა	სიძესა	8	6	11.1	cyril-epiphany-homily|mrav-aghdgoma-kyrile|mrav-enkenia-2|mrav-kharbeba-3|mrav-martyrs-chrysostom-3|mrav-natlisgeba-okropiri	REVIEW
თქუას	თქუას	8	7	13.0	mrav-aghdgoma-kyrile|mrav-antipater-bostrensis-1|mrav-bzoba-severian|mrav-chrysostom-jonah|mrav-dormition-1|mrav-enkenia-2|mrav-john-baptist-decollatio-2	REVIEW
იონა	იონა	8	3	5.6	mrav-aghdgoma-kyrile|mrav-john-baptist-decollatio-2|mrav-lazare	REVIEW
ჴელთაგან	ხელთაგან	8	5	9.3	mrav-aghdgoma-kyrile|mrav-bzoba-iohannes|mrav-chrysostom-jonah|mrav-kharbeba-3|mrav-sinai-fathers-amonios	REVIEW
მეუფესა	მეუფესა	8	5	9.3	cyril-epiphany-homily|mrav-aghdgoma-kyrile|mrav-bzoba-severian|mrav-enkenia-2|mrav-paul-martyrdom	REVIEW
დგეს	დგეს	8	8	14.8	mrav-aghdgoma-kyrile|mrav-chrysostom-jonah|mrav-enkenia-1|mrav-forty-martyrs|mrav-kharbeba-2|mrav-natlisgeba-1|mrav-paul-martyrdom|mrav-sulthmofenoba-2	REVIEW
სცეს	სცეს	8	6	11.1	mart-stepane|mrav-aghdgoma-kyrile|mrav-bzoba-iohannes|mrav-dormition-2|mrav-shoba-athanasi|mrav-sulthmofenoba-2	REVIEW
სძლო	სძლო	8	6	11.1	mrav-aghdgoma-kyrile|mrav-bzoba-iohannes|mrav-cross-vision|mrav-enkenia-1|mrav-martyrs-chrysostom-3|mrav-sinai-fathers-amonios	REVIEW
ცად	ცად	8	5	9.3	mrav-aghdgoma-kyrile|mrav-amaghleba|mrav-enkenia-1|mrav-enkenia-2|mrav-sulthmofenoba-1	REVIEW
მრავლისა	მრავლისა	8	6	11.1	inventio-stephani-lucian|mrav-aghdgoma-kyrile|mrav-aghdgoma-meletios|mrav-chrysostom-jonah|mrav-john-baptist-decollatio|mrav-sinai-fathers-amonios	REVIEW
ჩუენთათჳს	ჩუენთათვს	8	5	9.3	mrav-aghdgoma-kyrile|mrav-colophon-makari|mrav-epiphane-mary|mrav-exaltation-cross|mrav-sinai-fathers-amonios	REVIEW
ღმრთისათა	ღმრთისათა	8	5	9.3	mrav-aghdgoma-kyrile|mrav-departed-ephrem|mrav-enkenia-1|mrav-natlisgeba-1|mrav-sinai-fathers-amonios	REVIEW
ვთქუათ	ვთქუათ	8	7	13.0	chrys-epiphany-homily|mrav-aghdgoma-meletios|mrav-dormition-1|mrav-enkenia-1|mrav-epiphane-mary|mrav-natlisgeba-1|mrav-toma-chrysostom	REVIEW
პილატე	პილატე	8	2	3.7	mart-stepane|mrav-aghdgoma-meletios	REVIEW
იოვანჱსა	იოვანესა	8	4	7.4	cyril-epiphany-homily|mrav-antipater-bostrensis-1|mrav-enkenia-2|mrav-natlisgeba-1	REVIEW
გუექმნა	გუექმნა	8	7	13.0	hesych-hypapante-01|mrav-antipater-bostrensis-1|mrav-epiphane-mary|mrav-exaltation-cross|mrav-kharbeba-2|mrav-peter-martyrdom|proclus-hom-theotokos	REVIEW
სა	სა	8	3	5.6	mrav-antipater-bostrensis-1|mrav-bound-ioane-zosime|mrav-john-baptist-decollatio	REVIEW
ცნა	ცნა	8	6	11.1	mrav-antipater-bostrensis-1|mrav-departed-ephrem|mrav-dormition-1|mrav-john-baptist-decollatio|mrav-lazare|mrav-sulthmofenoba-2	REVIEW
ტაძრად	ტაძრად	8	3	5.6	mart-iaqob-up-dzma|mrav-antipater-bostrensis-1|mrav-timote-1	REVIEW
მანცა	მანცა	8	7	13.0	cyril-epiphany-homily|hesych-hypapante-01|inventio-stephani-lucian|mart-stepane|mrav-basili-1|mrav-cross-vision|mrav-john-baptist-decollatio-2	REVIEW
ჭეშმარიტებისა	ჭეშმარიტებისა	8	7	13.0	chrys-epiphany-homily|mrav-basili-1|mrav-cross-vision|mrav-dormition-1|mrav-kharbeba-2|mrav-kharbeba-3|mrav-toma-chrysostom	REVIEW
თქუმად	თქუმად	8	7	13.0	mrav-basili-1|mrav-bzoba-iohannes|mrav-bzoba-meletios|mrav-bzoba-severian|mrav-dormition-1|mrav-enkenia-1|mrav-feristsvaleba	REVIEW
იკადრა	იკადრა	8	5	9.3	mrav-basili-1|mrav-john-baptist-decollatio|mrav-kharbeba-2|mrav-lazare|mrav-shoba-athanasi	REVIEW
ქრისტჱსთჳს	ქრისტესთვს	8	7	13.0	mart-iaqob-up-dzma|mrav-basili-2|mrav-enkenia-2|mrav-epiphane-mary|mrav-forty-martyrs|mrav-john-baptist-decollatio|mrav-sinai-fathers-amonios	REVIEW
გიჩუენო	გიჩუენო	8	7	13.0	chrys-epiphany-homily|inventio-stephani-lucian|mrav-basili-2|mrav-bzoba-severian|mrav-cross-vision|mrav-martyrs-chrysostom-2|mrav-sinai-fathers-amonios	REVIEW
ჰგონებდა	ჰგონებდა	8	4	7.4	mrav-basili-2|mrav-lazare|mrav-sinai-fathers-amonios|mrav-timote-1	REVIEW
იქმნებიან	იქმნებიან	8	7	13.0	hesych-hypapante-01|inventio-stephani-lucian|mrav-bzoba-iohannes|mrav-epiphane-mary|mrav-john-baptist-decollatio-2|mrav-kharbeba-1|proclus-hom-theotokos	REVIEW
ძენი	ძენი	8	8	14.8	mrav-bzoba-iohannes|mrav-dormition-1|mrav-dormition-2|mrav-feristsvaleba|mrav-john-baptist-decollatio-2|mrav-lazare|mrav-sulthmofenoba-1|mrav-sulthmofenoba-2	REVIEW
ჰრწამს	ჰრწამს	8	6	11.1	mart-stepane|mrav-bzoba-iohannes|mrav-departed-ephrem|mrav-epiphane-mary|mrav-martyrs-chrysostom-2|proclus-hom-theotokos	REVIEW
უგალობდეთ	უგალობდეთ	8	5	9.3	mrav-bzoba-severian|mrav-enkenia-2|mrav-kharbeba-1|mrav-kharbeba-2|mrav-kharbeba-3	REVIEW
მხიარულ	მხიარულ	8	7	13.0	chrys-epiphany-homily|mart-stepane|mrav-bzoba-severian|mrav-epiphane-mary|mrav-exaltation-cross|mrav-martyrs-chrysostom-2|proclus-hom-theotokos	REVIEW
საუკუნესა	საუკუნესა	8	7	13.0	mart-stepane|mrav-bzoba-severian|mrav-epiphane-mary|mrav-john-baptist-decollatio-2|mrav-kharbeba-2|mrav-martyrs-chrysostom-2|mrav-natlisgeba-okropiri	REVIEW
რას	რას	8	5	9.3	mrav-bzoba-severian|mrav-cross-vision|mrav-enkenia-1|mrav-martyrs-chrysostom-3|mrav-sulthmofenoba-2	REVIEW
ელენე	ელენე	8	2	3.7	mrav-cross-vision|mrav-nails-inventio	REVIEW
იგინივე	იგინივე	8	3	5.6	mrav-chrysostom-jonah|mrav-departed-ephrem|mrav-epiphane-mary	REVIEW
იხარებენ	იხარებენ	8	5	9.3	chrys-epiphany-homily|mrav-dormition-1|mrav-dormition-2|mrav-epiphane-mary|mrav-kharbeba-1	REVIEW
ცეცხლისაჲ	ცეცხლისაი	8	6	11.1	mrav-enkenia-1|mrav-feristsvaleba|mrav-kharbeba-2|mrav-martyrs-chrysostom-3|mrav-natlisgeba-1|mrav-sulthmofenoba-2	REVIEW
ეკლესიათათჳს	ეკლესიათათვს	8	2	3.7	mrav-enkenia-1|mrav-enkenia-2	REVIEW
რომელთამე	რომელთამე	8	6	11.1	cyril-epiphany-homily|mart-iaqob-up-dzma|mart-stepane|mrav-enkenia-2|mrav-kharbeba-1|mrav-lazare	REVIEW
იესუჲს	იესუის	8	8	14.8	hesych-hypapante-01|mrav-exaltation-cross|mrav-forty-martyrs|mrav-kharbeba-2|mrav-kharbeba-3|mrav-nails-inventio|mrav-natlisgeba-okropiri|mrav-timote-1	REVIEW
ლუკა	ლუკა	8	5	9.3	mrav-feristsvaleba|mrav-kharbeba-1|mrav-paul-martyrdom|mrav-shoba-athanasi|mrav-timote-1	REVIEW
უპირადჱს	უპირადეს	8	3	5.6	mrav-kharbeba-1|mrav-kharbeba-2|mrav-kharbeba-3	REVIEW
წმიდისაგან	წმიდისაგან	8	2	3.7	mrav-kharbeba-2|mrav-kharbeba-3	REVIEW
პირისაგან	პირისაგან	7	4	7.4	mrav-aghdgoma-kyrile|mrav-chrysostom-jonah|mrav-feristsvaleba|mrav-kharbeba-2	REVIEW
იხილო	იხილო	7	5	9.3	cyril-epiphany-homily|hesych-hypapante-01|mrav-aghdgoma-kyrile|mrav-exaltation-cross|mrav-john-baptist-decollatio-2	REVIEW
ქებათასა	ქებათასა	7	3	5.6	cyril-epiphany-homily|mrav-aghdgoma-kyrile|mrav-enkenia-2	REVIEW
ჰურიათაჲ	ჰურიათაი	7	6	11.1	hesych-hypapante-01|mrav-aghdgoma-kyrile|mrav-cross-vision|mrav-john-baptist-decollatio|mrav-lazare|mrav-timote-1	REVIEW
ცემითა	ცემითა	7	6	11.1	mrav-aghdgoma-kyrile|mrav-departed-ephrem|mrav-kharbeba-3|mrav-martyrs-chrysostom-3|mrav-natlisgeba-okropiri|mrav-sinai-fathers-amonios	REVIEW
ვნებისა	ვნებისა	7	5	9.3	cyril-epiphany-homily|mrav-aghdgoma-kyrile|mrav-basili-2|mrav-lazare|proclus-hom-theotokos	REVIEW
უთხრეს	უთხრეს	7	5	9.3	inventio-stephani-lucian|mrav-aghdgoma-kyrile|mrav-cross-vision|mrav-john-baptist-decollatio|mrav-paul-martyrdom	REVIEW
მეფეთა	მეფეთა	7	4	7.4	mrav-aghdgoma-kyrile|mrav-john-baptist-decollatio|mrav-lazare|mrav-paul-martyrdom	REVIEW
გრწამს	გრწამს	7	5	9.3	mrav-aghdgoma-kyrile|mrav-basili-2|mrav-departed-ephrem|mrav-paul-martyrdom|mrav-sulthmofenoba-2	REVIEW
თქუენისა	თქუენისა	7	7	13.0	mrav-aghdgoma-kyrile|mrav-aghdgoma-meletios|mrav-bzoba-iohannes|mrav-lazare|mrav-shoba-athanasi|mrav-sulthmofenoba-2|mrav-toma-chrysostom	REVIEW
მეწამების	მეწამების	7	3	5.6	mrav-aghdgoma-kyrile|mrav-bzoba-iohannes|mrav-timote-1	REVIEW
ვეშაპისასა	ვეშაპისასა	7	1	1.9	mrav-aghdgoma-kyrile	REVIEW
სიკუდილისათა	სიკუდილისათა	7	7	13.0	chrys-epiphany-homily|mrav-aghdgoma-kyrile|mrav-dormition-1|mrav-dormition-2|mrav-kharbeba-3|mrav-martyrs-chrysostom|proclus-hom-theotokos	REVIEW
მრწამს	მრწამს	7	4	7.4	mrav-aghdgoma-kyrile|mrav-antipater-bostrensis-1|mrav-shoba-athanasi|mrav-toma-chrysostom	REVIEW
წმიდათანი	წმიდათანი	7	4	7.4	mrav-aghdgoma-kyrile|mrav-bzoba-severian|mrav-enkenia-1|mrav-sinai-fathers-amonios	REVIEW
ეგულებოდა	ეგულებოდა	7	7	13.0	cyril-epiphany-homily|mrav-aghdgoma-kyrile|mrav-bzoba-severian|mrav-cross-vision|mrav-kharbeba-3|mrav-sinai-fathers-amonios|mrav-sulthmofenoba-1	REVIEW
გრწმენინ	გრწმენინ	7	4	7.4	mrav-aghdgoma-kyrile|mrav-paul-martyrdom|mrav-sinai-fathers-amonios|mrav-toma-chrysostom	REVIEW
მეფემან	მეფემან	7	4	7.4	mrav-aghdgoma-kyrile|mrav-basili-1|mrav-cross-vision|mrav-john-baptist-decollatio	REVIEW
ღრუბლითა	ღრუბლითა	7	5	9.3	mart-iaqob-up-dzma|mrav-aghdgoma-kyrile|mrav-amaghleba|mrav-bzoba-iohannes|mrav-feristsvaleba	REVIEW
გუაქუს	გუაქუს	7	7	13.0	chrys-epiphany-homily|mrav-aghdgoma-kyrile|mrav-cross-vision|mrav-kharbeba-1|mrav-martyrs-chrysostom-3|mrav-timote-1|proclus-hom-theotokos	REVIEW
წინაწარმეტყუელისაჲ	წინაწარმეტყუელისაი	7	6	11.1	mrav-aghdgoma-kyrile|mrav-bzoba-severian|mrav-chrysostom-jonah|mrav-john-baptist-decollatio|mrav-lazare|mrav-shoba-athanasi	REVIEW
წინაწარმეტყუელთაჲ	წინაწარმეტყუელთაი	7	5	9.3	chrys-epiphany-homily|cyril-epiphany-homily|mrav-aghdgoma-kyrile|mrav-cross-vision|mrav-john-baptist-decollatio	REVIEW
სარწმუნოებისა	სარწმუნოებისა	7	6	11.1	mrav-aghdgoma-kyrile|mrav-antipater-bostrensis-1|mrav-bzoba-severian|mrav-feristsvaleba|mrav-sulthmofenoba-2|mrav-toma-chrysostom	REVIEW
ჰხედავს	ჰხედავს	7	5	9.3	mrav-aghdgoma-kyrile|mrav-bzoba-iohannes|mrav-bzoba-severian|mrav-feristsvaleba|mrav-sulthmofenoba-2	REVIEW
მ	მ	7	3	5.6	cyril-epiphany-homily|mrav-aghdgoma-meletios|mrav-antipater-bostrensis-1	REVIEW
სწავლად	სწავლად	7	6	11.1	mart-stepane|mrav-aghdgoma-meletios|mrav-cross-vision|mrav-natlisgeba-okropiri|mrav-sinai-fathers-amonios|mrav-toma-chrysostom	REVIEW
ღმრთეებითა	ღმრთეებითა	7	4	7.4	mrav-amaghleba|mrav-epiphane-mary|mrav-kharbeba-3|mrav-toma-chrysostom	REVIEW
მცა	მცა	7	6	11.1	mrav-amaghleba|mrav-dormition-1|mrav-exaltation-cross|mrav-lazare|mrav-martyrs-chrysostom|mrav-sinai-fathers-amonios	REVIEW
ყავნ	ყავნ	7	7	13.0	cyril-epiphany-homily|ephr-markhva|mrav-amaghleba|mrav-enkenia-2|mrav-martyrs-chrysostom|mrav-martyrs-chrysostom-3|mrav-new-sunday	REVIEW
ძისაჲ	ძისაი	7	5	9.3	ephr-markhva|mrav-amaghleba|mrav-bzoba-iohannes|mrav-bzoba-severian|proclus-hom-theotokos	REVIEW
საშოჲთ	საშოით	7	3	5.6	mrav-antipater-bostrensis-1|mrav-lazare|mrav-shoba-athanasi	REVIEW
ექმნა	ექმნა	7	6	11.1	mrav-antipater-bostrensis-1|mrav-enkenia-1|mrav-john-baptist-decollatio|mrav-martyrs-chrysostom-2|mrav-natlisgeba-1|mrav-sinai-fathers-amonios	REVIEW
ნატლის	ნატლის	7	3	5.6	cyril-epiphany-homily|mrav-antipater-bostrensis-1|mrav-natlisgeba-1	REVIEW
ჰეროდე	ჰეროდე	7	4	7.4	mrav-antipater-bostrensis-1|mrav-john-baptist-decollatio|mrav-john-baptist-decollatio-2|mrav-shoba-athanasi	REVIEW
ესეო	ესეო	7	2	3.7	mrav-antipater-bostrensis-1|mrav-bzoba-iohannes	REVIEW
იტყჳ	იტყვ	7	6	11.1	mart-stepane|mrav-antipater-bostrensis-1|mrav-chrysostom-jonah|mrav-cross-vision|mrav-kharbeba-3|mrav-lazare	REVIEW
ისწავე	ისწავე	7	6	11.1	mrav-antipater-bostrensis-1|mrav-bzoba-iohannes|mrav-chrysostom-jonah|mrav-kharbeba-1|mrav-kharbeba-3|mrav-toma-chrysostom	REVIEW
სიმრავლესა	სიმრავლესა	7	7	13.0	mart-iaqob-up-dzma|mrav-antipater-bostrensis-1|mrav-basili-2|mrav-forty-martyrs|mrav-natlisgeba-1|mrav-paul-martyrdom|mrav-timote-1	REVIEW
ეწოდოს	ეწოდოს	7	3	5.6	mrav-antipater-bostrensis-1|mrav-kharbeba-1|mrav-shoba-athanasi	REVIEW
მაღლისაჲ	მაღლისაი	7	4	7.4	mrav-antipater-bostrensis-1|mrav-kharbeba-1|mrav-kharbeba-3|mrav-shoba-athanasi	REVIEW
ბრძანებითა	ბრძანებითა	7	6	11.1	mrav-basili-1|mrav-bound-ioane-zosime|mrav-cross-vision|mrav-departed-ephrem|mrav-lazare|mrav-martyrs-chrysostom	REVIEW
ეკლესიად	ეკლესიად	7	3	5.6	mart-iaqob-up-dzma|mrav-basili-1|mrav-sinai-fathers-amonios	REVIEW
ერეოდიან	ერეოდიან	7	3	5.6	mrav-basili-1|mrav-enkenia-1|mrav-feristsvaleba	REVIEW
ჰურიაჲ	ჰურიაი	7	5	9.3	mrav-basili-2|mrav-enkenia-1|mrav-lazare|mrav-shoba-athanasi|mrav-timote-1	REVIEW
იხილონ	იხილონ	7	5	9.3	mrav-basili-2|mrav-epiphane-mary|mrav-lazare|mrav-sulthmofenoba-2|mrav-toma-chrysostom	REVIEW
ცოდვილი	ცოდვილი	7	4	7.4	mrav-bound-ioane-zosime|mrav-colophon-makari|mrav-john-baptist-decollatio|mrav-natlisgeba-1	REVIEW
ვიხარებდეთ	ვიხარებდეთ	7	5	9.3	chrys-epiphany-homily|mrav-bzoba-iohannes|mrav-dormition-1|mrav-kharbeba-3|mrav-new-sunday	REVIEW
მეფენი	მეფენი	7	5	9.3	mrav-bzoba-iohannes|mrav-enkenia-1|mrav-martyrs-chrysostom|mrav-martyrs-chrysostom-3|mrav-shoba-athanasi	REVIEW
მწოვართაჲთა	მწოვართაითა	7	3	5.6	mrav-bzoba-iohannes|mrav-bzoba-meletios|mrav-bzoba-severian	REVIEW
ცათასა	ცათასა	7	7	13.0	chrys-epiphany-homily|cyril-epiphany-homily|mrav-bzoba-iohannes|mrav-chrysostom-jonah|mrav-forty-martyrs|mrav-peter-martyrdom|proclus-hom-theotokos	REVIEW
ღმრთეებისასა	ღმრთეებისასა	7	6	11.1	chrys-epiphany-homily|cyril-epiphany-homily|mrav-bzoba-iohannes|mrav-feristsvaleba|mrav-kharbeba-3|mrav-shoba-athanasi	REVIEW
რქუა	ჰრქუა	7	6	11.1	mrav-bzoba-iohannes|mrav-bzoba-meletios|mrav-cross-vision|mrav-holymonday|mrav-kharbeba-1|mrav-toma-chrysostom	REVIEW
ჰგონებთ	ჰგონებთ	7	6	11.1	mart-stepane|mrav-bzoba-iohannes|mrav-enkenia-2|mrav-john-baptist-decollatio-2|mrav-paul-martyrdom|mrav-sulthmofenoba-2	REVIEW
ყოვლისაგან	ყოვლისაგან	7	6	11.1	ephr-markhva|mrav-bzoba-iohannes|mrav-bzoba-severian|mrav-exaltation-cross|mrav-kharbeba-2|mrav-toma-chrysostom	REVIEW
კაცთასა	კაცთასა	7	6	11.1	mrav-bzoba-severian|mrav-cross-vision|mrav-forty-martyrs|mrav-kharbeba-3|mrav-natlisgeba-1|proclus-hom-theotokos	REVIEW
ცოდვითა	ცოდვითა	7	6	11.1	cyril-epiphany-homily|mrav-bzoba-severian|mrav-chrysostom-jonah|mrav-enkenia-2|mrav-natlisgeba-okropiri|mrav-sulthmofenoba-2	REVIEW
ჴელმწიფებით	ხელმწიფებით	7	3	5.6	chrys-epiphany-homily|mrav-bzoba-severian|mrav-lazare	REVIEW
ცაჲ	ცაი	7	7	13.0	chrys-epiphany-homily|mrav-bzoba-severian|mrav-cross-vision|mrav-enkenia-1|mrav-kharbeba-1|mrav-timote-1|proclus-hom-theotokos	REVIEW
უფლისანი	უფლისანი	7	6	11.1	cyril-epiphany-homily|mrav-bzoba-severian|mrav-enkenia-2|mrav-epiphane-mary|mrav-feristsvaleba|mrav-forty-martyrs	REVIEW
ჯუარისაჲ	ჯუარისაი	7	5	9.3	mrav-cross-vision|mrav-dormition-2|mrav-enkenia-2|mrav-exaltation-cross|mrav-nails-inventio	REVIEW
უჩუენა	უჩუენა	7	6	11.1	inventio-stephani-lucian|mrav-cross-vision|mrav-exaltation-cross|mrav-feristsvaleba|mrav-lazare|mrav-sulthmofenoba-1	REVIEW
ჰკითხვიდა	ჰკითხვიდა	7	5	9.3	mart-stepane|mrav-cross-vision|mrav-enkenia-2|mrav-peter-martyrdom|mrav-timote-1	REVIEW
ჰყო	ჰყო	7	4	7.4	mrav-cross-vision|mrav-enkenia-1|mrav-john-baptist-decollatio|mrav-lazare	REVIEW
ჩემნო	ჩემნო	7	4	7.4	mrav-dormition-1|mrav-dormition-2|mrav-john-baptist-decollatio|mrav-sinai-fathers-amonios	REVIEW
წმიდათაჲ	წმიდათაი	7	5	9.3	hesych-hypapante-01|mrav-dormition-1|mrav-forty-martyrs|mrav-kharbeba-3|mrav-sinai-fathers-amonios	REVIEW
კიდეთა	კიდეთა	7	5	9.3	mrav-dormition-2|mrav-feristsvaleba|mrav-forty-martyrs|mrav-martyrs-chrysostom|mrav-sulthmofenoba-1	REVIEW
ჴორცთაჲ	ხორცთაი	7	6	11.1	hesych-hypapante-01|mrav-chrysostom-jonah|mrav-enkenia-1|mrav-forty-martyrs|mrav-john-baptist-decollatio|mrav-natlisgeba-okropiri	REVIEW
სოფლისანი	სოფლისანი	7	4	7.4	cyril-epiphany-homily|mrav-enkenia-1|mrav-enkenia-2|mrav-shoba-athanasi	REVIEW
ერთითა	ერთითა	7	6	11.1	ephr-markhva|mrav-enkenia-1|mrav-enkenia-2|mrav-forty-martyrs|mrav-john-baptist-decollatio-2|mrav-timote-1	REVIEW
ქრისტჱსთა	ქრისტესთა	7	6	11.1	mrav-enkenia-1|mrav-epiphane-mary|mrav-martyrs-chrysostom|mrav-martyrs-chrysostom-2|mrav-nails-inventio|mrav-sinai-fathers-amonios	REVIEW
ყოფითა	ყოფითა	7	7	13.0	mrav-enkenia-1|mrav-enkenia-2|mrav-epiphane-mary|mrav-forty-martyrs|mrav-kharbeba-2|mrav-new-sunday|proclus-hom-theotokos	REVIEW
ეკლესიამან	ეკლესიამან	7	5	9.3	mrav-enkenia-1|mrav-enkenia-2|mrav-epiphane-mary|mrav-shoba-athanasi|proclus-hom-theotokos	REVIEW
ქმრისა	ქმრისა	7	6	11.1	mrav-enkenia-2|mrav-forty-martyrs|mrav-john-baptist-decollatio-2|mrav-kharbeba-2|mrav-kharbeba-3|mrav-lazare	REVIEW
ბნელისაგან	ბნელისაგან	7	2	3.7	mrav-exaltation-cross|mrav-new-sunday	REVIEW
დიდებულსა	დიდებულსა	7	6	11.1	chrys-epiphany-homily|mrav-feristsvaleba|mrav-kharbeba-2|mrav-kharbeba-3|mrav-natlisgeba-okropiri|mrav-shoba-athanasi	REVIEW
საპყრობილესა	საპყრობილესა	7	6	11.1	mart-stepane|mrav-chrysostom-jonah|mrav-john-baptist-decollatio|mrav-john-baptist-decollatio-2|mrav-martyrs-chrysostom-2|mrav-paul-martyrdom	REVIEW
სახედცა	სახედცა	7	2	3.7	mrav-chrysostom-jonah|mrav-john-baptist-decollatio	REVIEW
მშჳდობისა	მშვდობისა	7	6	11.1	chrys-epiphany-homily|mrav-chrysostom-jonah|mrav-epiphane-mary|mrav-kharbeba-1|mrav-kharbeba-3|mrav-toma-chrysostom	REVIEW
ძლიერებით	ძლიერებით	7	3	5.6	mrav-epiphane-mary|mrav-lazare|mrav-natlisgeba-okropiri	REVIEW
მარხვისაჲ	მარხვისაი	7	3	5.6	ephr-markhva|mrav-chrysostom-jonah|mrav-lazare	REVIEW
იწყეს	იწყეს	7	3	5.6	mrav-sinai-fathers-amonios|mrav-sulthmofenoba-1|mrav-sulthmofenoba-2	REVIEW
ითარგმანების	ითარგმანების	6	6	11.1	mart-stepane|mrav-aghdgoma-kyrile|mrav-enkenia-2|mrav-feristsvaleba|mrav-kharbeba-2|proclus-hom-theotokos	REVIEW
ნი	ნი	6	5	9.3	inventio-stephani-lucian|mrav-aghdgoma-kyrile|mrav-amaghleba|mrav-bzoba-severian|mrav-kharbeba-1	REVIEW
იტყჳთ	იტყვთ	6	4	7.4	mart-stepane|mrav-aghdgoma-kyrile|mrav-aghdgoma-meletios|mrav-bzoba-iohannes	REVIEW
ორ	ორ	6	4	7.4	inventio-stephani-lucian|mrav-aghdgoma-kyrile|mrav-cross-vision|mrav-sinai-fathers-amonios	REVIEW
ეგო	ეგო	6	4	7.4	mrav-aghdgoma-kyrile|mrav-dormition-2|mrav-shoba-athanasi|proclus-hom-theotokos	REVIEW
ქადაგებად	ქადაგებად	6	5	9.3	cyril-epiphany-homily|mrav-aghdgoma-kyrile|mrav-amaghleba|mrav-feristsvaleba|mrav-toma-chrysostom	REVIEW
ბუნებისა	ბუნებისა	6	6	11.1	hesych-hypapante-01|mrav-aghdgoma-kyrile|mrav-chrysostom-jonah|mrav-lazare|mrav-natlisgeba-okropiri|mrav-toma-chrysostom	REVIEW
საღმრთოთაგან	საღმრთოთაგან	6	4	7.4	cyril-epiphany-homily|mrav-aghdgoma-kyrile|mrav-feristsvaleba|mrav-kharbeba-3	REVIEW
ჯოჯოხეთა	ჯოჯოხეთა	6	4	7.4	mrav-aghdgoma-kyrile|mrav-aghdgoma-meletios|mrav-chrysostom-jonah|mrav-enkenia-1	REVIEW
ეწამების	ეწამების	6	6	11.1	chrys-epiphany-homily|mrav-aghdgoma-kyrile|mrav-feristsvaleba|mrav-john-baptist-decollatio-2|mrav-kharbeba-1|mrav-sulthmofenoba-1	REVIEW
ეკლესიისა	ეკლესიისა	6	4	7.4	mrav-aghdgoma-kyrile|mrav-basili-1|mrav-exaltation-cross|mrav-lazare	REVIEW
კოსტანტინე	კოსტანტინე	6	2	3.7	mrav-aghdgoma-kyrile|mrav-cross-vision	REVIEW
ღმრთისამან	ღმრთისამან	6	6	11.1	cyril-epiphany-homily|mrav-aghdgoma-kyrile|mrav-bzoba-iohannes|mrav-dormition-1|mrav-epiphane-mary|mrav-kharbeba-1	REVIEW
ქრისტჱსნი	ქრისტესნი	6	6	11.1	mrav-aghdgoma-kyrile|mrav-enkenia-2|mrav-forty-martyrs|mrav-kharbeba-2|mrav-martyrs-chrysostom-3|mrav-sinai-fathers-amonios	REVIEW
სიმდიდრესა	სიმდიდრესა	6	5	9.3	mrav-aghdgoma-kyrile|mrav-enkenia-1|mrav-feristsvaleba|mrav-kharbeba-2|mrav-martyrs-chrysostom	REVIEW
ცხოველთასა	ცხოველთასა	6	3	5.6	mrav-aghdgoma-kyrile|mrav-departed-ephrem|mrav-enkenia-1	REVIEW
იღე	იღე	6	3	5.6	chrys-epiphany-homily|mrav-aghdgoma-meletios|mrav-dormition-2	REVIEW
პილატეს	პილატეს	6	3	5.6	mart-stepane|mrav-aghdgoma-meletios|mrav-john-baptist-decollatio	REVIEW
იტყოდის	იტყოდის	6	5	9.3	mrav-aghdgoma-meletios|mrav-bzoba-severian|mrav-dormition-1|mrav-enkenia-1|mrav-sulthmofenoba-2	REVIEW
ზრახვანი	ზრახვანი	6	5	9.3	hesych-hypapante-01|mrav-aghdgoma-meletios|mrav-forty-martyrs|mrav-new-sunday|mrav-sulthmofenoba-1	REVIEW
ჩუენისაჲ	ჩუენისაი	6	6	11.1	mart-stepane|mrav-aghdgoma-meletios|mrav-forty-martyrs|mrav-martyrs-chrysostom|mrav-martyrs-chrysostom-3|mrav-new-sunday	REVIEW
ყოველთაგან	ყოველთაგან	6	6	11.1	mrav-aghdgoma-meletios|mrav-bzoba-severian|mrav-chrysostom-jonah|mrav-feristsvaleba|mrav-forty-martyrs|mrav-kharbeba-2	REVIEW
ქალწულისასა	ქალწულისასა	6	6	11.1	mrav-amaghleba|mrav-dormition-1|mrav-epiphane-mary|mrav-kharbeba-2|mrav-shoba-athanasi|proclus-hom-theotokos	REVIEW
დღენი	დღენი	6	5	9.3	mrav-amaghleba|mrav-enkenia-2|mrav-kharbeba-1|mrav-sinai-fathers-amonios|mrav-timote-1	REVIEW
უფლისაგან	უფლისაგან	6	6	11.1	mrav-antipater-bostrensis-1|mrav-bzoba-iohannes|mrav-lazare|mrav-martyrs-chrysostom-2|mrav-timote-1|mrav-toma-chrysostom	REVIEW
თჳსთაჲ	თვსთაი	6	5	9.3	inventio-stephani-lucian|mrav-antipater-bostrensis-1|mrav-departed-ephrem|mrav-enkenia-2|mrav-martyrs-chrysostom	REVIEW
სიმჴნესა	სიმხნესა	6	3	5.6	inventio-stephani-lucian|mrav-antipater-bostrensis-1|mrav-forty-martyrs	REVIEW
ორნივე	ორნივე	6	5	9.3	mart-stepane|mrav-antipater-bostrensis-1|mrav-dormition-1|mrav-enkenia-2|mrav-john-baptist-decollatio	REVIEW
ხილვითა	ხილვითა	6	3	5.6	mrav-antipater-bostrensis-1|mrav-departed-ephrem|mrav-toma-chrysostom	REVIEW
დღეთაჲ	დღეთაი	6	5	9.3	inventio-stephani-lucian|mrav-antipater-bostrensis-1|mrav-epiphane-mary|mrav-new-sunday|mrav-shoba-athanasi	REVIEW
უგულებელს	უგულებელს	6	5	9.3	mrav-antipater-bostrensis-1|mrav-cross-vision|mrav-forty-martyrs|mrav-sinai-fathers-amonios|proclus-hom-theotokos	REVIEW
შვეს	შვეს	6	5	9.3	mart-stepane|mrav-antipater-bostrensis-1|mrav-dormition-1|mrav-shoba-athanasi|mrav-timote-1	REVIEW
ერისასა	ერისასა	6	6	11.1	hesych-hypapante-01|mart-iaqob-up-dzma|mart-stepane|mrav-antipater-bostrensis-1|mrav-natlisgeba-1|mrav-timote-1	REVIEW
ჰპოვე	ჰპოვე	6	5	9.3	mrav-antipater-bostrensis-1|mrav-kharbeba-1|mrav-kharbeba-2|mrav-kharbeba-3|mrav-toma-chrysostom	REVIEW
უცხოსა	უცხოსა	6	4	7.4	mrav-antipater-bostrensis-1|mrav-martyrs-chrysostom|mrav-shoba-athanasi|mrav-toma-chrysostom	REVIEW
მეფესა	მეფესა	6	5	9.3	mrav-basili-1|mrav-cross-vision|mrav-enkenia-2|mrav-forty-martyrs|mrav-john-baptist-decollatio	REVIEW
სახარებისა	სახარებისა	6	6	11.1	cyril-epiphany-homily|inventio-stephani-lucian|mrav-basili-1|mrav-dormition-1|mrav-epiphane-mary|mrav-kharbeba-3	REVIEW
სთქუ	სთქუ	6	6	11.1	inventio-stephani-lucian|mrav-basili-2|mrav-bzoba-severian|mrav-feristsvaleba|mrav-sinai-fathers-amonios|mrav-toma-chrysostom	REVIEW
ყვის	ყვის	6	5	9.3	mrav-basili-2|mrav-enkenia-2|mrav-exaltation-cross|mrav-sinai-fathers-amonios|mrav-sulthmofenoba-1	REVIEW
რტოები	რტოები	6	4	7.4	mrav-bzoba-iohannes|mrav-bzoba-severian|mrav-lazare|mrav-sinai-fathers-amonios	REVIEW
ღმრთეებისაჲ	ღმრთეებისაი	6	4	7.4	mrav-bzoba-iohannes|mrav-enkenia-1|mrav-feristsvaleba|mrav-kharbeba-3	REVIEW
ტიროდა	ტიროდა	6	3	5.6	mrav-bzoba-meletios|mrav-chrysostom-jonah|mrav-sinai-fathers-amonios	REVIEW
ჴმისა	ხმისა	6	6	11.1	mrav-bzoba-meletios|mrav-chrysostom-jonah|mrav-enkenia-2|mrav-epiphane-mary|mrav-feristsvaleba|mrav-toma-chrysostom	REVIEW
ჩუენებაჲ	ჩუენებაი	6	3	5.6	inventio-stephani-lucian|mrav-bzoba-severian|mrav-epiphane-mary	REVIEW
სცნა	სცნა	6	6	11.1	mrav-bzoba-severian|mrav-chrysostom-jonah|mrav-cross-vision|mrav-exaltation-cross|mrav-lazare|mrav-paul-martyrdom	REVIEW
გჳჩუენა	გვჩუენა	6	4	7.4	chrys-epiphany-homily|mrav-bzoba-severian|mrav-chrysostom-jonah|mrav-departed-ephrem	REVIEW
ესმოდა	ესმოდა	6	5	9.3	mrav-bzoba-severian|mrav-feristsvaleba|mrav-martyrs-chrysostom-2|mrav-natlisgeba-1|mrav-sulthmofenoba-2	REVIEW
სთქუა	სთქუა	6	4	7.4	mrav-bzoba-severian|mrav-chrysostom-jonah|mrav-enkenia-2|mrav-natlisgeba-okropiri	REVIEW
იოვანჱსი	იოვანესი	6	5	9.3	mrav-bzoba-severian|mrav-enkenia-2|mrav-john-baptist-decollatio-2|mrav-natlisgeba-1|mrav-natlisgeba-okropiri	REVIEW
სიკუდილისაგან	სიკუდილისაგან	6	6	11.1	mrav-colophon-makari|mrav-dormition-1|mrav-kharbeba-2|mrav-kharbeba-3|mrav-sinai-fathers-amonios|mrav-sulthmofenoba-1	REVIEW
ქრისტიანენი	ქრისტიანენი	6	4	7.4	mrav-cross-vision|mrav-epiphane-mary|mrav-paul-martyrdom|mrav-sinai-fathers-amonios	REVIEW
იშვეს	იშვეს	6	4	7.4	cyril-epiphany-homily|mrav-cross-vision|mrav-dormition-1|mrav-kharbeba-2	REVIEW
იციან	იციან	6	5	9.3	mart-stepane|mrav-cross-vision|mrav-martyrs-chrysostom-2|mrav-shoba-athanasi|mrav-toma-chrysostom	REVIEW
ეკრძალე	ეკრძალე	6	4	7.4	mrav-cross-vision|mrav-enkenia-2|mrav-epiphane-mary|mrav-john-baptist-decollatio-2	REVIEW
ვარქუ	ვარქუ	6	2	3.7	inventio-stephani-lucian|mrav-cross-vision	REVIEW
ეწიფების	ეწიფების	6	5	9.3	cyril-epiphany-homily|mrav-cross-vision|mrav-forty-martyrs|mrav-sulthmofenoba-2|mrav-toma-chrysostom	REVIEW
ცეცხლისასა	ცეცხლისასა	6	5	9.3	ephr-markhva|mrav-chrysostom-jonah|mrav-cross-vision|mrav-forty-martyrs|mrav-sulthmofenoba-2	REVIEW
ეკლესიათაჲ	ეკლესიათაი	6	5	9.3	mrav-departed-ephrem|mrav-enkenia-2|mrav-john-baptist-decollatio|mrav-sulthmofenoba-2|mrav-timote-1	REVIEW
მეცნიერებით	მეცნიერებით	6	1	1.9	mrav-departed-ephrem	REVIEW
სიკუდილისაჲ	სიკუდილისაი	6	4	7.4	mrav-departed-ephrem|mrav-dormition-2|mrav-martyrs-chrysostom-3|proclus-hom-theotokos	REVIEW
ქალწულისაჲ	ქალწულისაი	6	5	9.3	mrav-dormition-1|mrav-kharbeba-2|mrav-kharbeba-3|mrav-shoba-athanasi|proclus-hom-theotokos	REVIEW
ვყავთ	ვყავთ	6	4	7.4	mart-iaqob-up-dzma|mrav-dormition-2|mrav-exaltation-cross|mrav-sinai-fathers-amonios	REVIEW
ჩუენისათჳს	ჩუენისათვს	6	6	11.1	inventio-stephani-lucian|mrav-enkenia-1|mrav-forty-martyrs|mrav-martyrs-chrysostom-3|mrav-sulthmofenoba-1|proclus-hom-theotokos	REVIEW
იქმნე	იქმნე	6	2	3.7	cyril-epiphany-homily|mrav-enkenia-1	REVIEW
რაჲღა	რაიღა	6	6	11.1	cyril-epiphany-homily|mrav-chrysostom-jonah|mrav-enkenia-1|mrav-enkenia-2|mrav-feristsvaleba|mrav-shoba-athanasi	REVIEW
გურიტისაჲ	გურიტისაი	6	1	1.9	mrav-enkenia-2	REVIEW
ცათაჲ	ცათაი	6	5	9.3	inventio-stephani-lucian|mrav-enkenia-2|mrav-epiphane-mary|mrav-feristsvaleba|mrav-sinai-fathers-amonios	REVIEW
ისრისა	ისრისა	6	2	3.7	mrav-enkenia-2|mrav-sulthmofenoba-2	REVIEW
ბუნებისაჲ	ბუნებისაი	6	5	9.3	mrav-epiphane-mary|mrav-feristsvaleba|mrav-forty-martyrs|mrav-kharbeba-2|mrav-shoba-athanasi	REVIEW
ელიაჲსა	ელიაისა	6	2	3.7	mrav-feristsvaleba|mrav-lazare	REVIEW
თხრობად	თხრობად	6	5	9.3	inventio-stephani-lucian|mrav-chrysostom-jonah|mrav-feristsvaleba|mrav-john-baptist-decollatio|mrav-sinai-fathers-amonios	REVIEW
უცხოთა	უცხოთა	6	5	9.3	mrav-forty-martyrs|mrav-kharbeba-3|mrav-lazare|mrav-sulthmofenoba-1|mrav-sulthmofenoba-2	REVIEW
სცთა	სცთა	6	4	7.4	mart-iaqob-up-dzma|mrav-kharbeba-2|mrav-lazare|mrav-shoba-athanasi	REVIEW
თქუ	თქუ	6	4	7.4	cyril-epiphany-homily|mart-stepane|mrav-john-baptist-decollatio-2|proclus-hom-theotokos	REVIEW
ზრახვასა	ზრახვასა	6	5	9.3	mrav-epiphane-mary|mrav-john-baptist-decollatio|mrav-kharbeba-2|mrav-natlisgeba-1|mrav-sinai-fathers-amonios	REVIEW
ევა	ევა	6	5	9.3	mrav-epiphane-mary|mrav-kharbeba-1|mrav-kharbeba-3|mrav-lazare|mrav-shoba-athanasi	REVIEW
სიწმიდისაჲ	სიწმიდისაი	6	6	11.1	cyril-epiphany-homily|mrav-epiphane-mary|mrav-kharbeba-2|mrav-kharbeba-3|mrav-natlisgeba-okropiri|proclus-hom-theotokos	REVIEW
ქადაგებდა	ქადაგებდა	6	5	9.3	hesych-hypapante-01|mrav-kharbeba-2|mrav-natlisgeba-1|mrav-natlisgeba-okropiri|mrav-peter-martyrdom	REVIEW
საუკუნეთაჲ	საუკუნეთაი	6	4	7.4	mrav-kharbeba-3|mrav-paul-martyrdom|mrav-timote-1|mrav-toma-chrysostom	REVIEW
ბეთანიად	ბეთანიად	6	1	1.9	mrav-lazare	REVIEW
სცემდა	სცემდა	6	3	5.6	cyril-epiphany-homily|mrav-chrysostom-jonah|mrav-natlisgeba-1	REVIEW
ყრმად	ყრმად	6	2	3.7	hesych-hypapante-01|mrav-timote-1	REVIEW
ვიხილო	ვიხილო	6	2	3.7	mrav-timote-1|mrav-toma-chrysostom	REVIEW
ნათლითა	ნათლითა	5	4	7.4	mrav-aghdgoma-kyrile|mrav-epiphane-mary|mrav-exaltation-cross|mrav-new-sunday	REVIEW
მცირედრე	მცირედრე	5	4	7.4	mrav-aghdgoma-kyrile|mrav-bzoba-iohannes|mrav-paul-martyrdom|mrav-shoba-athanasi	REVIEW
იყოა	იყოა	5	4	7.4	mrav-aghdgoma-kyrile|mrav-john-baptist-decollatio|mrav-john-baptist-decollatio-2|mrav-lazare	REVIEW
თუესა	თუესა	5	4	7.4	mrav-aghdgoma-kyrile|mrav-antipater-bostrensis-1|mrav-kharbeba-2|mrav-nails-inventio	REVIEW
რასმე	რასმე	5	5	9.3	mrav-aghdgoma-kyrile|mrav-enkenia-1|mrav-enkenia-2|mrav-epiphane-mary|mrav-john-baptist-decollatio-2	REVIEW
ხედვენ	ხედვენ	5	4	7.4	chrys-epiphany-homily|mrav-aghdgoma-kyrile|mrav-feristsvaleba|mrav-shoba-athanasi	REVIEW
გეტყჳ	გეტყვ	5	4	7.4	inventio-stephani-lucian|mrav-aghdgoma-kyrile|mrav-bzoba-severian|mrav-cross-vision	REVIEW
თქუენთჳს	თქუენთვს	5	4	7.4	mart-iaqob-up-dzma|mrav-aghdgoma-kyrile|mrav-feristsvaleba|mrav-toma-chrysostom	REVIEW
ეკლესიანი	ეკლესიანი	5	4	7.4	mrav-aghdgoma-kyrile|mrav-bzoba-iohannes|mrav-enkenia-1|mrav-sulthmofenoba-1	REVIEW
ორისა	ორისა	5	5	9.3	inventio-stephani-lucian|mrav-aghdgoma-kyrile|mrav-feristsvaleba|mrav-forty-martyrs|mrav-sinai-fathers-amonios	REVIEW
ჩუენისასა	ჩუენისასა	5	4	7.4	mrav-aghdgoma-kyrile|mrav-colophon-makari|mrav-kharbeba-3|mrav-toma-chrysostom	REVIEW
ვჰყოფთ	ვჰყოფთ	5	5	9.3	mrav-aghdgoma-kyrile|mrav-enkenia-2|mrav-exaltation-cross|mrav-natlisgeba-okropiri|mrav-toma-chrysostom	REVIEW
უწყოდა	უწყოდა	5	5	9.3	mrav-aghdgoma-kyrile|mrav-chrysostom-jonah|mrav-john-baptist-decollatio-2|mrav-sulthmofenoba-2|mrav-timote-1	REVIEW
სარწმუნოებისასა	სარწმუნოებისასა	5	4	7.4	mrav-aghdgoma-kyrile|mrav-bzoba-severian|mrav-natlisgeba-okropiri|mrav-peter-martyrdom	REVIEW
მეჩუენა	მეჩუენა	5	2	3.7	inventio-stephani-lucian|mrav-aghdgoma-kyrile	REVIEW
მთით	მთით	5	3	5.6	mrav-aghdgoma-kyrile|mrav-feristsvaleba|mrav-sinai-fathers-amonios	REVIEW
ღრუბელი	ღრუბელი	5	4	7.4	mrav-aghdgoma-kyrile|mrav-amaghleba|mrav-feristsvaleba|mrav-lazare	REVIEW
საუკუნენი	საუკუნენი	5	5	9.3	mrav-aghdgoma-kyrile|mrav-amaghleba|mrav-basili-1|mrav-forty-martyrs|mrav-new-sunday	REVIEW
სიმაღლესა	სიმაღლესა	5	4	7.4	hesych-hypapante-01|mrav-aghdgoma-kyrile|mrav-chrysostom-jonah|mrav-kharbeba-3	REVIEW
სირცხჳლ	სირცხვლ	5	4	7.4	mrav-aghdgoma-kyrile|mrav-shoba-athanasi|mrav-toma-chrysostom|proclus-hom-theotokos	REVIEW
კლიტენი	კლიტენი	5	4	7.4	mrav-aghdgoma-kyrile|mrav-basili-1|mrav-epiphane-mary|mrav-feristsvaleba	REVIEW
ძემან	ძემან	5	5	9.3	cyril-epiphany-homily|mrav-aghdgoma-kyrile|mrav-bzoba-iohannes|mrav-dormition-1|mrav-paul-martyrdom	REVIEW
ჩუენთაჲ	ჩუენთაი	5	4	7.4	mrav-aghdgoma-kyrile|mrav-epiphane-mary|mrav-kharbeba-3|mrav-sinai-fathers-amonios	REVIEW
დიდებით	დიდებით	5	4	7.4	mrav-aghdgoma-kyrile|mrav-bzoba-iohannes|mrav-enkenia-2|mrav-feristsvaleba	REVIEW
მაღლად	მაღლად	5	4	7.4	ephr-markhva|mrav-amaghleba|mrav-kharbeba-1|mrav-sulthmofenoba-1	REVIEW
ვიყვნეთ	ვიყვნეთ	5	5	9.3	inventio-stephani-lucian|mrav-amaghleba|mrav-bzoba-severian|mrav-enkenia-1|mrav-paul-martyrdom	REVIEW
ი	ი	5	3	5.6	mrav-antipater-bostrensis-1|mrav-forty-martyrs|mrav-kharbeba-1	REVIEW
შჯულისაჲ	შჯულისაი	5	5	9.3	chrys-epiphany-homily|mrav-antipater-bostrensis-1|mrav-bzoba-severian|mrav-epiphane-mary|mrav-timote-1	REVIEW
შვილ	შვილ	5	5	9.3	cyril-epiphany-homily|mrav-antipater-bostrensis-1|mrav-bzoba-severian|mrav-cross-vision|mrav-toma-chrysostom	REVIEW
დღისაჲ	დღისაი	5	5	9.3	mrav-antipater-bostrensis-1|mrav-feristsvaleba|mrav-lazare|mrav-new-sunday|mrav-sulthmofenoba-2	REVIEW
უთხრა	უთხრა	5	5	9.3	inventio-stephani-lucian|mrav-antipater-bostrensis-1|mrav-john-baptist-decollatio|mrav-lazare|mrav-sinai-fathers-amonios	REVIEW
საღმრთოჲ	საღმრთოი	5	5	9.3	mrav-basili-1|mrav-john-baptist-decollatio|mrav-kharbeba-2|mrav-kharbeba-3|mrav-sulthmofenoba-2	REVIEW
სარწმუნოებისაჲთა	სარწმუნოებისაითა	5	5	9.3	mrav-basili-2|mrav-kharbeba-3|mrav-natlisgeba-okropiri|mrav-paul-martyrdom|mrav-shoba-athanasi	REVIEW
ბორცჳ	ბორცვ	5	2	3.7	inventio-stephani-lucian|mrav-basili-2	REVIEW
ილოცა	ილოცა	5	5	9.3	mrav-basili-2|mrav-cross-vision|mrav-john-baptist-decollatio-2|mrav-lazare|mrav-peter-martyrdom	REVIEW
ყოველთასა	ყოველთასა	5	5	9.3	mrav-bound-ioane-zosime|mrav-bzoba-severian|mrav-dormition-1|mrav-lazare|mrav-sinai-fathers-amonios	REVIEW
ვდღესასწაულობდეთ	ვდღესასწაულობდეთ	5	3	5.6	mrav-bzoba-iohannes|mrav-dormition-1|mrav-kharbeba-2	REVIEW
სამოსლისა	სამოსლისა	5	5	9.3	mrav-bzoba-iohannes|mrav-bzoba-severian|mrav-enkenia-2|mrav-forty-martyrs|mrav-natlisgeba-1	REVIEW
უჩნდა	უჩნდა	5	4	7.4	mrav-bzoba-iohannes|mrav-john-baptist-decollatio|mrav-shoba-athanasi|proclus-hom-theotokos	REVIEW
ღმრთით	ღმრთით	5	4	7.4	mrav-bzoba-iohannes|mrav-epiphane-mary|mrav-kharbeba-3|mrav-shoba-athanasi	REVIEW
ჰყოფს	ჰყოფს	5	5	9.3	chrys-epiphany-homily|hesych-hypapante-01|mrav-bzoba-iohannes|mrav-enkenia-2|mrav-feristsvaleba	REVIEW
ძეო	ძეო	5	4	7.4	mrav-bzoba-iohannes|mrav-bzoba-severian|mrav-dormition-2|proclus-hom-theotokos	REVIEW
ბრძოლად	ბრძოლად	5	3	5.6	cyril-epiphany-homily|mrav-bzoba-iohannes|mrav-sinai-fathers-amonios	REVIEW
მამისაჲთა	მამისაითა	5	3	5.6	mrav-bzoba-iohannes|mrav-colophon-makari|mrav-feristsvaleba	REVIEW
ნათლად	ნათლად	5	4	7.4	mrav-bzoba-iohannes|mrav-exaltation-cross|mrav-kharbeba-2|mrav-new-sunday	REVIEW
იჴსნა	იხსნა	5	4	7.4	mrav-bzoba-iohannes|mrav-shoba-athanasi|mrav-sulthmofenoba-1|proclus-hom-theotokos	REVIEW
ერთიერთსა	ერთიერთსა	5	4	7.4	mrav-bzoba-iohannes|mrav-exaltation-cross|mrav-forty-martyrs|mrav-sinai-fathers-amonios	REVIEW
დიდებად	დიდებად	5	5	9.3	ephr-markhva|hesych-hypapante-01|inventio-stephani-lucian|mrav-bzoba-iohannes|mrav-dormition-1	REVIEW
წმიდითურთ	წმიდითურთ	5	5	9.3	mrav-bzoba-iohannes|mrav-bzoba-meletios|mrav-epiphane-mary|mrav-natlisgeba-1|mrav-toma-chrysostom	REVIEW
რომელთაჲ	რომელთაი	5	4	7.4	ephr-markhva|mrav-bzoba-meletios|mrav-bzoba-severian|mrav-john-baptist-decollatio-2	REVIEW
სოფლისასა	სოფლისასა	5	4	7.4	mrav-bzoba-meletios|mrav-new-sunday|mrav-paul-martyrdom|mrav-sinai-fathers-amonios	REVIEW
ერმან	ერმან	5	4	7.4	mrav-bzoba-meletios|mrav-cross-vision|mrav-lazare|mrav-paul-martyrdom	REVIEW
ღაღადებენ	ღაღადებენ	5	4	7.4	mrav-bzoba-severian|mrav-john-baptist-decollatio|mrav-shoba-athanasi|mrav-sulthmofenoba-1	REVIEW
ცოდვილთა	ცოდვილთა	5	5	9.3	inventio-stephani-lucian|mrav-bzoba-severian|mrav-colophon-makari|mrav-epiphane-mary|mrav-sinai-fathers-amonios	REVIEW
სამეუფოჲ	სამეუფოი	5	4	7.4	mrav-bzoba-severian|mrav-feristsvaleba|mrav-john-baptist-decollatio|mrav-kharbeba-1	REVIEW
ქადაგებენ	ქადაგებენ	5	5	9.3	mrav-bzoba-severian|mrav-epiphane-mary|mrav-new-sunday|mrav-shoba-athanasi|mrav-sulthmofenoba-1	REVIEW
ცისათა	ცისათა	5	4	7.4	mart-stepane|mrav-bzoba-severian|mrav-enkenia-2|mrav-kharbeba-2	REVIEW
ითქუა	ითქუა	5	5	9.3	cyril-epiphany-homily|mrav-bzoba-severian|mrav-kharbeba-2|mrav-lazare|mrav-sulthmofenoba-1	REVIEW
ითხოვდა	ითხოვდა	5	4	7.4	mrav-bzoba-severian|mrav-john-baptist-decollatio-2|mrav-kharbeba-2|mrav-sinai-fathers-amonios	REVIEW
ჯუარისაჲთა	ჯუარისაითა	5	4	7.4	mrav-colophon-makari|mrav-cross-vision|mrav-exaltation-cross|mrav-feristsvaleba	REVIEW
თთუესა	თთუესა	5	4	7.4	inventio-stephani-lucian|mart-stepane|mrav-cross-vision|mrav-nails-inventio	REVIEW
მდინარესა	მდინარესა	5	4	7.4	cyril-epiphany-homily|mrav-cross-vision|mrav-forty-martyrs|mrav-new-sunday	REVIEW
ბრძოლისა	ბრძოლისა	5	4	7.4	mrav-cross-vision|mrav-forty-martyrs|mrav-nails-inventio|mrav-sinai-fathers-amonios	REVIEW
კითხვად	კითხვად	5	5	9.3	cyril-epiphany-homily|mrav-chrysostom-jonah|mrav-cross-vision|mrav-nails-inventio|mrav-sinai-fathers-amonios	REVIEW
ქვითა	ქვითა	5	5	9.3	ephr-markhva|inventio-stephani-lucian|mrav-cross-vision|mrav-sinai-fathers-amonios|mrav-timote-1	REVIEW
ხისა	ხისა	5	4	7.4	mrav-chrysostom-jonah|mrav-cross-vision|mrav-dormition-1|mrav-dormition-2	REVIEW
სიღრმესა	სიღრმესა	5	4	7.4	mrav-cross-vision|mrav-enkenia-1|mrav-forty-martyrs|mrav-sulthmofenoba-1	REVIEW
ვეცხლისაჲ	ვეცხლისაი	5	2	3.7	inventio-stephani-lucian|mrav-cross-vision	REVIEW
სასოებითა	სასოებითა	5	2	3.7	mrav-departed-ephrem|mrav-epiphane-mary	REVIEW
მერმესა	მერმესა	5	4	7.4	inventio-stephani-lucian|mart-stepane|mrav-departed-ephrem|mrav-shoba-athanasi	REVIEW
ცხონდენ	ცხონდენ	5	2	3.7	mrav-departed-ephrem|mrav-dormition-2	REVIEW
მკუდართაჲ	მკუდართაი	5	4	7.4	mrav-departed-ephrem|mrav-epiphane-mary|mrav-lazare|mrav-toma-chrysostom	REVIEW
ვიქმნნეთ	ვიქმნნეთ	5	4	7.4	mrav-departed-ephrem|mrav-forty-martyrs|mrav-lazare|mrav-timote-1	REVIEW
ქალწულადვე	ქალწულადვე	5	5	9.3	mrav-dormition-1|mrav-dormition-2|mrav-kharbeba-2|mrav-timote-1|mrav-toma-chrysostom	REVIEW
ვიტყჳთ	ვიტყვთ	5	4	7.4	mrav-dormition-1|mrav-dormition-2|mrav-lazare|mrav-sulthmofenoba-2	REVIEW
ვთქუთ	ვთქუთ	5	5	9.3	mrav-chrysostom-jonah|mrav-dormition-1|mrav-epiphane-mary|mrav-nails-inventio|mrav-timote-1	REVIEW
კაცთანი	კაცთანი	5	5	9.3	mrav-dormition-1|mrav-dormition-2|mrav-enkenia-2|mrav-epiphane-mary|mrav-natlisgeba-1	REVIEW
ნათლისა	ნათლისა	5	5	9.3	mrav-enkenia-1|mrav-exaltation-cross|mrav-john-baptist-decollatio-2|mrav-new-sunday|mrav-sulthmofenoba-1	REVIEW
ცეცხლისაგან	ცეცხლისაგან	5	5	9.3	mrav-enkenia-1|mrav-forty-martyrs|mrav-natlisgeba-okropiri|mrav-paul-martyrdom|mrav-sulthmofenoba-1	REVIEW
ჰყოფდა	ჰყოფდა	5	5	9.3	cyril-epiphany-homily|mrav-enkenia-1|mrav-feristsvaleba|mrav-lazare|mrav-peter-martyrdom	REVIEW
შობისა	შობისა	5	4	7.4	chrys-epiphany-homily|mrav-enkenia-1|mrav-john-baptist-decollatio|mrav-kharbeba-1	REVIEW
მართუენი	მართუენი	5	3	5.6	hesych-hypapante-01|mrav-enkenia-2|mrav-shoba-athanasi	REVIEW
სიწმიდესა	სიწმიდესა	5	4	7.4	mrav-enkenia-2|mrav-feristsvaleba|mrav-natlisgeba-okropiri|mrav-toma-chrysostom	REVIEW
ვარი	ვარი	5	1	1.9	mrav-enkenia-2	REVIEW
ცრემლი	ცრემლი	5	4	7.4	mrav-enkenia-2|mrav-john-baptist-decollatio|mrav-natlisgeba-1|mrav-sinai-fathers-amonios	REVIEW
ისრითა	ისრითა	5	2	3.7	mrav-enkenia-2|mrav-sinai-fathers-amonios	REVIEW
თჳსისაჲთა	თვსისაითა	5	5	9.3	mrav-enkenia-2|mrav-epiphane-mary|mrav-martyrs-chrysostom|mrav-sinai-fathers-amonios|mrav-sulthmofenoba-1	REVIEW
იოვანჱსგან	იოვანესგან	5	4	7.4	chrys-epiphany-homily|mrav-enkenia-2|mrav-epiphane-mary|mrav-natlisgeba-1	REVIEW
ქადაგებითა	ქადაგებითა	5	2	3.7	mrav-exaltation-cross|mrav-natlisgeba-1	REVIEW
ეშმაკისაჲ	ეშმაკისაი	5	5	9.3	chrys-epiphany-homily|mrav-exaltation-cross|mrav-john-baptist-decollatio|mrav-john-baptist-decollatio-2|mrav-new-sunday	REVIEW
ჭეშმარიტებისაჲ	ჭეშმარიტებისაი	5	3	5.6	mrav-feristsvaleba|mrav-shoba-athanasi|mrav-sulthmofenoba-2	REVIEW
ლოცვად	ლოცვად	5	2	3.7	mrav-feristsvaleba|mrav-sinai-fathers-amonios	REVIEW
ვედრებითა	ვედრებითა	5	4	7.4	mrav-feristsvaleba|mrav-lazare|mrav-sinai-fathers-amonios|mrav-toma-chrysostom	REVIEW
წმიდისასა	წმიდისასა	5	5	9.3	chrys-epiphany-homily|cyril-epiphany-homily|mrav-epiphane-mary|mrav-feristsvaleba|mrav-sulthmofenoba-2	REVIEW
ზაკუვით	ზაკუვით	5	3	5.6	hesych-hypapante-01|mrav-forty-martyrs|mrav-john-baptist-decollatio-2	REVIEW
ცხორების	ცხორების	5	4	7.4	mrav-chrysostom-jonah|mrav-forty-martyrs|mrav-kharbeba-3|mrav-sinai-fathers-amonios	REVIEW
ღჳნოჲ	ღვნოი	5	4	7.4	mart-iaqob-up-dzma|mrav-martyrs-chrysostom-2|mrav-martyrs-chrysostom-3|mrav-sulthmofenoba-2	REVIEW
კლვად	კლვად	5	3	5.6	mrav-chrysostom-jonah|mrav-john-baptist-decollatio-2|mrav-paul-martyrdom	REVIEW
ეროდე	ეროდე	5	2	3.7	mrav-john-baptist-decollatio|mrav-shoba-athanasi	REVIEW
სოფლისათა	სოფლისათა	5	4	7.4	mrav-chrysostom-jonah|mrav-john-baptist-decollatio|mrav-martyrs-chrysostom|mrav-sinai-fathers-amonios	REVIEW
მეინაჴეთა	მეინახეთა	5	2	3.7	mrav-john-baptist-decollatio|mrav-lazare	REVIEW
ევედრებოდა	ევედრებოდა	5	4	7.4	mrav-kharbeba-1|mrav-lazare|mrav-natlisgeba-1|mrav-peter-martyrdom	REVIEW
პირმშოჲ	პირმშოი	5	3	5.6	mrav-kharbeba-1|mrav-new-sunday|mrav-shoba-athanasi	REVIEW
ცოდვათაჲ	ცოდვათაი	5	5	9.3	cyril-epiphany-homily|ephr-markhva|mrav-kharbeba-2|mrav-natlisgeba-1|proclus-hom-theotokos	REVIEW
ეშინის	ეშინის	5	3	5.6	mrav-chrysostom-jonah|mrav-kharbeba-3|mrav-martyrs-chrysostom	REVIEW
შროშნითა	შროშნითა	5	2	3.7	inventio-stephani-lucian|mrav-kharbeba-3	REVIEW
მთრვალობითა	მთრვალობითა	5	3	5.6	mrav-chrysostom-jonah|mrav-lazare|mrav-sulthmofenoba-2	REVIEW
ბრძანებისა	ბრძანებისა	5	4	7.4	inventio-stephani-lucian|mrav-chrysostom-jonah|mrav-lazare|mrav-paul-martyrdom	REVIEW
მრავლითა	მრავლითა	5	4	7.4	mart-stepane|mrav-lazare|mrav-paul-martyrdom|mrav-sinai-fathers-amonios	REVIEW
უწყინ	უწყინ	5	4	7.4	mrav-chrysostom-jonah|mrav-new-sunday|mrav-sinai-fathers-amonios|mrav-sulthmofenoba-2	REVIEW
ზღჳსასა	ზღვსასა	5	2	3.7	mrav-chrysostom-jonah|mrav-sinai-fathers-amonios	REVIEW
ზღჳსა	ზღვსა	5	2	3.7	mrav-chrysostom-jonah|mrav-sinai-fathers-amonios	REVIEW
ნათლისასა	ნათლისასა	5	3	5.6	mrav-martyrs-chrysostom|mrav-natlisgeba-okropiri|mrav-new-sunday	REVIEW
წლის	წლის	5	1	1.9	mrav-timote-1	REVIEW
ვიცოდე	ვიცოდე	5	5	9.3	cyril-epiphany-homily|mrav-epiphane-mary|mrav-natlisgeba-1|mrav-shoba-athanasi|mrav-toma-chrysostom	REVIEW
იყოფოდა	იყოფოდა	5	3	5.6	mrav-natlisgeba-1|mrav-paul-martyrdom|mrav-sinai-fathers-amonios	REVIEW
კეისრისა	კეისრისა	5	1	1.9	mrav-paul-martyrdom	REVIEW
კესტოს	კესტოს	5	1	1.9	mrav-paul-martyrdom	REVIEW
ლუკიანე	ლუკიანე	5	1	1.9	inventio-stephani-lucian	REVIEW
სავლე	სავლე	5	1	1.9	mart-stepane	REVIEW
საფლავისაჲ	საფლავისაი	4	1	1.9	mrav-aghdgoma-kyrile	REVIEW
ეკლისაჲ	ეკლისაი	4	4	7.4	hesych-hypapante-01|mrav-aghdgoma-kyrile|mrav-natlisgeba-1|mrav-new-sunday	REVIEW
ცასა	ცასა	4	4	7.4	mart-stepane|mrav-aghdgoma-kyrile|mrav-bzoba-iohannes|mrav-paul-martyrdom	REVIEW
ცოდვილნი	ცოდვილნი	4	4	7.4	mart-stepane|mrav-aghdgoma-kyrile|mrav-shoba-athanasi|mrav-sulthmofenoba-2	REVIEW
ვხედავთ	ვხედავთ	4	3	5.6	mrav-aghdgoma-kyrile|mrav-exaltation-cross|mrav-kharbeba-2	REVIEW
სცე	სცე	4	2	3.7	mrav-aghdgoma-kyrile|mrav-enkenia-2	REVIEW
ტყჳს	ეტყვს	4	3	5.6	mrav-aghdgoma-kyrile|mrav-bzoba-severian|mrav-toma-chrysostom	REVIEW
ვიქმენ	ვიქმენ	4	4	7.4	mrav-aghdgoma-kyrile|mrav-enkenia-1|mrav-sinai-fathers-amonios|proclus-hom-theotokos	REVIEW
ვითარიგი	ვითარიგი	4	4	7.4	mrav-aghdgoma-kyrile|mrav-forty-martyrs|mrav-lazare|mrav-shoba-athanasi	REVIEW
ზღუდესა	ზღუდესა	4	2	3.7	mrav-aghdgoma-kyrile|mrav-enkenia-2	REVIEW
ეძიებდა	ეძიებდა	4	4	7.4	mrav-aghdgoma-kyrile|mrav-cross-vision|mrav-kharbeba-3|mrav-shoba-athanasi	REVIEW
ძიებად	ძიებად	4	4	7.4	inventio-stephani-lucian|mrav-aghdgoma-kyrile|mrav-sinai-fathers-amonios|mrav-timote-1	REVIEW
ვეძიებდ	ვეძიებდ	4	2	3.7	mrav-aghdgoma-kyrile|mrav-sinai-fathers-amonios	REVIEW
საფლავისაგან	საფლავისაგან	4	4	7.4	hesych-hypapante-01|mrav-aghdgoma-kyrile|mrav-natlisgeba-1|mrav-toma-chrysostom	REVIEW
ორთა	ორთა	4	4	7.4	mart-stepane|mrav-aghdgoma-kyrile|mrav-epiphane-mary|proclus-hom-theotokos	REVIEW
ხილვისა	ხილვისა	4	4	7.4	mrav-aghdgoma-kyrile|mrav-feristsvaleba|mrav-sinai-fathers-amonios|mrav-toma-chrysostom	REVIEW
ისწაონ	ისწაონ	4	4	7.4	mrav-aghdgoma-kyrile|mrav-bzoba-iohannes|mrav-epiphane-mary|mrav-sulthmofenoba-1	REVIEW
ვიხილოთ	ვიხილოთ	4	3	5.6	mrav-aghdgoma-kyrile|mrav-enkenia-1|mrav-exaltation-cross	REVIEW
ძწოლით	ძწოლით	4	4	7.4	mrav-aghdgoma-kyrile|mrav-antipater-bostrensis-1|mrav-bzoba-severian|mrav-natlisgeba-1	REVIEW
უფლისათჳს	უფლისათვს	4	4	7.4	mrav-aghdgoma-kyrile|mrav-exaltation-cross|mrav-forty-martyrs|mrav-timote-1	REVIEW
მსახურებითა	მსახურებითა	4	3	5.6	mrav-aghdgoma-kyrile|mrav-enkenia-1|mrav-shoba-athanasi	REVIEW
ჭურჭლითა	ჭურჭლითა	4	3	5.6	mrav-aghdgoma-kyrile|mrav-aghdgoma-meletios|mrav-john-baptist-decollatio	REVIEW
მაცხოვრისასა	მაცხოვრისასა	4	3	5.6	mart-iaqob-up-dzma|mrav-aghdgoma-kyrile|mrav-kharbeba-3	REVIEW
მათე	მათე	4	3	5.6	mrav-aghdgoma-kyrile|mrav-feristsvaleba|mrav-holymonday	REVIEW
იგინიცა	იგინიცა	4	4	7.4	mrav-aghdgoma-kyrile|mrav-natlisgeba-1|mrav-sinai-fathers-amonios|mrav-sulthmofenoba-1	REVIEW
ცხოვრებად	ცხოვრებად	4	3	5.6	mrav-aghdgoma-kyrile|mrav-epiphane-mary|mrav-exaltation-cross	REVIEW
ცხონდა	ცხონდა	4	4	7.4	mrav-aghdgoma-kyrile|mrav-dormition-1|mrav-dormition-2|mrav-john-baptist-decollatio	REVIEW
შთავიდა	შთავიდა	4	4	7.4	mrav-aghdgoma-kyrile|mrav-chrysostom-jonah|mrav-epiphane-mary|mrav-sulthmofenoba-1	REVIEW
უცხოჲ	უცხოი	4	3	5.6	mrav-aghdgoma-kyrile|mrav-forty-martyrs|mrav-shoba-athanasi	REVIEW
ჰურიათასა	ჰურიათასა	4	4	7.4	mart-iaqob-up-dzma|mrav-aghdgoma-kyrile|mrav-natlisgeba-okropiri|mrav-timote-1	REVIEW
შობილისაჲ	შობილისაი	4	4	7.4	mrav-aghdgoma-kyrile|mrav-feristsvaleba|mrav-martyrs-chrysostom-3|mrav-shoba-athanasi	REVIEW
ქრისტჱცა	ქრისტეცა	4	3	5.6	mrav-aghdgoma-kyrile|mrav-departed-ephrem|mrav-natlisgeba-okropiri	REVIEW
ერნი	ერნი	4	4	7.4	mrav-aghdgoma-kyrile|mrav-bzoba-severian|mrav-kharbeba-2|mrav-martyrs-chrysostom-2	REVIEW
დღეთასა	დღეთასა	4	3	5.6	cyril-epiphany-homily|mrav-aghdgoma-kyrile|mrav-departed-ephrem	REVIEW
ჯდომისათჳს	ჯდომისათვს	4	2	3.7	mrav-aghdgoma-kyrile|mrav-bzoba-meletios	REVIEW
ძლიერებისა	ძლიერებისა	4	4	7.4	mrav-aghdgoma-kyrile|mrav-epiphane-mary|mrav-kharbeba-3|mrav-toma-chrysostom	REVIEW
ვითარღა	ვითარღა	4	4	7.4	mrav-aghdgoma-meletios|mrav-bzoba-iohannes|mrav-john-baptist-decollatio|mrav-lazare	REVIEW
თქუენითა	თქუენითა	4	3	5.6	mrav-aghdgoma-meletios|mrav-basili-1|mrav-martyrs-chrysostom-3	REVIEW
მათცა	მათცა	4	4	7.4	mrav-aghdgoma-meletios|mrav-bzoba-iohannes|mrav-feristsvaleba|mrav-martyrs-chrysostom-3	REVIEW
რასაცა	რასაცა	4	4	7.4	mrav-aghdgoma-meletios|mrav-epiphane-mary|mrav-shoba-athanasi|mrav-sinai-fathers-amonios	REVIEW
სამშჭუალთაჲ	სამშჭუალთაი	4	2	3.7	mrav-aghdgoma-meletios|mrav-toma-chrysostom	REVIEW
ძლიერებითა	ძლიერებითა	4	3	5.6	mrav-aghdgoma-meletios|mrav-cross-vision|mrav-epiphane-mary	REVIEW
სასწაულებითა	სასწაულებითა	4	3	5.6	mrav-aghdgoma-meletios|mrav-peter-martyrdom|mrav-sulthmofenoba-1	REVIEW
ძლევითა	ძლევითა	4	4	7.4	mrav-amaghleba|mrav-cross-vision|mrav-kharbeba-3|mrav-martyrs-chrysostom-2	REVIEW
მუცლით	მუცლით	4	3	5.6	mrav-antipater-bostrensis-1|mrav-chrysostom-jonah|mrav-enkenia-1	REVIEW
მეგობრისა	მეგობრისა	4	3	5.6	mrav-antipater-bostrensis-1|mrav-departed-ephrem|mrav-martyrs-chrysostom-2	REVIEW
ვისგან	ვისგან	4	2	3.7	mrav-antipater-bostrensis-1|mrav-departed-ephrem	REVIEW
მართალ	მართალ	4	3	5.6	mart-iaqob-up-dzma|mrav-antipater-bostrensis-1|mrav-timote-1	REVIEW
ეტჳრთა	ეტვრთა	4	3	5.6	mrav-antipater-bostrensis-1|mrav-john-baptist-decollatio-2|mrav-lazare	REVIEW
ესუა	ესუა	4	4	7.4	mart-iaqob-up-dzma|mrav-antipater-bostrensis-1|mrav-john-baptist-decollatio|mrav-sinai-fathers-amonios	REVIEW
ყრმისა	ყრმისა	4	2	3.7	mrav-antipater-bostrensis-1|mrav-shoba-athanasi	REVIEW
ხოლ	ხოლ	4	4	7.4	inventio-stephani-lucian|mrav-antipater-bostrensis-1|mrav-enkenia-1|mrav-exaltation-cross	REVIEW
უპყრიეს	უპყრიეს	4	4	7.4	mrav-antipater-bostrensis-1|mrav-basili-1|mrav-kharbeba-2|mrav-lazare	REVIEW
ვცნა	ვცნა	4	1	1.9	mrav-antipater-bostrensis-1	REVIEW
ქადაგა	ქადაგა	4	4	7.4	mrav-antipater-bostrensis-1|mrav-bzoba-iohannes|mrav-epiphane-mary|mrav-john-baptist-decollatio	REVIEW
უკჳრდა	უკვრდა	4	4	7.4	mrav-antipater-bostrensis-1|mrav-paul-martyrdom|mrav-sinai-fathers-amonios|mrav-sulthmofenoba-2	REVIEW
მეექუსესა	მეექუსესა	4	4	7.4	inventio-stephani-lucian|mart-stepane|mrav-antipater-bostrensis-1|mrav-kharbeba-2	REVIEW
წყევისაგან	წყევისაგან	4	4	7.4	mrav-antipater-bostrensis-1|mrav-cross-vision|mrav-dormition-2|mrav-lazare	REVIEW
ყოვლისათჳს	ყოვლისათვს	4	4	7.4	ephr-markhva|hesych-hypapante-01|mrav-antipater-bostrensis-1|mrav-exaltation-cross	REVIEW
მარტომან	მარტომან	4	4	7.4	mrav-antipater-bostrensis-1|mrav-john-baptist-decollatio-2|mrav-kharbeba-1|mrav-kharbeba-3	REVIEW
ჰკრთებოდა	ჰკრთებოდა	4	4	7.4	mrav-antipater-bostrensis-1|mrav-bzoba-severian|mrav-dormition-2|mrav-kharbeba-2	REVIEW
ქრისტიანეთაჲ	ქრისტიანეთაი	4	3	5.6	mrav-antipater-bostrensis-1|mrav-basili-2|mrav-forty-martyrs	REVIEW
მათთაებრ	მათთაებრ	4	3	5.6	mart-iaqob-up-dzma|mrav-basili-1|mrav-sinai-fathers-amonios	REVIEW
უბრძანო	უბრძანო	4	2	3.7	mrav-basili-1|mrav-lazare	REVIEW
წინაწარმეტყუელთასა	წინაწარმეტყუელთასა	4	4	7.4	mrav-basili-2|mrav-bzoba-iohannes|mrav-feristsvaleba|mrav-john-baptist-decollatio	REVIEW
ცათაჲსა	ცათაისა	4	4	7.4	chrys-epiphany-homily|mrav-basili-2|mrav-dormition-2|mrav-feristsvaleba	REVIEW
იუგო	მიუგო	4	3	5.6	mrav-basili-2|mrav-enkenia-2|mrav-toma-chrysostom	REVIEW
ჰურიამან	ჰურიამან	4	2	3.7	mrav-basili-2|mrav-toma-chrysostom	REVIEW
უკუეტუ	უკუეტუ	4	2	3.7	cyril-epiphany-homily|mrav-basili-2	REVIEW
საღმრთოჲთა	საღმრთოითა	4	3	5.6	mrav-basili-2|mrav-kharbeba-3|mrav-sulthmofenoba-2	REVIEW
ლოცვისა	ლოცვისა	4	4	7.4	mrav-basili-2|mrav-forty-martyrs|mrav-kharbeba-3|mrav-paul-martyrdom	REVIEW
სენ	სენ	4	4	7.4	inventio-stephani-lucian|mrav-basili-2|mrav-enkenia-2|mrav-forty-martyrs	REVIEW
იცვალა	იცვალა	4	4	7.4	mrav-basili-2|mrav-enkenia-1|mrav-feristsvaleba|mrav-kharbeba-3	REVIEW
ქუეყანისაგან	ქუეყანისაგან	4	4	7.4	inventio-stephani-lucian|mrav-basili-2|mrav-dormition-1|mrav-dormition-2	REVIEW
ჰურიანო	ჰურიანო	4	4	7.4	chrys-epiphany-homily|mrav-basili-2|mrav-bzoba-severian|mrav-cross-vision	REVIEW
გევედრებით	გევედრებით	4	3	5.6	mart-iaqob-up-dzma|mrav-bound-ioane-zosime|mrav-cross-vision	REVIEW
ესწავა	ესწავა	4	3	5.6	mrav-bzoba-iohannes|mrav-sinai-fathers-amonios|mrav-toma-chrysostom	REVIEW
ყრმათაგან	ყრმათაგან	4	2	3.7	mrav-bzoba-iohannes|mrav-bzoba-severian	REVIEW
სმინე	ისმინე	4	3	5.6	mrav-bzoba-iohannes|mrav-bzoba-severian|mrav-chrysostom-jonah	REVIEW
ვიშუებდეთ	ვიშუებდეთ	4	4	7.4	chrys-epiphany-homily|mrav-bzoba-iohannes|mrav-dormition-1|mrav-kharbeba-3	REVIEW
საუკუნეთასა	საუკუნეთასა	4	3	5.6	mrav-bzoba-iohannes|mrav-departed-ephrem|mrav-epiphane-mary	REVIEW
ურთხეულ	მურთხეულ	4	2	3.7	mrav-bzoba-iohannes|mrav-kharbeba-2	REVIEW
იცემების	იცემების	4	4	7.4	mrav-bzoba-iohannes|mrav-bzoba-severian|mrav-epiphane-mary|mrav-kharbeba-2	REVIEW
მასცა	მასცა	4	4	7.4	mrav-bzoba-meletios|mrav-feristsvaleba|mrav-forty-martyrs|mrav-sinai-fathers-amonios	REVIEW
იესუსა	იესუსა	4	3	5.6	inventio-stephani-lucian|mrav-bzoba-meletios|mrav-lazare	REVIEW
ვნებითა	ვნებითა	4	3	5.6	mrav-bzoba-severian|mrav-cross-vision|mrav-epiphane-mary	REVIEW
ვიხილენ	ვიხილენ	4	3	5.6	mart-stepane|mrav-bzoba-severian|mrav-sinai-fathers-amonios	REVIEW
პოვნად	პოვნად	4	3	5.6	mrav-bzoba-severian|mrav-colophon-makari|mrav-departed-ephrem	REVIEW
თქუმულ	თქუმულ	4	3	5.6	mrav-bzoba-severian|mrav-exaltation-cross|mrav-john-baptist-decollatio	REVIEW
იეზაბელ	იეზაბელ	4	2	3.7	mrav-bzoba-severian|mrav-john-baptist-decollatio-2	REVIEW
უბიწოჲ	უბიწოი	4	4	7.4	inventio-stephani-lucian|mrav-bzoba-severian|mrav-dormition-1|mrav-shoba-athanasi	REVIEW
ღაცათუ	ღაცათუ	4	4	7.4	mrav-bzoba-severian|mrav-feristsvaleba|mrav-john-baptist-decollatio|mrav-timote-1	REVIEW
ღრუბელთა	ღრუბელთა	4	4	7.4	mrav-bzoba-severian|mrav-enkenia-1|mrav-kharbeba-2|mrav-shoba-athanasi	REVIEW
ჴორციელობისა	ხორციელობისა	4	1	1.9	mrav-bzoba-severian	REVIEW
ეგონოს	ეგონოს	4	3	5.6	mrav-bzoba-severian|mrav-departed-ephrem|mrav-natlisgeba-1	REVIEW
უნაყოფოჲ	უნაყოფოი	4	2	3.7	mrav-bzoba-severian|mrav-martyrs-chrysostom-3	REVIEW
მათებრ	მათებრ	4	3	5.6	mrav-bzoba-severian|mrav-chrysostom-jonah|mrav-lazare	REVIEW
ნათლისაჲ	ნათლისაი	4	3	5.6	mrav-bzoba-severian|mrav-martyrs-chrysostom-2|mrav-new-sunday	REVIEW
ძისაჲთა	ძისაითა	4	3	5.6	mrav-colophon-makari|mrav-epiphane-mary|mrav-feristsvaleba	REVIEW
პატიოსნისა	პატიოსნისა	4	2	3.7	mrav-colophon-makari|mrav-nails-inventio	REVIEW
მცირეთა	მცირეთა	4	3	5.6	inventio-stephani-lucian|mrav-cross-vision|mrav-sinai-fathers-amonios	REVIEW
ისწავა	ისწავა	4	4	7.4	inventio-stephani-lucian|mrav-cross-vision|mrav-kharbeba-1|mrav-shoba-athanasi	REVIEW
ეკრძალენით	ეკრძალენით	4	3	5.6	mrav-cross-vision|mrav-epiphane-mary|mrav-sinai-fathers-amonios	REVIEW
ჩემისასა	ჩემისასა	4	4	7.4	mrav-cross-vision|mrav-natlisgeba-1|mrav-timote-1|mrav-toma-chrysostom	REVIEW
ჯდა	ჯდა	4	3	5.6	mrav-cross-vision|mrav-sulthmofenoba-2|mrav-timote-1	REVIEW
სიმონ	სიმონ	4	2	3.7	mrav-cross-vision|mrav-peter-martyrdom	REVIEW
ჭამდა	ჭამდა	4	4	7.4	cyril-epiphany-homily|mrav-cross-vision|mrav-epiphane-mary|mrav-natlisgeba-1	REVIEW
წელ	წელ	4	4	7.4	inventio-stephani-lucian|mrav-cross-vision|mrav-lazare|mrav-sinai-fathers-amonios	REVIEW
ჰყოფენ	ჰყოფენ	4	1	1.9	mrav-departed-ephrem	REVIEW
ქადაგეს	ქადაგეს	4	1	1.9	mrav-departed-ephrem	REVIEW
წინაწარმეტყუელ	წინაწარმეტყუელ	4	2	3.7	mrav-departed-ephrem|mrav-john-baptist-decollatio	REVIEW
წინაწარმეტყუელებდა	წინაწარმეტყუელებდა	4	3	5.6	cyril-epiphany-homily|mrav-departed-ephrem|mrav-kharbeba-1	REVIEW
მათისაჲთა	მათისაითა	4	3	5.6	ephr-markhva|mrav-departed-ephrem|mrav-martyrs-chrysostom-2	REVIEW
სოფლით	სოფლით	4	1	1.9	mrav-departed-ephrem	REVIEW
მყოფელთა	მყოფელთა	4	3	5.6	mrav-departed-ephrem|mrav-forty-martyrs|mrav-martyrs-chrysostom-2	REVIEW
გეცინ	გეცინ	4	1	1.9	mrav-departed-ephrem	REVIEW
წმიდისათჳს	წმიდისათვს	4	3	5.6	mrav-dormition-1|mrav-epiphane-mary|mrav-feristsvaleba	REVIEW
ქალწულისათა	ქალწულისათა	4	3	5.6	mrav-dormition-1|mrav-shoba-athanasi|proclus-hom-theotokos	REVIEW
უწოდიან	უწოდიან	4	4	7.4	mart-stepane|mrav-dormition-1|mrav-shoba-athanasi|mrav-timote-1	REVIEW
უფლისაო	უფლისაო	4	1	1.9	mrav-dormition-1	REVIEW
სიტყჳსაჲ	სიტყვსაი	4	3	5.6	mrav-dormition-1|mrav-enkenia-1|mrav-shoba-athanasi	REVIEW
იზარდებოდა	იზარდებოდა	4	4	7.4	inventio-stephani-lucian|mrav-dormition-2|mrav-john-baptist-decollatio|mrav-kharbeba-2	REVIEW
ცხორებად	ცხორებად	4	4	7.4	cyril-epiphany-homily|mrav-dormition-2|mrav-sulthmofenoba-1|mrav-sulthmofenoba-2	REVIEW
იქმან	იქმან	4	4	7.4	ephr-markhva|mart-iaqob-up-dzma|mart-stepane|mrav-enkenia-1	REVIEW
ეპყრა	ეპყრა	4	4	7.4	mrav-chrysostom-jonah|mrav-enkenia-1|mrav-enkenia-2|mrav-john-baptist-decollatio-2	REVIEW
იხილის	იხილის	4	3	5.6	inventio-stephani-lucian|mrav-enkenia-1|mrav-sinai-fathers-amonios	REVIEW
გონებისა	გონებისა	4	3	5.6	mrav-chrysostom-jonah|mrav-enkenia-1|mrav-martyrs-chrysostom-2	REVIEW
მუნცა	მუნცა	4	3	5.6	cyril-epiphany-homily|mrav-chrysostom-jonah|mrav-enkenia-1	REVIEW
კლდენი	კლდენი	4	4	7.4	hesych-hypapante-01|mrav-enkenia-1|mrav-sulthmofenoba-1|mrav-timote-1	REVIEW
ძლევად	ძლევად	4	3	5.6	cyril-epiphany-homily|mrav-enkenia-1|mrav-nails-inventio	REVIEW
უდაბნოჲ	უდაბნოი	4	3	5.6	mrav-enkenia-1|mrav-natlisgeba-okropiri|mrav-sinai-fathers-amonios	REVIEW
იშვების	იშვების	4	2	3.7	mrav-enkenia-1|mrav-shoba-athanasi	REVIEW
იწყლა	იწყლა	4	4	7.4	chrys-epiphany-homily|mrav-chrysostom-jonah|mrav-enkenia-1|mrav-forty-martyrs	REVIEW
მდინარენი	მდინარენი	4	4	7.4	mrav-enkenia-1|mrav-feristsvaleba|mrav-forty-martyrs|mrav-toma-chrysostom	REVIEW
მასინ	მასინ	4	3	5.6	mart-stepane|mrav-enkenia-1|mrav-shoba-athanasi	REVIEW
მეცნიერებითა	მეცნიერებითა	4	4	7.4	mrav-enkenia-2|mrav-feristsvaleba|mrav-shoba-athanasi|mrav-sulthmofenoba-1	REVIEW
შობად	შობად	4	4	7.4	chrys-epiphany-homily|mrav-enkenia-2|mrav-kharbeba-3|mrav-lazare	REVIEW
მესმა	მესმა	4	4	7.4	inventio-stephani-lucian|mrav-enkenia-2|mrav-john-baptist-decollatio-2|mrav-sinai-fathers-amonios	REVIEW
შუენიერებითა	შუენიერებითა	4	4	7.4	mart-stepane|mrav-enkenia-2|mrav-exaltation-cross|mrav-forty-martyrs	REVIEW
მენავეთა	მენავეთა	4	3	5.6	mrav-chrysostom-jonah|mrav-exaltation-cross|mrav-sinai-fathers-amonios	REVIEW
ჰნებავნ	ჰნებავნ	4	3	5.6	mrav-chrysostom-jonah|mrav-exaltation-cross|mrav-shoba-athanasi	REVIEW
უნებნ	უნებნ	4	4	7.4	ephr-markhva|mrav-chrysostom-jonah|mrav-exaltation-cross|mrav-sulthmofenoba-2	REVIEW
ეშმაკისასა	ეშმაკისასა	4	4	7.4	mrav-exaltation-cross|mrav-martyrs-chrysostom-3|mrav-paul-martyrdom|mrav-timote-1	REVIEW
გჳთხრობს	გვთხრობს	4	4	7.4	chrys-epiphany-homily|mrav-exaltation-cross|mrav-natlisgeba-1|mrav-sulthmofenoba-2	REVIEW
ჩუენთანი	ჩუენთანი	4	4	7.4	inventio-stephani-lucian|mrav-exaltation-cross|mrav-kharbeba-3|mrav-new-sunday	REVIEW
უკუდავებისა	უკუდავებისა	4	3	5.6	mrav-feristsvaleba|mrav-kharbeba-1|mrav-kharbeba-3	REVIEW
უყუარდა	უყუარდა	4	3	5.6	mrav-feristsvaleba|mrav-john-baptist-decollatio-2|mrav-sinai-fathers-amonios	REVIEW
მთისა	მთისა	4	2	3.7	mrav-feristsvaleba|mrav-sinai-fathers-amonios	REVIEW
იცნის	იცნის	4	3	5.6	ephr-markhva|mrav-feristsvaleba|mrav-timote-1	REVIEW
ნუვის	ნუვის	4	3	5.6	mrav-chrysostom-jonah|mrav-feristsvaleba|mrav-paul-martyrdom	REVIEW
თქუმისა	თქუმისა	4	2	3.7	mrav-forty-martyrs|mrav-john-baptist-decollatio	REVIEW
ესწორების	ესწორების	4	4	7.4	cyril-epiphany-homily|mrav-chrysostom-jonah|mrav-forty-martyrs|mrav-john-baptist-decollatio-2	REVIEW
მეშინის	მეშინის	4	4	7.4	mrav-forty-martyrs|mrav-kharbeba-3|mrav-shoba-athanasi|mrav-sinai-fathers-amonios	REVIEW
ტანჯვისა	ტანჯვისა	4	3	5.6	mrav-forty-martyrs|mrav-shoba-athanasi|mrav-sinai-fathers-amonios	REVIEW
ერეოდა	ერეოდა	4	3	5.6	mrav-john-baptist-decollatio-2|mrav-martyrs-chrysostom-3|mrav-new-sunday	REVIEW
როკვიდა	როკვიდა	4	1	1.9	mrav-john-baptist-decollatio	REVIEW
ჰხედავა	ჰხედავა	4	4	7.4	inventio-stephani-lucian|mrav-chrysostom-jonah|mrav-john-baptist-decollatio|mrav-lazare	REVIEW
უჴრწნელებისა	უხრწნელებისა	4	2	3.7	mrav-kharbeba-1|mrav-kharbeba-2	REVIEW
კუალდ	კუალდ	4	3	5.6	mrav-chrysostom-jonah|mrav-kharbeba-1|mrav-kharbeba-3	REVIEW
ვისწავეთ	ვისწავეთ	4	3	5.6	ephr-markhva|mrav-kharbeba-1|mrav-toma-chrysostom	REVIEW
უყვეს	უყვეს	4	3	5.6	mrav-kharbeba-2|mrav-lazare|mrav-sinai-fathers-amonios	REVIEW
მაცხოვარებისა	მაცხოვარებისა	4	2	3.7	mrav-kharbeba-2|mrav-sulthmofenoba-2	REVIEW
ჰყოფთ	ჰყოფთ	4	4	7.4	mart-stepane|mrav-epiphane-mary|mrav-lazare|mrav-toma-chrysostom	REVIEW
ჩუენებად	ჩუენებად	4	3	5.6	inventio-stephani-lucian|mrav-lazare|mrav-toma-chrysostom	REVIEW
ენება	ენება	4	3	5.6	mrav-lazare|mrav-natlisgeba-okropiri|mrav-toma-chrysostom	REVIEW
მადლისაჲ	მადლისაი	4	3	5.6	mrav-lazare|mrav-sulthmofenoba-2|mrav-timote-1	REVIEW
ვაჲმე	ვაიმე	4	2	3.7	mrav-lazare|mrav-timote-1	REVIEW
შთაჰბერა	შთაჰბერა	4	2	3.7	mrav-lazare|mrav-sulthmofenoba-2	REVIEW
შრომითა	შრომითა	4	4	7.4	ephr-markhva|mrav-chrysostom-jonah|mrav-epiphane-mary|mrav-martyrs-chrysostom-3	REVIEW
ქმნის	ქმნის	4	2	3.7	ephr-markhva|mrav-sulthmofenoba-2	REVIEW
იხილენ	იხილენ	4	2	3.7	mrav-martyrs-chrysostom-2|mrav-toma-chrysostom	REVIEW
ვეზიარნეთ	ვეზიარნეთ	4	2	3.7	cyril-epiphany-homily|mrav-martyrs-chrysostom-3	REVIEW
ვიქმნენით	ვიქმნენით	4	3	5.6	cyril-epiphany-homily|mrav-martyrs-chrysostom-3|mrav-nails-inventio	REVIEW
ნუცამცა	ნუცამცა	4	3	5.6	mrav-epiphane-mary|mrav-new-sunday|mrav-timote-1	REVIEW
მტერნო	მტერნო	4	3	5.6	chrys-epiphany-homily|mrav-shoba-athanasi|mrav-sinai-fathers-amonios	REVIEW
შთაჴდის	შთახდის	4	2	3.7	mrav-natlisgeba-okropiri|mrav-sulthmofenoba-2	REVIEW
იყოფინ	იყოფინ	4	3	5.6	cyril-epiphany-homily|mrav-epiphane-mary|proclus-hom-theotokos	REVIEW
მხოლოდშობილი	მხოლოდშობილი	4	3	5.6	cyril-epiphany-homily|mrav-new-sunday|mrav-sulthmofenoba-1	REVIEW
კაცნო	კაცნო	4	2	3.7	mrav-paul-martyrdom|mrav-sulthmofenoba-2	REVIEW
ჰრომეს	ჰრომეს	4	2	3.7	mrav-paul-martyrdom|mrav-peter-martyrdom	REVIEW
ქალწულივე	ქალწულივე	4	2	3.7	mrav-shoba-athanasi|proclus-hom-theotokos	REVIEW
ერთღმრთეება	ერთღმრთეება	4	1	1.9	mrav-epiphane-mary	REVIEW
სენაკებსა	სენაკებსა	4	1	1.9	mrav-sinai-fathers-amonios	REVIEW
ვპოვეთ	ვპოვეთ	4	2	3.7	inventio-stephani-lucian|mrav-sinai-fathers-amonios	REVIEW
გჳთხრა	გვთხრა	4	1	1.9	mrav-sinai-fathers-amonios	REVIEW
ჩემთაგან	ჩემთაგან	4	3	5.6	inventio-stephani-lucian|mrav-sinai-fathers-amonios|mrav-toma-chrysostom	REVIEW
რაითს	რაითს	4	1	1.9	mrav-sinai-fathers-amonios	REVIEW
ჩუენებასა	ჩუენებასა	4	1	1.9	inventio-stephani-lucian	REVIEW
ჯუარცუმისა	ჯუარცუმისა	3	1	1.9	mrav-aghdgoma-kyrile	REVIEW
ხარებდინ	იხარებდინ	3	3	5.6	cyril-epiphany-homily|mrav-aghdgoma-kyrile|mrav-epiphane-mary	REVIEW
სიკუდილისათჳს	სიკუდილისათვს	3	3	5.6	mrav-aghdgoma-kyrile|mrav-exaltation-cross|mrav-sinai-fathers-amonios	REVIEW
ძლევისა	ძლევისა	3	3	5.6	mrav-aghdgoma-kyrile|mrav-lazare|mrav-martyrs-chrysostom-2	REVIEW
გჳთხრობენ	გვთხრობენ	3	2	3.7	mrav-aghdgoma-kyrile|mrav-feristsvaleba	REVIEW
მეა	მეა	3	3	5.6	mrav-aghdgoma-kyrile|mrav-antipater-bostrensis-1|mrav-chrysostom-jonah	REVIEW
უხაროდა	უხაროდა	3	3	5.6	mrav-aghdgoma-kyrile|mrav-enkenia-2|mrav-forty-martyrs	REVIEW
წინაწარმეტყუელებს	წინაწარმეტყუელებს	3	1	1.9	mrav-aghdgoma-kyrile	REVIEW
თჳსთაგან	თვსთაგან	3	3	5.6	mrav-aghdgoma-kyrile|mrav-martyrs-chrysostom-3|mrav-sinai-fathers-amonios	REVIEW
სამეუფოჲთა	სამეუფოითა	3	3	5.6	mrav-aghdgoma-kyrile|mrav-chrysostom-jonah|mrav-john-baptist-decollatio	REVIEW
მდინარეთა	მდინარეთა	3	1	1.9	mrav-aghdgoma-kyrile	REVIEW
ჯუარსეცუა	ჯუარსეცუა	3	2	3.7	mrav-aghdgoma-kyrile|mrav-exaltation-cross	REVIEW
სად	სად	3	3	5.6	cyril-epiphany-homily|inventio-stephani-lucian|mrav-aghdgoma-kyrile	REVIEW
კლდისასა	კლდისასა	3	2	3.7	mrav-aghdgoma-kyrile|mrav-enkenia-2	REVIEW
ედების	ედების	3	3	5.6	mrav-aghdgoma-kyrile|mrav-epiphane-mary|mrav-shoba-athanasi	REVIEW
სოფლის	სოფლის	3	3	5.6	mrav-aghdgoma-kyrile|mrav-bzoba-severian|mrav-toma-chrysostom	REVIEW
ურჩებითა	ურჩებითა	3	3	5.6	mrav-aghdgoma-kyrile|mrav-kharbeba-3|proclus-hom-theotokos	REVIEW
ნიკოდემოს	ნიკოდემოს	3	2	3.7	inventio-stephani-lucian|mrav-aghdgoma-kyrile	REVIEW
მჴნენი	მხნენი	3	2	3.7	mrav-aghdgoma-kyrile|mrav-forty-martyrs	REVIEW
მათთაგან	მათთაგან	3	2	3.7	mrav-aghdgoma-kyrile|mrav-martyrs-chrysostom	REVIEW
ვპოვე	ვპოვე	3	3	5.6	mrav-aghdgoma-kyrile|mrav-lazare|mrav-toma-chrysostom	REVIEW
თქუან	თქუან	3	3	5.6	cyril-epiphany-homily|mrav-aghdgoma-kyrile|mrav-timote-1	REVIEW
იხარებდით	იხარებდით	3	3	5.6	mrav-aghdgoma-kyrile|mrav-epiphane-mary|mrav-kharbeba-1	REVIEW
თქუთ	თქუთ	3	1	1.9	mrav-aghdgoma-kyrile	REVIEW
ესმეს	ესმეს	3	3	5.6	mrav-aghdgoma-kyrile|mrav-aghdgoma-meletios|mrav-sulthmofenoba-2	REVIEW
ვარწმუნოთ	ვარწმუნოთ	3	2	3.7	mrav-aghdgoma-kyrile|mrav-aghdgoma-meletios	REVIEW
ვცხონდეთ	ვცხონდეთ	3	3	5.6	mrav-aghdgoma-kyrile|mrav-forty-martyrs|mrav-paul-martyrdom	REVIEW
მკუდრისა	მკუდრისა	3	2	3.7	mrav-aghdgoma-kyrile|mrav-aghdgoma-meletios	REVIEW
ელიაცა	ელიაცა	3	3	5.6	mrav-aghdgoma-kyrile|mrav-feristsvaleba|mrav-lazare	REVIEW
სიკუდილდ	სიკუდილდ	3	3	5.6	ephr-markhva|mrav-aghdgoma-kyrile|mrav-enkenia-1	REVIEW
კეთილთაჲ	კეთილთაი	3	3	5.6	mrav-aghdgoma-kyrile|mrav-forty-martyrs|mrav-kharbeba-2	REVIEW
გუქონან	გუქონან	3	1	1.9	mrav-aghdgoma-kyrile	REVIEW
ვიპოვენით	ვიპოვენით	3	2	3.7	mrav-aghdgoma-kyrile|mrav-departed-ephrem	REVIEW
ვწამეთ	ვწამეთ	3	2	3.7	mrav-aghdgoma-kyrile|mrav-departed-ephrem	REVIEW
იქმნები	იქმნები	3	3	5.6	mrav-aghdgoma-kyrile|mrav-lazare|mrav-toma-chrysostom	REVIEW
ელეონით	ელეონით	3	1	1.9	mrav-aghdgoma-kyrile	REVIEW
გესმეს	გესმეს	3	3	5.6	inventio-stephani-lucian|mrav-aghdgoma-kyrile|mrav-bzoba-severian	REVIEW
კჳრიაკესა	კვრიაკესა	3	2	3.7	mrav-aghdgoma-kyrile|mrav-sinai-fathers-amonios	REVIEW
საძიებელ	საძიებელ	3	3	5.6	mrav-aghdgoma-kyrile|mrav-aghdgoma-meletios|mrav-john-baptist-decollatio-2	REVIEW
ღაღადებითა	ღაღადებითა	3	3	5.6	mrav-aghdgoma-kyrile|mrav-bzoba-meletios|mrav-kharbeba-2	REVIEW
მთავარნო	მთავარნო	3	3	5.6	mrav-aghdgoma-kyrile|mrav-amaghleba|mrav-basili-1	REVIEW
სხუასაცა	სხუასაცა	3	3	5.6	inventio-stephani-lucian|mrav-aghdgoma-kyrile|mrav-feristsvaleba	REVIEW
უტჳრთავს	უტვრთავს	3	3	5.6	mrav-aghdgoma-kyrile|mrav-cross-vision|mrav-kharbeba-2	REVIEW
მათთაჲთა	მათთაითა	3	3	5.6	mrav-aghdgoma-kyrile|mrav-kharbeba-2|mrav-martyrs-chrysostom-2	REVIEW
ჴსნილ	ხსნილ	3	3	5.6	mrav-aghdgoma-kyrile|mrav-feristsvaleba|mrav-martyrs-chrysostom-2	REVIEW
უფლით	უფლით	3	3	5.6	mrav-aghdgoma-kyrile|mrav-amaghleba|mrav-timote-1	REVIEW
სიმტკიცესა	სიმტკიცესა	3	3	5.6	mrav-aghdgoma-kyrile|mrav-epiphane-mary|mrav-peter-martyrdom	REVIEW
ესმის	ესმის	3	3	5.6	mrav-aghdgoma-kyrile|mrav-enkenia-2|mrav-sinai-fathers-amonios	REVIEW
იქმნებით	იქმნებით	3	2	3.7	mrav-aghdgoma-meletios|mrav-departed-ephrem	REVIEW
საჴმარ	სახმარ	3	3	5.6	mrav-aghdgoma-meletios|mrav-enkenia-2|mrav-exaltation-cross	REVIEW
მაგისთჳს	მაგისთვს	3	3	5.6	mrav-aghdgoma-meletios|mrav-bzoba-meletios|mrav-cross-vision	REVIEW
უთხრობთ	უთხრობთ	3	2	3.7	mrav-aghdgoma-meletios|mrav-feristsvaleba	REVIEW
იუგეს	მიუგეს	3	2	3.7	mrav-aghdgoma-meletios|mrav-enkenia-2	REVIEW
ცხოვრებისაგან	ცხოვრებისაგან	3	3	5.6	hesych-hypapante-01|mrav-aghdgoma-meletios|mrav-sinai-fathers-amonios	REVIEW
უჩუენნა	უჩუენნა	3	3	5.6	mrav-aghdgoma-meletios|mrav-amaghleba|mrav-epiphane-mary	REVIEW
ჴორციელებისა	ხორციელებისა	3	3	5.6	mrav-aghdgoma-meletios|mrav-bzoba-severian|mrav-toma-chrysostom	REVIEW
ცუმად	ცუმად	3	2	3.7	mrav-aghdgoma-meletios|mrav-peter-martyrdom	REVIEW
წყალობისათჳს	წყალობისათვს	3	2	3.7	mrav-aghdgoma-meletios|proclus-hom-theotokos	REVIEW
მაღლით	მაღლით	3	3	5.6	mrav-amaghleba|mrav-sulthmofenoba-2|proclus-hom-theotokos	REVIEW
ვიდოდა	ვიდოდა	3	2	3.7	mrav-amaghleba|mrav-epiphane-mary	REVIEW
იყოო	იყოო	3	3	5.6	mrav-amaghleba|mrav-bzoba-meletios|mrav-bzoba-severian	REVIEW
სიმრავლემან	სიმრავლემან	3	3	5.6	mart-stepane|mrav-antipater-bostrensis-1|mrav-sulthmofenoba-2	REVIEW
მუცლითა	მუცლითა	3	2	3.7	mrav-antipater-bostrensis-1|mrav-epiphane-mary	REVIEW
მდგომელ	მდგომელ	3	3	5.6	mrav-antipater-bostrensis-1|mrav-dormition-2|mrav-feristsvaleba	REVIEW
რისხვისა	რისხვისა	3	3	5.6	cyril-epiphany-homily|mrav-antipater-bostrensis-1|mrav-natlisgeba-okropiri	REVIEW
იოვანჱს	იოვანეს	3	3	5.6	chrys-epiphany-homily|mrav-antipater-bostrensis-1|mrav-natlisgeba-okropiri	REVIEW
ჲ	ი	3	3	5.6	inventio-stephani-lucian|mrav-antipater-bostrensis-1|mrav-kharbeba-2	REVIEW
ვიქმნე	ვიქმნე	3	2	3.7	mrav-antipater-bostrensis-1|mrav-toma-chrysostom	REVIEW
ერთობითა	ერთობითა	3	3	5.6	mrav-antipater-bostrensis-1|mrav-bzoba-iohannes|mrav-enkenia-2	REVIEW
საშოჲ	საშოი	3	3	5.6	mrav-antipater-bostrensis-1|mrav-dormition-2|mrav-epiphane-mary	REVIEW
ბრძოლითა	ბრძოლითა	3	2	3.7	mrav-antipater-bostrensis-1|mrav-martyrs-chrysostom-3	REVIEW
გჳთქუამს	გვთქუამს	3	3	5.6	mrav-antipater-bostrensis-1|mrav-dormition-1|mrav-forty-martyrs	REVIEW
ვდგა	ვდგა	3	3	5.6	mrav-antipater-bostrensis-1|mrav-dormition-2|mrav-lazare	REVIEW
გიჩს	გიჩს	3	3	5.6	mrav-antipater-bostrensis-1|mrav-basili-1|mrav-bzoba-severian	REVIEW
მრავლით	მრავლით	3	3	5.6	mrav-antipater-bostrensis-1|mrav-nails-inventio|mrav-sinai-fathers-amonios	REVIEW
სალმობისა	სალმობისა	3	3	5.6	mrav-antipater-bostrensis-1|mrav-kharbeba-2|mrav-kharbeba-3	REVIEW
ზრახვიდა	ზრახვიდა	3	3	5.6	mrav-antipater-bostrensis-1|mrav-feristsvaleba|mrav-paul-martyrdom	REVIEW
შვე	შვე	3	3	5.6	mrav-antipater-bostrensis-1|mrav-kharbeba-1|mrav-kharbeba-3	REVIEW
რომელიცა	რომელიცა	3	3	5.6	mart-iaqob-up-dzma|mrav-antipater-bostrensis-1|mrav-nativity-theotokos	REVIEW
ისწრაფა	ისწრაფა	3	3	5.6	mrav-antipater-bostrensis-1|mrav-cross-vision|mrav-john-baptist-decollatio	REVIEW
ოგო	ოგო	3	3	5.6	mart-stepane|mrav-antipater-bostrensis-1|proclus-hom-theotokos	REVIEW
ეკლესიისათჳს	ეკლესიისათვს	3	1	1.9	mrav-basili-1	REVIEW
ჰკითხა	ჰკითხა	3	3	5.6	mrav-basili-1|mrav-cross-vision|mrav-sinai-fathers-amonios	REVIEW
ეკლესიისაჲ	ეკლესიისაი	3	2	3.7	inventio-stephani-lucian|mrav-basili-1	REVIEW
ბეჭდითა	ბეჭდითა	3	3	5.6	mrav-basili-1|mrav-epiphane-mary|mrav-sulthmofenoba-1	REVIEW
ეკლესიისათა	ეკლესიისათა	3	3	5.6	inventio-stephani-lucian|mrav-basili-1|mrav-epiphane-mary	REVIEW
სახლად	სახლად	3	2	3.7	mrav-basili-1|mrav-lazare	REVIEW
სირცხჳლეულ	სირცხვლეულ	3	3	5.6	mrav-basili-1|mrav-martyrs-chrysostom-3|mrav-peter-martyrdom	REVIEW
ქრისტიანეთა	ქრისტიანეთა	3	3	5.6	mrav-basili-2|mrav-kharbeba-1|mrav-sinai-fathers-amonios	REVIEW
თჳსსავე	თვსსავე	3	3	5.6	mrav-basili-2|mrav-exaltation-cross|mrav-sinai-fathers-amonios	REVIEW
საქმეთაგან	საქმეთაგან	3	3	5.6	mrav-basili-2|mrav-john-baptist-decollatio|mrav-toma-chrysostom	REVIEW
ურწმუნოებისა	ურწმუნოებისა	3	3	5.6	mrav-basili-2|mrav-lazare|mrav-toma-chrysostom	REVIEW
იღეს	იღეს	3	2	3.7	mrav-basili-2|mrav-sulthmofenoba-2	REVIEW
მადლისასა	მადლისასა	3	3	5.6	mrav-basili-2|mrav-natlisgeba-okropiri|mrav-sulthmofenoba-2	REVIEW
მხოლომან	მხოლომან	3	3	5.6	mrav-basili-2|mrav-kharbeba-1|mrav-toma-chrysostom	REVIEW
წმიდას	წმიდას	3	3	5.6	mrav-bound-ioane-zosime|mrav-colophon-makari|mrav-sinai-fathers-amonios	REVIEW
სიხარულისასა	სიხარულისასა	3	3	5.6	mrav-bzoba-iohannes|mrav-feristsvaleba|mrav-martyrs-chrysostom-3	REVIEW
საკჳრველებითა	საკვრველებითა	3	3	5.6	mrav-bzoba-iohannes|mrav-lazare|mrav-shoba-athanasi	REVIEW
წინაწარმეტყუელებით	წინაწარმეტყუელებით	3	3	5.6	hesych-hypapante-01|mrav-bzoba-iohannes|mrav-kharbeba-1	REVIEW
ჰკითხვენ	ჰკითხვენ	3	2	3.7	mrav-bzoba-iohannes|mrav-chrysostom-jonah	REVIEW
უგალობენ	უგალობენ	3	3	5.6	mrav-bzoba-iohannes|mrav-bzoba-severian|mrav-kharbeba-3	REVIEW
ესაიაჲსგან	ესაიაისგან	3	3	5.6	mrav-bzoba-iohannes|mrav-bzoba-severian|mrav-enkenia-2	REVIEW
ყონ	ყონ	3	2	3.7	mrav-bzoba-iohannes|mrav-sulthmofenoba-1	REVIEW
ცნან	ცნან	3	3	5.6	hesych-hypapante-01|mart-stepane|mrav-bzoba-iohannes	REVIEW
ისწაოს	ისწაოს	3	2	3.7	mrav-bzoba-iohannes|mrav-chrysostom-jonah	REVIEW
ღმრთივ	ღმრთივ	3	3	5.6	mrav-bzoba-iohannes|mrav-dormition-1|mrav-feristsvaleba	REVIEW
უფლად	უფლად	3	2	3.7	mrav-bzoba-iohannes|mrav-toma-chrysostom	REVIEW
საშინელებით	საშინელებით	3	3	5.6	hesych-hypapante-01|mrav-bzoba-iohannes|mrav-kharbeba-1	REVIEW
სათნოჲ	სათნოი	3	3	5.6	mrav-bzoba-iohannes|mrav-feristsvaleba|mrav-forty-martyrs	REVIEW
სამებისა	სამებისა	3	3	5.6	mrav-bzoba-iohannes|mrav-colophon-makari|mrav-lazare	REVIEW
იტყუის	იტყუის	3	2	3.7	mrav-bzoba-iohannes|mrav-lazare	REVIEW
რქუეს	რქუეს	3	2	3.7	mrav-bzoba-iohannes|mrav-bzoba-meletios	REVIEW
იტყუიან	იტყუიან	3	2	3.7	mrav-bzoba-iohannes|mrav-bzoba-meletios	REVIEW
სიბოროტესა	სიბოროტესა	3	2	3.7	mrav-bzoba-iohannes|mrav-john-baptist-decollatio-2	REVIEW
ომელ	რომელ	3	3	5.6	chrys-epiphany-homily|inventio-stephani-lucian|mrav-bzoba-iohannes	REVIEW
წინაწარმეტყუელთაგან	წინაწარმეტყუელთაგან	3	3	5.6	mrav-bzoba-iohannes|mrav-john-baptist-decollatio-2|mrav-sulthmofenoba-1	REVIEW
ვითარღამცა	ვითარღამცა	3	2	3.7	mrav-bzoba-iohannes|mrav-natlisgeba-1	REVIEW
მხილებულ	მხილებულ	3	2	3.7	mrav-bzoba-iohannes|mrav-bzoba-severian	REVIEW
ცოდვისაჲ	ცოდვისაი	3	3	5.6	mrav-bzoba-iohannes|mrav-kharbeba-3|mrav-sulthmofenoba-2	REVIEW
ყრმებსა	ყრმებსა	3	1	1.9	mrav-bzoba-meletios	REVIEW
ეგენი	ეგენი	3	3	5.6	mart-stepane|mrav-bzoba-meletios|mrav-bzoba-severian	REVIEW
საქმეთაჲ	საქმეთაი	3	3	5.6	mrav-bzoba-meletios|mrav-chrysostom-jonah|proclus-hom-theotokos	REVIEW
ქებითა	ქებითა	3	3	5.6	mrav-bzoba-meletios|mrav-forty-martyrs|mrav-kharbeba-2	REVIEW
რტოჲ	რტოი	3	2	3.7	mrav-bzoba-meletios|mrav-shoba-athanasi	REVIEW
ვნებად	ვნებად	3	3	5.6	mrav-bzoba-severian|mrav-chrysostom-jonah|mrav-feristsvaleba	REVIEW
სხუათაცა	სხუათაცა	3	3	5.6	mrav-bzoba-severian|mrav-natlisgeba-1|mrav-sinai-fathers-amonios	REVIEW
პირველსავე	პირველსავე	3	3	5.6	hesych-hypapante-01|mrav-bzoba-severian|mrav-enkenia-1	REVIEW
ვისთჳს	ვისთვს	3	2	3.7	mrav-bzoba-severian|mrav-cross-vision	REVIEW
ძუელისაგან	ძუელისაგან	3	2	3.7	mrav-bzoba-severian|mrav-enkenia-1	REVIEW
ევიდა	შევიდა	3	3	5.6	mrav-bzoba-severian|mrav-shoba-athanasi|mrav-toma-chrysostom	REVIEW
ჰგვანდა	ჰგვანდა	3	2	3.7	mrav-bzoba-severian|mrav-shoba-athanasi	REVIEW
მამისათჳს	მამისათვს	3	2	3.7	mrav-bzoba-severian|mrav-sulthmofenoba-1	REVIEW
ძისათჳს	ძისათვს	3	2	3.7	mrav-bzoba-severian|mrav-feristsvaleba	REVIEW
თჳს	თვს	3	2	3.7	mrav-bzoba-severian|mrav-enkenia-2	REVIEW
ითხოვს	ითხოვს	3	1	1.9	mrav-bzoba-severian	REVIEW
სხჳსა	სხვსა	3	3	5.6	mrav-bzoba-severian|mrav-forty-martyrs|mrav-lazare	REVIEW
ჩუენებით	ჩუენებით	3	3	5.6	mrav-bzoba-severian|mrav-epiphane-mary|mrav-kharbeba-1	REVIEW
ყვენით	ყვენით	3	3	5.6	cyril-epiphany-homily|mrav-bzoba-severian|mrav-enkenia-2	REVIEW
დიდებულისა	დიდებულისა	3	3	5.6	inventio-stephani-lucian|mrav-colophon-makari|mrav-kharbeba-2	REVIEW
მყო	მყო	3	3	5.6	chrys-epiphany-homily|mrav-colophon-makari|mrav-kharbeba-2	REVIEW
ძმისა	ძმისა	3	3	5.6	mrav-colophon-makari|mrav-cross-vision|mrav-john-baptist-decollatio	REVIEW
საბა	საბა	3	2	3.7	mrav-colophon-makari|mrav-sinai-fathers-amonios	REVIEW
ჰელენე	ჰელენე	3	1	1.9	mrav-cross-vision	REVIEW
ორას	ორას	3	2	3.7	mrav-cross-vision|mrav-nails-inventio	REVIEW
ნუცაღა	ნუცაღა	3	3	5.6	mrav-cross-vision|mrav-enkenia-2|mrav-john-baptist-decollatio	REVIEW
გიც	გიც	3	3	5.6	mrav-cross-vision|mrav-kharbeba-2|mrav-sulthmofenoba-2	REVIEW
ჰზი	ჰზი	3	2	3.7	mrav-cross-vision|mrav-timote-1	REVIEW
თხრად	თხრად	3	2	3.7	inventio-stephani-lucian|mrav-cross-vision	REVIEW
მეცხრესა	მეცხრესა	3	2	3.7	mrav-cross-vision|mrav-sinai-fathers-amonios	REVIEW
იუდაჲსგან	იუდაისგან	3	2	3.7	mrav-cross-vision|mrav-natlisgeba-1	REVIEW
ვყო	ვყო	3	3	5.6	mrav-cross-vision|mrav-enkenia-1|mrav-lazare	REVIEW
ცუმული	ცუმული	3	2	3.7	mrav-cross-vision|mrav-martyrs-chrysostom-2	REVIEW
კჳრიაკოს	კვრიაკოს	3	2	3.7	mrav-cross-vision|mrav-nails-inventio	REVIEW
ჰრწამნ	ჰრწამნ	3	2	3.7	mrav-departed-ephrem|mrav-shoba-athanasi	REVIEW
წიგნთაჲ	წიგნთაი	3	2	3.7	mrav-departed-ephrem|mrav-kharbeba-2	REVIEW
სმენითა	სმენითა	3	2	3.7	mrav-departed-ephrem|mrav-natlisgeba-1	REVIEW
ცხოველთაჲ	ცხოველთაი	3	2	3.7	mrav-departed-ephrem|mrav-toma-chrysostom	REVIEW
ვსცეთ	ვსცეთ	3	2	3.7	mrav-departed-ephrem|mrav-martyrs-chrysostom-2	REVIEW
დიდებულმან	დიდებულმან	3	2	3.7	mrav-departed-ephrem|mrav-lazare	REVIEW
თქუენისაჲ	თქუენისაი	3	2	3.7	mrav-departed-ephrem|mrav-enkenia-1	REVIEW
ენმანუელ	ენმანუელ	3	3	5.6	mart-stepane|mrav-dormition-1|mrav-shoba-athanasi	REVIEW
ნათლისაო	ნათლისაო	3	3	5.6	mrav-dormition-1|mrav-dormition-2|mrav-kharbeba-1	REVIEW
მთად	მთად	3	3	5.6	mrav-dormition-1|mrav-kharbeba-2|mrav-sinai-fathers-amonios	REVIEW
ვღაღადებთ	ვღაღადებთ	3	2	3.7	mrav-dormition-1|mrav-lazare	REVIEW
ევაჲსი	ევაისი	3	3	5.6	mrav-dormition-1|mrav-dormition-2|mrav-kharbeba-3	REVIEW
ეც	ეც	3	3	5.6	mrav-dormition-1|mrav-enkenia-1|mrav-forty-martyrs	REVIEW
ცათანი	ცათანი	3	3	5.6	cyril-epiphany-homily|mrav-dormition-2|mrav-epiphane-mary	REVIEW
ღმრთეებით	ღმრთეებით	3	3	5.6	mrav-dormition-2|mrav-feristsvaleba|mrav-kharbeba-3	REVIEW
გეტყჳს	გეტყვს	3	2	3.7	mrav-dormition-2|mrav-enkenia-2	REVIEW
ცხონდების	ცხონდების	3	3	5.6	mrav-dormition-2|mrav-epiphane-mary|mrav-lazare	REVIEW
წმიდისამან	წმიდისამან	3	3	5.6	mrav-dormition-2|mrav-nails-inventio|mrav-natlisgeba-1	REVIEW
ვსცემთ	ვსცემთ	3	3	5.6	mrav-dormition-2|mrav-shoba-athanasi|mrav-toma-chrysostom	REVIEW
მესათხევლენი	მესათხევლენი	3	2	3.7	mrav-enkenia-1|mrav-shoba-athanasi	REVIEW
ბრძოლისაჲ	ბრძოლისაი	3	1	1.9	mrav-enkenia-1	REVIEW
ყოვლითავე	ყოვლითავე	3	3	5.6	mrav-enkenia-1|mrav-epiphane-mary|mrav-kharbeba-1	REVIEW
ქალწულ	ქალწულ	3	3	5.6	mrav-enkenia-1|mrav-timote-1|proclus-hom-theotokos	REVIEW
ცეცხლისანი	ცეცხლისანი	3	3	5.6	cyril-epiphany-homily|mart-stepane|mrav-enkenia-1	REVIEW
ჩჩჳლ	ჩჩვლ	3	3	5.6	mart-stepane|mrav-enkenia-1|mrav-shoba-athanasi	REVIEW
სამოსლითა	სამოსლითა	3	3	5.6	mrav-enkenia-1|mrav-martyrs-chrysostom-3|mrav-sulthmofenoba-2	REVIEW
საჭმლად	საჭმლად	3	2	3.7	mrav-enkenia-1|mrav-sinai-fathers-amonios	REVIEW
ენებოს	ენებოს	3	2	3.7	hesych-hypapante-01|mrav-enkenia-1	REVIEW
მსახურ	მსახურ	3	3	5.6	cyril-epiphany-homily|mrav-enkenia-1|mrav-feristsvaleba	REVIEW
ვიდრეღა	ვიდრეღა	3	3	5.6	mrav-enkenia-1|mrav-forty-martyrs|mrav-john-baptist-decollatio-2	REVIEW
ბუნებათაჲ	ბუნებათაი	3	3	5.6	mrav-enkenia-1|mrav-shoba-athanasi|proclus-hom-theotokos	REVIEW
სიტყუათაჲ	სიტყუათაი	3	3	5.6	mrav-enkenia-1|mrav-kharbeba-2|mrav-shoba-athanasi	REVIEW
გუემითა	გუემითა	3	3	5.6	inventio-stephani-lucian|mrav-enkenia-1|mrav-martyrs-chrysostom-2	REVIEW
როკვად	როკვად	3	2	3.7	mrav-enkenia-1|mrav-john-baptist-decollatio	REVIEW
ჰეროდჱსსა	ჰეროდესსა	3	3	5.6	mrav-enkenia-1|mrav-feristsvaleba|mrav-john-baptist-decollatio	REVIEW
იმარხვენ	იმარხვენ	3	2	3.7	ephr-markhva|mrav-enkenia-1	REVIEW
მსახურებისათჳს	მსახურებისათვს	3	3	5.6	mrav-enkenia-1|mrav-forty-martyrs|mrav-sulthmofenoba-2	REVIEW
წყალთასა	წყალთასა	3	3	5.6	chrys-epiphany-homily|mrav-enkenia-2|mrav-martyrs-chrysostom-2	REVIEW
ცისანი	ცისანი	3	3	5.6	mart-stepane|mrav-enkenia-2|mrav-kharbeba-2	REVIEW
ძეთა	ძეთა	3	3	5.6	mrav-enkenia-2|mrav-kharbeba-1|mrav-kharbeba-3	REVIEW
ისმა	ისმა	3	2	3.7	mrav-chrysostom-jonah|mrav-enkenia-2	REVIEW
თქუმითა	თქუმითა	3	3	5.6	mrav-enkenia-2|mrav-forty-martyrs|mrav-lazare	REVIEW
უთხრობდა	უთხრობდა	3	3	5.6	mart-stepane|mrav-enkenia-2|mrav-natlisgeba-okropiri	REVIEW
კაცთათჳს	კაცთათვს	3	3	5.6	mrav-exaltation-cross|mrav-forty-martyrs|mrav-martyrs-chrysostom-2	REVIEW
სცის	სცის	3	2	3.7	mrav-exaltation-cross|mrav-sulthmofenoba-2	REVIEW
უხარინ	უხარინ	3	3	5.6	mrav-chrysostom-jonah|mrav-exaltation-cross|mrav-feristsvaleba	REVIEW
ნუგესინის	ნუგესინის	3	3	5.6	mrav-chrysostom-jonah|mrav-exaltation-cross|mrav-forty-martyrs	REVIEW
ხედვად	ხედვად	3	3	5.6	mrav-exaltation-cross|mrav-shoba-athanasi|mrav-sinai-fathers-amonios	REVIEW
ხენი	ხენი	3	3	5.6	mrav-exaltation-cross|mrav-martyrs-chrysostom-2|mrav-natlisgeba-1	REVIEW
იმსახურების	იმსახურების	3	2	3.7	mrav-exaltation-cross|mrav-toma-chrysostom	REVIEW
იესუჲსი	იესუისი	3	3	5.6	mrav-exaltation-cross|mrav-john-baptist-decollatio|mrav-lazare	REVIEW
იქადაგებოდა	იქადაგებოდა	3	2	3.7	mrav-exaltation-cross|mrav-kharbeba-2	REVIEW
გუესწავა	გუესწავა	3	1	1.9	mrav-exaltation-cross	REVIEW
ღმრთეებისაჲთა	ღმრთეებისაითა	3	3	5.6	mrav-epiphane-mary|mrav-exaltation-cross|mrav-kharbeba-3	REVIEW
ცხოვრებისათჳს	ცხოვრებისათვს	3	3	5.6	mrav-epiphane-mary|mrav-exaltation-cross|mrav-natlisgeba-1	REVIEW
ჭეშმარიტებითა	ჭეშმარიტებითა	3	3	5.6	mrav-exaltation-cross|mrav-feristsvaleba|mrav-kharbeba-3	REVIEW
გლოვად	გლოვად	3	2	3.7	mrav-exaltation-cross|mrav-kharbeba-2	REVIEW
მაღლითა	მაღლითა	3	2	3.7	mrav-feristsvaleba|mrav-sinai-fathers-amonios	REVIEW
უფლისათა	უფლისათა	3	3	5.6	mart-iaqob-up-dzma|mrav-feristsvaleba|mrav-john-baptist-decollatio	REVIEW
მეუფემან	მეუფემან	3	2	3.7	mrav-feristsvaleba|mrav-paul-martyrdom	REVIEW
საკჳრველებისა	საკვრველებისა	3	2	3.7	mrav-feristsvaleba|mrav-kharbeba-2	REVIEW
მარკოზ	მარკოზ	3	2	3.7	mrav-feristsvaleba|mrav-sulthmofenoba-2	REVIEW
ნეტართაჲ	ნეტართაი	3	2	3.7	mrav-feristsvaleba|mrav-forty-martyrs	REVIEW
მთავრისაჲ	მთავრისაი	3	3	5.6	mrav-feristsvaleba|mrav-forty-martyrs|mrav-kharbeba-1	REVIEW
იწამა	იწამა	3	2	3.7	mrav-feristsvaleba|mrav-john-baptist-decollatio	REVIEW
ისრაელისანი	ისრაელისანი	3	3	5.6	hesych-hypapante-01|mrav-feristsvaleba|mrav-lazare	REVIEW
ჴელმწიფებისა	ხელმწიფებისა	3	2	3.7	mrav-feristsvaleba|mrav-new-sunday	REVIEW
დებითა	დებითა	3	2	3.7	cyril-epiphany-homily|mrav-feristsvaleba	REVIEW
ჭეშმარიტებისასა	ჭეშმარიტებისასა	3	3	5.6	mrav-feristsvaleba|mrav-paul-martyrdom|mrav-toma-chrysostom	REVIEW
სიბრძნემან	სიბრძნემან	3	3	5.6	mrav-feristsvaleba|mrav-john-baptist-decollatio-2|mrav-kharbeba-3	REVIEW
ქადაგებს	ქადაგებს	3	3	5.6	mrav-epiphane-mary|mrav-feristsvaleba|mrav-sulthmofenoba-1	REVIEW
ჟამისაჲ	ჟამისაი	3	2	3.7	mrav-feristsvaleba|mrav-forty-martyrs	REVIEW
სათნოებისა	სათნოებისა	3	3	5.6	mrav-feristsvaleba|mrav-forty-martyrs|mrav-kharbeba-2	REVIEW
რომელთათჳს	რომელთათვს	3	2	3.7	mrav-forty-martyrs|mrav-kharbeba-2	REVIEW
სხჳთ	სხვთ	3	3	5.6	mart-iaqob-up-dzma|mrav-forty-martyrs|mrav-shoba-athanasi	REVIEW
ერთისაგან	ერთისაგან	3	2	3.7	mrav-forty-martyrs|mrav-sinai-fathers-amonios	REVIEW
კაცადი	კაცადი	3	2	3.7	cyril-epiphany-homily|mrav-forty-martyrs	REVIEW
კაცადმან	კაცადმან	3	2	3.7	mrav-forty-martyrs|mrav-sulthmofenoba-2	REVIEW
უთქუმიდა	უთქუმიდა	3	2	3.7	mrav-chrysostom-jonah|mrav-forty-martyrs	REVIEW
სასოებისა	სასოებისა	3	2	3.7	mrav-forty-martyrs|mrav-kharbeba-3	REVIEW
სიმართლისათჳს	სიმართლისათვს	3	3	5.6	ephr-markhva|mrav-forty-martyrs|mrav-sulthmofenoba-2	REVIEW
სძითა	სძითა	3	3	5.6	mrav-forty-martyrs|mrav-kharbeba-2|mrav-kharbeba-3	REVIEW
უხეთქნა	უხეთქნა	3	2	3.7	mart-iaqob-up-dzma|mrav-sinai-fathers-amonios	REVIEW
მათვე	მათვე	3	3	5.6	inventio-stephani-lucian|mart-iaqob-up-dzma|mrav-chrysostom-jonah	REVIEW
მართაჲ	მართაი	3	2	3.7	mrav-ioane-zosime|mrav-lazare	REVIEW
ძმის	ძმის	3	2	3.7	mrav-john-baptist-decollatio|mrav-john-baptist-decollatio-2	REVIEW
სამსონს	სამსონს	3	1	1.9	mrav-john-baptist-decollatio-2	REVIEW
წჳმისა	წვმისა	3	3	5.6	mrav-john-baptist-decollatio-2|mrav-lazare|proclus-hom-theotokos	REVIEW
მჴნესა	მხნესა	3	1	1.9	mrav-john-baptist-decollatio-2	REVIEW
დედაკაცისაჲ	დედაკაცისაი	3	3	5.6	mrav-john-baptist-decollatio-2|mrav-lazare|mrav-natlisgeba-okropiri	REVIEW
მემცა	მემცა	3	3	5.6	cyril-epiphany-homily|mrav-john-baptist-decollatio-2|mrav-natlisgeba-1	REVIEW
სუმად	სუმად	3	3	5.6	mart-stepane|mrav-john-baptist-decollatio|mrav-lazare	REVIEW
გონიერებითა	გონიერებითა	3	3	5.6	mrav-john-baptist-decollatio|mrav-kharbeba-3|mrav-paul-martyrdom	REVIEW
ფიცხლისა	ფიცხლისა	3	3	5.6	mrav-john-baptist-decollatio|mrav-lazare|mrav-new-sunday	REVIEW
მცემელისაჲ	მცემელისაი	3	2	3.7	mrav-john-baptist-decollatio|mrav-lazare	REVIEW
საქმისაჲ	საქმისაი	3	3	5.6	cyril-epiphany-homily|mrav-chrysostom-jonah|mrav-john-baptist-decollatio	REVIEW
ოდესიგი	ოდესიგი	3	2	3.7	mrav-john-baptist-decollatio|mrav-timote-1	REVIEW
ისრაელისასა	ისრაელისასა	3	3	5.6	mrav-kharbeba-1|mrav-kharbeba-2|mrav-timote-1	REVIEW
სუფევისა	სუფევისა	3	3	5.6	mrav-epiphane-mary|mrav-kharbeba-1|mrav-toma-chrysostom	REVIEW
მხოლოჲსაგან	მხოლოისაგან	3	2	3.7	mrav-kharbeba-1|mrav-kharbeba-3	REVIEW
იდვას	იდვას	3	3	5.6	mrav-kharbeba-1|mrav-kharbeba-3|mrav-martyrs-chrysostom-2	REVIEW
მჴევლისა	მხევლისა	3	3	5.6	mrav-chrysostom-jonah|mrav-kharbeba-1|mrav-kharbeba-3	REVIEW
გუამისაგან	გუამისაგან	3	3	5.6	mrav-kharbeba-1|mrav-kharbeba-3|mrav-toma-chrysostom	REVIEW
სასყიდლისა	სასყიდლისა	3	3	5.6	mrav-kharbeba-1|mrav-kharbeba-2|mrav-kharbeba-3	REVIEW
გმოსიეს	გმოსიეს	3	2	3.7	cyril-epiphany-homily|mrav-kharbeba-2	REVIEW
ეძიებს	ეძიებს	3	3	5.6	mrav-kharbeba-2|mrav-natlisgeba-okropiri|mrav-sulthmofenoba-2	REVIEW
ცხოვრების	ცხოვრების	3	3	5.6	mrav-epiphane-mary|mrav-kharbeba-2|proclus-hom-theotokos	REVIEW
უკეთუ	უკეთუ	3	3	5.6	inventio-stephani-lucian|mrav-epiphane-mary|mrav-kharbeba-2	REVIEW
ენისაგან	ენისაგან	3	2	3.7	inventio-stephani-lucian|mrav-kharbeba-2	REVIEW
სავსენი	სავსენი	3	3	5.6	mrav-kharbeba-2|mrav-kharbeba-3|mrav-natlisgeba-1	REVIEW
ბჭისა	ბჭისა	3	3	5.6	mart-stepane|mrav-kharbeba-2|proclus-hom-theotokos	REVIEW
სავანესა	სავანესა	3	3	5.6	mrav-kharbeba-2|mrav-paul-martyrdom|mrav-shoba-athanasi	REVIEW
მყვენ	მყვენ	3	3	5.6	mrav-kharbeba-2|mrav-paul-martyrdom|mrav-toma-chrysostom	REVIEW
მთავრობისა	მთავრობისა	3	3	5.6	inventio-stephani-lucian|mrav-kharbeba-3|mrav-paul-martyrdom	REVIEW
გურწმენა	გურწმენა	3	2	3.7	mrav-kharbeba-3|mrav-nails-inventio	REVIEW
მყვნა	მყვნა	3	3	5.6	mrav-kharbeba-3|mrav-martyrs-chrysostom|mrav-martyrs-chrysostom-3	REVIEW
ვისწრაფოთ	ვისწრაფოთ	3	1	1.9	mrav-kharbeba-3	REVIEW
ეხარა	ეხარა	3	3	5.6	mrav-kharbeba-3|mrav-shoba-athanasi|proclus-hom-theotokos	REVIEW
ღმერთ	ღმერთ	3	1	1.9	mrav-kharbeba-3	REVIEW
ორკერძოვე	ორკერძოვე	3	3	5.6	mrav-kharbeba-3|mrav-sulthmofenoba-2|proclus-hom-theotokos	REVIEW
შვილთ	შვილთ	3	1	1.9	mrav-lazare	REVIEW
ნელსაცხებლისა	ნელსაცხებლისა	3	2	3.7	mrav-lazare|mrav-natlisgeba-okropiri	REVIEW
ხილე	იხილე	3	3	5.6	mrav-chrysostom-jonah|mrav-epiphane-mary|mrav-lazare	REVIEW
ღჳნისა	ღვნისა	3	3	5.6	ephr-markhva|mrav-lazare|mrav-martyrs-chrysostom-3	REVIEW
სახლისა	სახლისა	3	3	5.6	mrav-lazare|mrav-sulthmofenoba-2|mrav-toma-chrysostom	REVIEW
სიფიცხლისაგან	სიფიცხლისაგან	3	1	1.9	mrav-lazare	REVIEW
წყალობად	წყალობად	3	1	1.9	mrav-lazare	REVIEW
წყლისაჲ	წყლისაი	3	2	3.7	mrav-epiphane-mary|mrav-lazare	REVIEW
ძეს	ძეს	3	2	3.7	cyril-epiphany-homily|mrav-lazare	REVIEW
იპოოს	იპოოს	3	3	5.6	cyril-epiphany-homily|mrav-chrysostom-jonah|mrav-sulthmofenoba-2	REVIEW
მარხვისა	მარხვისა	3	2	3.7	ephr-markhva|mrav-chrysostom-jonah	REVIEW
მარხვისასა	მარხვისასა	3	1	1.9	mrav-chrysostom-jonah	REVIEW
სემდგომად	სემდგომად	3	1	1.9	mrav-chrysostom-jonah	REVIEW
სემძლებელ	სემძლებელ	3	2	3.7	cyril-epiphany-homily|mrav-chrysostom-jonah	REVIEW
მენავენი	მენავენი	3	2	3.7	mrav-chrysostom-jonah|mrav-sinai-fathers-amonios	REVIEW
უვარის	უვარის	3	3	5.6	mrav-martyrs-chrysostom-2|mrav-martyrs-chrysostom-3|mrav-shoba-athanasi	REVIEW
სცემს	სცემს	3	3	5.6	chrys-epiphany-homily|mrav-martyrs-chrysostom-2|proclus-hom-theotokos	REVIEW
ჩინებულ	ჩინებულ	3	3	5.6	cyril-epiphany-homily|mrav-martyrs-chrysostom-3|mrav-sulthmofenoba-2	REVIEW
იძლია	იძლია	3	3	5.6	mrav-martyrs-chrysostom|mrav-martyrs-chrysostom-3|mrav-natlisgeba-1	REVIEW
მღჳძარებითა	მღვძარებითა	3	3	5.6	hesych-hypapante-01|mrav-martyrs-chrysostom-3|mrav-sinai-fathers-amonios	REVIEW
მყვენინ	მყვენინ	3	3	5.6	mrav-martyrs-chrysostom|mrav-martyrs-chrysostom-3|mrav-toma-chrysostom	REVIEW
მცუმელნი	მცუმელნი	3	1	1.9	mrav-martyrs-chrysostom	REVIEW
ორთავე	ორთავე	3	3	5.6	mrav-epiphane-mary|mrav-martyrs-chrysostom|mrav-sinai-fathers-amonios	REVIEW
ევაჲსგან	ევაისგან	3	2	3.7	hesych-hypapante-01|mrav-epiphane-mary	REVIEW
მეზუერენი	მეზუერენი	3	3	5.6	cyril-epiphany-homily|hesych-hypapante-01|mrav-shoba-athanasi	REVIEW
ჩნდა	ჩნდა	3	1	1.9	mrav-timote-1	REVIEW
მაგან	მაგან	3	2	3.7	mrav-sulthmofenoba-2|mrav-timote-1	REVIEW
ითხოვე	ითხოვე	3	3	5.6	mrav-sinai-fathers-amonios|mrav-timote-1|mrav-toma-chrysostom	REVIEW
ეგონა	ეგონა	3	3	5.6	chrys-epiphany-homily|mrav-shoba-athanasi|mrav-timote-1	REVIEW
მეძიებთ	მეძიებთ	3	2	3.7	mrav-sinai-fathers-amonios|mrav-timote-1	REVIEW
იღებენ	იღებენ	3	1	1.9	mrav-natlisgeba-okropiri	REVIEW
სდგა	სდგა	3	3	5.6	cyril-epiphany-homily|inventio-stephani-lucian|mrav-natlisgeba-okropiri	REVIEW
უფლისამან	უფლისამან	3	1	1.9	mrav-natlisgeba-okropiri	REVIEW
იკადრებდა	იკადრებდა	3	2	3.7	mrav-natlisgeba-1|mrav-shoba-athanasi	REVIEW
გიხილე	გიხილე	3	2	3.7	mrav-natlisgeba-1|mrav-toma-chrysostom	REVIEW
ჩემისაგან	ჩემისაგან	3	3	5.6	mrav-natlisgeba-1|mrav-paul-martyrdom|mrav-sulthmofenoba-2	REVIEW
ნათესავისათჳს	ნათესავისათვს	3	2	3.7	mrav-natlisgeba-1|proclus-hom-theotokos	REVIEW
ცოდვილთათჳს	ცოდვილთათვს	3	3	5.6	mrav-epiphane-mary|mrav-natlisgeba-1|proclus-hom-theotokos	REVIEW
წყლისაგან	წყლისაგან	3	2	3.7	cyril-epiphany-homily|mrav-sinai-fathers-amonios	REVIEW
ეძლო	ეძლო	3	3	5.6	cyril-epiphany-homily|mrav-sinai-fathers-amonios|proclus-hom-theotokos	REVIEW
ნათლისათჳს	ნათლისათვს	3	1	1.9	mrav-new-sunday	REVIEW
მართალთაჲ	მართალთაი	3	3	5.6	inventio-stephani-lucian|mrav-epiphane-mary|mrav-new-sunday	REVIEW
ეგჳპტეს	ეგვპტეს	3	2	3.7	mrav-new-sunday|mrav-shoba-athanasi	REVIEW
ვევედრნეთ	ვევედრნეთ	3	3	5.6	mrav-paul-martyrdom|mrav-peter-martyrdom|mrav-sinai-fathers-amonios	REVIEW
პატროკლე	პატროკლე	3	1	1.9	mrav-paul-martyrdom	REVIEW
ლონგონ	ლონგონ	3	1	1.9	mrav-paul-martyrdom	REVIEW
ტიტეს	ტიტეს	3	1	1.9	mrav-paul-martyrdom	REVIEW
ლუკას	ლუკას	3	1	1.9	mrav-paul-martyrdom	REVIEW
საშოჲსაგან	საშოისაგან	3	2	3.7	mrav-shoba-athanasi|proclus-hom-theotokos	REVIEW
ვენაჴისაჲ	ვენახისაი	3	2	3.7	mrav-shoba-athanasi|mrav-sulthmofenoba-2	REVIEW
ეშმაკისაგან	ეშმაკისაგან	3	3	5.6	mrav-epiphane-mary|mrav-shoba-athanasi|mrav-sulthmofenoba-2	REVIEW
ჰფარვიდა	ჰფარვიდა	3	2	3.7	mrav-shoba-athanasi|proclus-hom-theotokos	REVIEW
ვედრებად	ვედრებად	3	3	5.6	inventio-stephani-lucian|mrav-sinai-fathers-amonios|proclus-hom-theotokos	REVIEW
წმიდათაჲსა	წმიდათაისა	3	2	3.7	mrav-sinai-fathers-amonios|proclus-hom-theotokos	REVIEW
ვსცე	ვსცე	3	3	5.6	mart-stepane|mrav-sinai-fathers-amonios|mrav-toma-chrysostom	REVIEW
სამეოც	სამეოც	3	2	3.7	inventio-stephani-lucian|mrav-sinai-fathers-amonios	REVIEW
ფარანელნი	ფარანელნი	3	1	1.9	mrav-sinai-fathers-amonios	REVIEW
მარხვისათა	მარხვისათა	3	1	1.9	mrav-sinai-fathers-amonios	REVIEW
კულიზმად	კულიზმად	3	1	1.9	mrav-sinai-fathers-amonios	REVIEW
კიდესა	კიდესა	3	1	1.9	mrav-sinai-fathers-amonios	REVIEW
კადნიერ	კადნიერ	3	1	1.9	mrav-sinai-fathers-amonios	REVIEW
მდებარენი	მდებარენი	3	1	1.9	mrav-sinai-fathers-amonios	REVIEW
ვიწყე	ვიწყე	3	2	3.7	inventio-stephani-lucian|mrav-sinai-fathers-amonios	REVIEW
ობედიანოს	ობედიანოს	3	1	1.9	mrav-sinai-fathers-amonios	REVIEW
სტეფანჱსი	სტეფანესი	3	2	3.7	inventio-stephani-lucian|mart-stepane	REVIEW
სტეფანჱსთა	სტეფანესთა	3	1	1.9	inventio-stephani-lucian	REVIEW
სტეფანჱსსა	სტეფანესსა	3	2	3.7	inventio-stephani-lucian|mart-stepane	REVIEW
პარასკევსა	პარასკევსა	3	2	3.7	inventio-stephani-lucian|mart-stepane	REVIEW
ვიკადრე	ვიკადრე	3	1	1.9	inventio-stephani-lucian	REVIEW
კიშტენი	კიშტენი	3	1	1.9	inventio-stephani-lucian	REVIEW
ერტი	ერტი	3	1	1.9	inventio-stephani-lucian	REVIEW
თქუენისათჳს	თქუენისათვს	3	2	3.7	inventio-stephani-lucian|mrav-toma-chrysostom	REVIEW
ენად	ენად	3	2	3.7	inventio-stephani-lucian|mrav-sulthmofenoba-1	REVIEW
პოლატე	პოლატე	3	1	1.9	mart-stepane	REVIEW
იწოდა	იწოდა	3	1	1.9	mart-stepane	REVIEW
ქვისა	ქვისა	3	1	1.9	mart-stepane	REVIEW
წინაწარმეტყუელებდენ	წინაწარმეტყუელებდენ	3	2	3.7	mrav-sulthmofenoba-1|mrav-sulthmofenoba-2	REVIEW
ყოვლით	ყოვლით	3	2	3.7	mrav-sulthmofenoba-2|mrav-toma-chrysostom	REVIEW
კერძოვე	კერძოვე	3	2	3.7	mrav-sulthmofenoba-2|mrav-toma-chrysostom	REVIEW
